"Name","Team","W","L","SV","HLD","ERA","GS","G","IP","H","ER","HR","SO","BB","WHIP","K/9","BB/9","FIP","WAR","playerid"
"Aroldis Chapman","Reds","5","2","39","1","1.67","0","65","65.0","34","12","5","115","26","0.92","15.93","3.63","1.84","2.5","10233"
"Craig Kimbrel","Braves","4","2","39","1","1.87","0","65","65.0","40","13","4","100","23","0.96","13.80","3.13","1.98","2.3","6655"
"Kenley Jansen","Dodgers","4","1","6","12","2.27","0","55","55.0","37","14","4","79","16","0.98","12.94","2.65","2.29","1.1","3096"
"Greg Holland","Royals","4","2","37","1","2.37","0","65","65.0","46","17","4","87","22","1.06","12.01","3.11","2.40","1.9","7196"
"Clayton Kershaw","Dodgers","18","7","0","0","2.24","32","32","221.0","169","55","15","251","48","0.98","10.22","1.94","2.43","6.4","2036"
"Sean Doolittle","Athletics","4","2","28","4","2.37","0","55","55.0","41","14","5","67","13","0.99","11.02","2.14","2.57","1.0","1581"
"Jake McGee","Rays","4","2","38","2","2.44","0","65","65.0","48","18","5","81","19","1.03","11.27","2.57","2.57","1.7","7550"
"Mark Melancon","Pirates","4","2","40","1","2.59","0","65","65.0","57","19","4","63","13","1.07","8.72","1.82","2.70","1.3","4264"
"Andrew Miller","Yankees","5","3","6","14","2.59","0","65","65.0","44","19","6","95","26","1.08","13.20","3.62","2.73","1.4","6785"
"Felix Hernandez","Mariners","15","8","0","0","2.79","32","32","217.0","184","67","16","224","47","1.06","9.29","1.94","2.73","5.1","4772"
"Dellin Betances","Yankees","3","2","34","4","2.63","0","65","65.0","46","19","5","88","26","1.11","12.18","3.63","2.75","1.6","6216"
"Max Scherzer","Nationals","16","8","0","0","2.80","32","32","211.0","169","66","18","244","57","1.07","10.41","2.41","2.78","4.9","3137"
"David Robertson","White Sox","4","2","25","6","2.99","0","65","65.0","51","22","6","84","23","1.14","11.67","3.14","2.82","1.4","8241"
"Joaquin Benoit","Padres","4","3","37","3","2.64","0","65","65.0","50","19","5","77","20","1.07","10.60","2.76","2.82","1.3","1437"
"Corey Kluber","Indians","15","9","0","0","3.06","32","32","212.0","187","72","17","227","48","1.11","9.60","2.05","2.84","5.0","2429"
"Steve Cishek","Marlins","5","3","39","1","2.91","0","65","65.0","54","21","4","73","23","1.17","10.11","3.12","2.86","1.1","6483"
"Koji Uehara","Red Sox","5","2","20","9","2.57","0","65","65.0","52","19","7","76","12","0.98","10.46","1.64","2.86","1.5","9227"
"Trevor Rosenthal","Cardinals","4","2","42","1","2.73","0","65","65.0","49","20","4","82","26","1.16","11.40","3.66","2.86","1.3","10745"
"Wade Davis","Royals","5","2","1","15","2.69","0","65","65.0","51","19","5","76","23","1.13","10.52","3.15","2.90","1.2","7441"
"Jose Fernandez","Marlins","7","4","0","0","2.89","16","16","99.0","79","32","7","109","34","1.14","9.87","3.11","2.94","2.0","11530"
"Stephen Strasburg","Nationals","14","8","0","0","3.01","31","31","191.0","162","64","18","211","47","1.10","9.98","2.21","2.95","3.9","10131"
"Brad Boxberger","Rays","4","2","3","14","2.74","0","65","65.0","46","20","6","88","26","1.11","12.15","3.63","2.97","1.0","10133"
"Hunter Strickland","Giants","1","1","0","1","2.91","0","25","25.0","21","8","2","26","7","1.12","9.29","2.36","2.97","0.1","7836"
"Ken Giles","Phillies","4","3","2","14","2.95","0","65","65.0","50","21","6","83","26","1.16","11.48","3.61","3.00","1.1","12910"
"Shawn Kelley","Padres","3","3","2","16","3.04","0","55","55.0","45","19","5","65","20","1.17","10.56","3.28","3.01","0.7","7773"
"Chris Sale","White Sox","15","8","0","0","2.96","32","32","216.0","181","71","21","244","52","1.08","10.14","2.16","3.02","5.1","10603"
"Madison Bumgarner","Giants","15","10","0","0","2.89","32","32","211.0","179","68","18","208","50","1.09","8.89","2.14","3.07","3.9","5524"
"Matt Harvey","Mets","10","7","0","0","3.07","28","28","173.0","145","59","13","174","51","1.13","9.07","2.65","3.08","3.5","11713"
"Jason Grilli","Braves","3","3","2","15","3.02","0","65","65.0","53","22","6","76","22","1.16","10.54","3.05","3.09","1.1","521"
"Danny Farquhar","Mariners","3","2","0","14","3.04","0","55","55.0","46","19","4","61","19","1.18","9.93","3.11","3.09","0.5","8501"
"Aaron Barrett","Nationals","3","2","0","18","3.16","0","55","55.0","47","19","4","58","20","1.21","9.49","3.27","3.11","0.6","11243"
"Kelvin Herrera","Royals","4","2","1","15","2.99","0","55","55.0","46","18","4","56","19","1.17","9.16","3.05","3.11","0.7","6033"
"Glen Perkins","Twins","3","3","34","1","3.22","0","65","65.0","57","23","6","70","17","1.13","9.75","2.29","3.12","1.2","8041"
"Adam Wainwright","Cardinals","14","9","0","0","3.12","29","29","197.0","182","68","15","166","42","1.14","7.61","1.91","3.13","3.5","2233"
"Zack Wheeler","Mets","0","0","0","0","0.00","0","0","0.0","0","0","0","0","0","0.00","0.00","0.00","3.13","0.0","10310"
"Tony Watson","Pirates","4","3","2","16","2.96","0","65","65.0","56","21","5","64","17","1.12","8.81","2.32","3.14","0.8","3132"
"Jordan Walden","Cardinals","4","3","1","17","3.12","0","65","65.0","52","23","5","76","28","1.22","10.50","3.83","3.16","0.8","3271"
"Zack Greinke","Dodgers","14","9","0","0","3.04","32","32","202.0","181","68","18","189","46","1.12","8.40","2.05","3.16","3.8","1943"
"Carter Capps","Marlins","1","1","0","1","3.27","0","25","25.0","21","9","2","28","9","1.21","10.18","3.22","3.16","0.0","12803"
"Cody Allen","Indians","4","3","38","2","3.14","0","65","65.0","53","23","6","79","25","1.20","10.90","3.41","3.19","0.9","12183"
"Yimi Garcia","Dodgers","2","1","3","3","3.13","0","30","30.0","25","10","3","32","9","1.14","9.60","2.65","3.20","0.1","12095"
"Phil Hughes","Twins","14","11","0","0","3.66","32","32","205.0","209","83","21","175","26","1.15","7.69","1.16","3.21","4.0","7450"
"Will Smith","Brewers","3","2","0","16","3.22","0","55","55.0","46","20","5","65","20","1.20","10.70","3.22","3.21","0.6","8048"
"Sergio Romo","Giants","5","4","11","12","3.00","0","65","65.0","56","22","6","64","16","1.10","8.85","2.18","3.23","0.7","9817"
"Junichi Tazawa","Red Sox","4","3","10","12","3.28","0","65","65.0","58","24","6","65","18","1.18","8.99","2.53","3.23","0.7","4079"
"David Price","Tigers","15","9","0","0","3.45","32","32","220.0","211","84","23","209","42","1.15","8.55","1.71","3.24","4.1","3184"
"Garrett Richards","Angels","12","8","0","0","3.28","29","29","176.0","156","64","11","160","57","1.21","8.17","2.93","3.24","3.2","9784"
"Charlie Furbush","Mariners","4","3","0","16","3.15","0","55","55.0","45","19","5","62","18","1.15","10.21","2.99","3.24","0.5","1370"
"James Shields","Padres","12","11","0","0","3.26","32","32","217.0","200","78","18","194","51","1.16","8.07","2.13","3.25","3.9","7059"
"Pedro Strop","Cubs","4","3","3","16","3.18","0","65","65.0","53","23","4","71","28","1.24","9.86","3.84","3.25","0.8","4070"
"Fernando Rodney","Mariners","4","3","40","2","3.26","0","65","65.0","55","24","5","70","27","1.26","9.66","3.77","3.26","0.7","494"
"Brett Cecil","Blue Jays","4","3","36","2","3.29","0","65","65.0","55","24","6","75","25","1.23","10.36","3.51","3.26","0.8","2660"
"Jon Lester","Cubs","15","10","0","0","3.18","32","32","214.0","195","76","19","199","55","1.17","8.36","2.32","3.27","4.3","4930"
"Cliff Lee","Phillies","2","2","0","0","3.44","5","5","31.0","30","12","3","28","5","1.13","8.15","1.46","3.27","0.6","1636"
"Hyun-Jin Ryu","Dodgers","11","7","0","0","3.29","24","24","147.0","137","54","13","129","34","1.17","7.89","2.11","3.27","2.4","14444"
"Mike Dunn","Marlins","4","3","1","16","3.23","0","55","55.0","46","20","4","61","23","1.25","9.91","3.75","3.27","0.6","9948"
"John Holdzkom","Pirates","2","1","0","3","3.18","0","30","30.0","24","11","2","35","14","1.27","10.54","4.29","3.28","0.1","9392"
"Jordan Zimmermann","Nationals","13","8","0","0","3.19","31","31","191.0","180","68","17","160","35","1.13","7.54","1.64","3.28","3.5","4505"
"Chris Hatcher","Dodgers","3","2","7","14","3.33","0","55","55.0","48","20","5","56","16","1.17","9.21","2.63","3.29","0.4","3299"
"Tyson Ross","Padres","11","10","0","0","3.33","28","28","169.0","147","63","12","167","62","1.23","8.89","3.27","3.29","2.7","7872"
"Francisco Liriano","Pirates","12","9","0","0","3.40","29","29","169.0","144","64","12","176","69","1.26","9.32","3.68","3.29","2.6","3201"
"Xavier Cedeno","Nationals","2","1","0","6","3.20","0","35","35.0","30","12","3","37","13","1.23","9.64","3.40","3.30","0.0","36"
"Anibal Sanchez","Tigers","11","7","0","0","3.55","28","28","163.0","153","64","14","145","42","1.20","8.02","2.34","3.31","2.8","3284"
"Jake Diekman","Phillies","3","3","2","14","3.40","0","55","55.0","44","21","4","67","28","1.32","11.00","4.62","3.31","0.5","5003"
"Carlos Carrasco","Indians","9","8","0","0","3.62","28","28","162.0","152","65","14","153","46","1.22","8.48","2.55","3.31","2.7","6632"
"Gerrit Cole","Pirates","12","9","0","0","3.44","29","29","177.0","163","68","14","164","51","1.21","8.34","2.62","3.32","2.8","13125"
"Hector Rondon","Cubs","4","3","40","1","3.41","0","65","65.0","58","25","5","63","22","1.22","8.78","2.99","3.32","0.8","2391"
"Bobby Parnell","Mets","4","4","19","9","3.41","0","65","65.0","60","25","5","57","20","1.24","7.87","2.75","3.33","0.6","9926"
"Joakim Soria","Tigers","4","2","14","10","3.43","0","65","65.0","60","25","6","63","19","1.21","8.79","2.58","3.34","0.9","6941"
"George Kontos","Giants","2","2","0","5","3.20","0","35","35.0","31","12","3","32","11","1.19","8.35","2.70","3.34","0.0","9486"
"Nick Vincent","Padres","3","2","0","11","3.24","0","45","45.0","39","16","4","45","14","1.18","9.05","2.79","3.35","0.2","7555"
"Josh Fields","Astros","3","2","0","10","3.51","0","45","45.0","39","18","5","50","16","1.22","10.10","3.19","3.35","0.3","5070"
"Jonathan Papelbon","Phillies","4","3","35","2","3.30","0","65","65.0","58","24","6","63","17","1.14","8.74","2.31","3.36","0.9","5975"
"Brandon McCarthy","Dodgers","12","10","0","0","3.57","29","29","179.0","178","71","18","153","32","1.17","7.74","1.59","3.36","2.7","4662"
"Masahiro Tanaka","Yankees","11","8","0","0","3.40","24","24","158.0","145","60","17","146","32","1.12","8.29","1.79","3.37","2.9","15764"
"Jacob deGrom","Mets","9","9","0","0","3.50","28","28","165.0","151","64","14","151","50","1.22","8.26","2.72","3.37","2.6","10954"
"Kevin Jepsen","Rays","2","2","0","13","3.30","0","55","55.0","46","20","5","58","21","1.21","9.52","3.40","3.37","0.3","6475"
"Noah Syndergaard","Mets","6","5","0","0","3.54","16","16","93.0","84","37","9","95","28","1.20","9.16","2.68","3.37","1.5","sa548169"
"Antonio Bastardo","Pirates","4","3","0","14","3.17","0","55","55.0","44","19","5","62","25","1.25","10.22","4.03","3.38","0.3","8844"
"Alex Wood","Braves","11","10","0","0","3.38","29","29","174.0","158","66","15","164","54","1.21","8.49","2.76","3.39","2.6","13781"
"Yusmeiro Petit","Giants","5","5","4","9","3.42","10","55","101.0","93","38","11","94","22","1.14","8.32","1.98","3.40","1.0","4020"
"Drew Storen","Nationals","3","3","43","2","3.30","0","65","65.0","60","24","6","58","17","1.19","8.05","2.41","3.40","0.6","6983"
"Matt Thornton","Nationals","2","1","0","9","3.25","0","40","40.0","38","14","3","32","11","1.22","7.17","2.47","3.40","0.1","1918"
"Brandon Maurer","Padres","3","3","4","15","3.54","0","65","65.0","60","26","5","59","20","1.24","8.18","2.83","3.41","0.6","4878"
"Alex Cobb","Rays","8","7","0","0","3.35","21","21","126.0","115","47","10","112","39","1.22","7.97","2.75","3.41","1.9","6562"
"Joe Smith","Angels","5","3","4","14","3.15","0","65","65.0","58","23","5","57","19","1.18","7.95","2.69","3.41","0.5","3281"
"Cole Hamels","Phillies","12","11","0","0","3.40","32","32","216.0","195","82","22","208","56","1.16","8.70","2.33","3.42","3.5","4972"
"Kevin Quackenbush","Padres","3","3","0","14","3.40","0","55","55.0","48","21","4","55","23","1.28","8.93","3.72","3.42","0.3","12360"
"Addison Reed","Diamondbacks","4","3","7","14","3.43","0","65","65.0","57","25","7","68","18","1.16","9.45","2.56","3.42","0.7","10586"
"Justin Grimm","Cubs","2","2","0","6","3.48","0","35","35.0","31","14","3","34","13","1.25","8.80","3.24","3.43","0.0","11720"
"Samuel Tuivailala","Cardinals","0","0","0","1","3.39","0","10","10.0","8","4","1","12","5","1.31","10.65","4.62","3.43","0.0","13485"
"Gio Gonzalez","Nationals","11","8","0","0","3.45","28","28","162.0","141","62","13","159","61","1.25","8.87","3.39","3.44","2.4","7448"
"Jeremy Affeldt","Giants","3","3","9","13","3.32","0","55","55.0","51","20","3","43","19","1.27","6.99","3.11","3.44","0.2","583"
"Kevin Siegrist","Cardinals","2","1","0","6","3.25","0","35","35.0","28","13","3","40","15","1.24","10.38","3.92","3.44","0.1","8180"
"Brett Anderson","Dodgers","5","4","0","0","3.55","13","13","72.0","68","29","5","60","23","1.26","7.50","2.84","3.45","1.0","8223"
"Neil Ramirez","Cubs","3","2","0","14","3.26","0","55","55.0","44","20","5","64","24","1.24","10.46","3.89","3.45","0.4","7677"
"Craig Stammen","Nationals","4","3","4","17","3.46","0","65","65.0","61","25","5","56","19","1.24","7.77","2.66","3.45","0.5","7274"
"Evan Marshall","Diamondbacks","3","2","5","9","3.46","0","45","45.0","40","17","3","44","17","1.28","8.80","3.41","3.45","0.2","12297"
"Paco Rodriguez","Dodgers","3","2","4","8","3.32","0","40","40.0","33","15","4","44","16","1.23","9.93","3.69","3.45","0.1","13398"
"Andrew Cashner","Padres","9","10","0","0","3.53","28","28","163.0","154","64","13","133","44","1.22","7.35","2.45","3.46","2.2","8782"
"Hisashi Iwakuma","Mariners","13","10","0","0","3.39","32","32","204.0","192","77","22","168","37","1.12","7.43","1.64","3.46","3.0","13048"
"Neal Cotts","Brewers","1","1","0","1","3.35","0","20","20.0","17","7","2","21","7","1.23","9.37","3.26","3.46","0.0","1797"
"Jenrry Mejia","Mets","4","4","22","9","3.55","0","65","65.0","59","26","6","66","24","1.27","9.15","3.26","3.47","0.4","8476"
"Ryan Cook","Athletics","4","3","0","15","3.27","0","65","65.0","54","24","5","66","26","1.23","9.19","3.60","3.48","0.4","8855"
"Jean Machi","Giants","2","2","0","8","3.32","0","40","40.0","36","15","3","33","12","1.20","7.40","2.66","3.48","0.0","3220"
"Michael Wacha","Cardinals","9","7","0","0","3.41","26","26","149.0","134","57","14","137","44","1.20","8.25","2.68","3.48","2.1","14078"
"Johnny Cueto","Reds","15","10","0","0","3.09","31","31","205.0","176","70","20","190","53","1.12","8.32","2.34","3.48","3.4","6893"
"Evan Scribner","Athletics","2","1","0","3","3.44","0","30","30.0","27","11","3","29","8","1.17","8.61","2.41","3.49","0.0","7525"
"Adam Ottavino","Rockies","3","2","6","13","3.63","0","65","65.0","60","26","7","67","22","1.26","9.34","3.06","3.50","0.7","1247"
"Seth Maness","Cardinals","3","3","0","15","3.39","0","55","55.0","55","21","5","38","11","1.20","6.16","1.74","3.51","0.2","12235"
"Mike Morin","Angels","3","2","0","10","3.50","0","45","45.0","41","18","4","40","13","1.21","8.07","2.61","3.51","0.2","13442"
"Matt Belisle","Cardinals","4","3","0","18","3.52","0","55","55.0","54","22","4","43","15","1.24","6.98","2.44","3.52","0.2","1837"
"Danny Salazar","Indians","8","7","0","0","3.65","21","21","118.0","104","48","13","129","39","1.22","9.83","2.95","3.52","1.9","5867"
"Joel Peralta","Dodgers","4","3","8","14","3.38","0","65","65.0","56","24","8","69","20","1.17","9.61","2.81","3.52","0.6","2332"
"Zach Duke","White Sox","3","3","8","12","3.63","0","65","65.0","61","26","7","65","21","1.25","9.05","2.90","3.52","0.5","3840"
"David Hernandez","Diamondbacks","1","0","0","1","3.25","0","10","10.0","8","4","1","11","4","1.19","10.15","3.28","3.53","0.0","4259"
"Kyle Crockett","Indians","2","2","0","8","3.57","0","40","40.0","38","16","4","37","12","1.25","8.28","2.70","3.53","0.1","15033"
"Zach Britton","Orioles","3","2","37","2","3.24","0","65","65.0","58","23","5","56","23","1.24","7.74","3.20","3.54","0.5","3240"
"Jaime Garcia","Cardinals","3","3","0","0","3.65","10","10","57.0","56","23","6","48","14","1.22","7.53","2.25","3.54","0.7","8137"
"Corey Knebel","Brewers","1","1","0","1","3.46","0","15","15.0","12","6","1","18","7","1.27","10.51","4.00","3.54","0.0","15010"
"Casey Kelly","Padres","1","1","0","1","3.66","0","25","25.0","24","10","2","21","7","1.25","7.55","2.41","3.54","0.0","9174"
"Lance Lynn","Cardinals","13","10","0","0","3.46","31","31","183.0","166","70","15","170","64","1.25","8.36","3.14","3.54","2.6","2520"
"Oliver Perez","Diamondbacks","3","3","7","12","3.35","0","55","55.0","46","20","6","64","23","1.25","10.47","3.78","3.54","0.4","1514"
"Erik Cordier","Giants","2","2","0","3","3.39","0","30","30.0","24","11","2","34","16","1.33","10.27","4.82","3.54","0.0","4086"
"Jeurys Familia","Mets","3","2","2","15","3.42","0","55","55.0","48","21","4","54","23","1.30","8.76","3.81","3.55","0.2","5114"
"Blake Treinen","Nationals","3","3","0","12","3.57","2","47","54.0","55","22","4","40","13","1.25","6.65","2.20","3.55","0.2","12572"
"Jerry Blevins","Mets","2","2","0","10","3.34","0","45","45.0","38","17","4","45","16","1.21","9.07","3.23","3.56","0.1","7841"
"Brandon Morrow","Padres","6","7","0","1","3.70","16","31","107.0","98","44","10","100","39","1.27","8.47","3.25","3.56","1.1","9346"
"Dominic Leone","Mariners","2","2","0","3","3.46","0","30","30.0","26","12","3","29","11","1.26","8.73","3.44","3.56","0.0","13763"
"Aaron Kurcz","Braves","0","1","0","1","3.65","0","10","10.0","8","4","1","11","5","1.32","9.66","4.21","3.56","0.0","sa549903"
"R.J. Alvarez","Athletics","2","1","0","10","3.33","0","45","45.0","37","17","4","49","21","1.27","9.83","4.11","3.57","0.2","13401"
"Carlos Martinez","Cardinals","9","8","0","0","3.74","23","23","128.0","123","53","9","109","46","1.31","7.65","3.22","3.58","1.7","11682"
"Carson Smith","Mariners","2","2","0","8","3.50","0","40","40.0","36","16","3","37","15","1.27","8.36","3.39","3.59","0.1","13172"
"Randy Choate","Cardinals","3","2","0","11","3.52","0","45","45.0","41","18","3","38","16","1.25","7.59","3.13","3.59","0.1","813"
"Tyler Clippard","Athletics","5","3","12","12","3.07","0","65","65.0","51","22","7","70","24","1.16","9.73","3.37","3.59","0.6","5640"
"Matt Reynolds","Diamondbacks","0","0","0","1","3.59","0","10","10.0","10","4","1","9","3","1.24","7.68","2.57","3.59","0.0","8887"
"Sonny Gray","Athletics","13","10","0","0","3.53","32","32","198.0","184","78","15","167","69","1.28","7.57","3.13","3.60","2.5","12768"
"Luke Gregerson","Astros","4","4","27","5","3.59","0","65","65.0","61","26","7","60","18","1.22","8.28","2.51","3.60","0.6","4090"
"Sergio Santos","Dodgers","1","1","2","1","3.79","0","25","25.0","21","11","2","27","11","1.29","9.57","3.93","3.60","0.0","4734"
"Jake Arrieta","Cubs","11","9","0","0","3.62","29","29","173.0","154","70","16","167","63","1.25","8.68","3.26","3.61","2.6","4153"
"Al Alburquerque","Tigers","3","2","1","15","3.69","0","55","55.0","47","23","6","63","24","1.29","10.38","3.91","3.61","0.2","6324"
"Carlos Villanueva","Cardinals","2","2","0","9","3.59","0","40","40.0","37","16","4","36","11","1.22","8.00","2.53","3.61","0.1","4138"
"Santiago Casilla","Giants","5","4","13","13","3.32","0","65","65.0","58","24","5","55","23","1.25","7.55","3.21","3.62","0.2","2873"
"Daniel Hudson","Diamondbacks","2","2","4","7","3.87","0","40","40.0","38","17","4","35","12","1.25","7.88","2.61","3.62","0.1","7146"
"Cam Bedrosian","Angels","1","1","0","3","3.61","0","30","30.0","25","12","3","33","14","1.32","9.90","4.30","3.62","0.1","13360"
"Luke Hochevar","Royals","3","3","0","13","3.36","0","55","55.0","48","21","6","54","16","1.17","8.76","2.63","3.63","0.2","6943"
"Drew Smyly","Rays","8","7","0","0","3.38","21","21","121.0","107","46","13","113","35","1.17","8.37","2.62","3.63","1.9","11760"
"Tommy Hunter","Orioles","3","2","1","16","3.41","0","55","55.0","51","21","6","46","12","1.14","7.54","1.91","3.63","0.3","1157"
"Dale Thayer","Padres","2","2","0","8","3.56","0","40","40.0","37","16","4","37","12","1.22","8.26","2.68","3.63","0.1","5032"
"Jose Dominguez","Rays","0","0","0","1","3.55","0","10","10.0","8","4","1","11","5","1.33","9.99","4.54","3.64","0.0","11571"
"Frank Garces","Padres","2","2","0","5","3.54","0","35","35.0","31","14","3","35","14","1.29","9.00","3.66","3.64","0.0","13144"
"Bryan Shaw","Indians","4","3","2","15","3.72","0","65","65.0","61","27","6","58","22","1.27","8.05","3.06","3.64","0.2","8110"
"Casey Janssen","Nationals","1","1","0","1","3.46","0","25","25.0","24","10","2","20","6","1.19","7.12","2.07","3.65","0.0","7355"
"Bruce Rondon","Tigers","2","2","0","10","3.82","0","45","45.0","40","19","4","48","20","1.34","9.54","4.08","3.65","0.1","5766"
"Scott Atchison","Indians","3","3","2","15","3.79","0","55","55.0","56","23","5","41","14","1.26","6.64","2.21","3.65","0.2","2642"
"Ian Kennedy","Padres","11","13","0","0","3.71","32","32","200.0","183","82","21","195","66","1.24","8.77","2.96","3.65","2.3","6986"
"John Lackey","Cardinals","12","10","0","0","3.60","31","31","184.0","178","74","20","151","41","1.19","7.39","2.02","3.65","2.4","1507"
"Mat Latos","Marlins","10","10","0","0","3.68","31","31","192.0","188","79","17","148","54","1.26","6.93","2.54","3.65","2.7","3815"
"Tim Hudson","Giants","9","10","0","0","3.77","28","28","170.0","175","71","14","114","40","1.26","6.01","2.11","3.65","1.7","921"
"Chad Qualls","Astros","2","3","6","13","4.01","0","55","55.0","57","25","5","43","14","1.28","7.06","2.22","3.65","0.2","2170"
"Vinnie Pestano","Angels","3","2","0","13","3.43","0","55","55.0","48","21","6","56","21","1.25","9.24","3.40","3.66","0.3","4782"
"Dallas Keuchel","Astros","13","12","0","0","3.77","32","32","215.0","218","90","18","160","59","1.29","6.69","2.47","3.66","2.8","9434"
"A.J. Ramos","Marlins","3","3","0","14","3.56","0","55","55.0","45","22","4","58","30","1.36","9.54","4.85","3.66","0.0","8350"
"Josh Johnson","Padres","3","4","0","0","3.92","10","10","56.0","54","24","5","48","18","1.30","7.76","2.97","3.66","0.7","4567"
"Darren O'Day","Orioles","4","3","3","15","3.18","0","65","65.0","55","23","7","66","18","1.12","9.07","2.52","3.66","0.5","3321"
"Doug Fister","Nationals","13","9","0","0","3.49","31","31","192.0","194","75","18","133","37","1.20","6.25","1.74","3.66","2.3","9425"
"Will Harris","Astros","2","2","0","5","3.75","0","35","35.0","32","15","4","37","13","1.29","9.39","3.37","3.66","0.0","3192"
"Fernando Salas","Angels","3","2","0","16","3.64","0","55","55.0","51","22","6","50","16","1.22","8.24","2.62","3.66","0.2","4971"
"Jeff Beliveau","Rays","2","1","0","5","3.39","0","35","35.0","29","13","3","37","16","1.30","9.57","4.08","3.66","0.0","8504"
"Tanner Roark","Nationals","6","5","0","15","3.48","6","61","95.0","92","37","9","69","20","1.19","6.55","1.93","3.67","0.7","8753"
"David Carpenter","Yankees","3","3","2","15","3.58","0","55","55.0","49","22","6","57","17","1.21","9.25","2.79","3.67","0.3","3959"
"Patrick Corbin","Diamondbacks","4","4","0","0","3.56","11","11","66.0","63","26","7","55","18","1.21","7.41","2.38","3.67","0.9","9323"
"Steven Matz","Mets","4","4","0","1","3.72","8","23","61.0","58","25","6","54","20","1.27","7.90","2.94","3.67","0.6","sa500832"
"Dan Otero","Athletics","3","2","0","15","3.51","0","55","55.0","57","21","4","32","12","1.25","5.23","1.92","3.68","0.1","7385"
"Jim Henderson","Brewers","2","2","0","3","3.75","0","30","30.0","26","12","3","34","12","1.27","10.10","3.67","3.68","0.1","6653"
"Scott Kazmir","Athletics","12","10","0","0","3.67","31","31","177.0","166","72","18","154","50","1.22","7.81","2.56","3.68","2.2","4897"
"Tony Sipp","Astros","3","3","0","12","3.57","0","55","55.0","46","22","6","62","22","1.24","10.14","3.58","3.68","0.3","8280"
"Vance Worley","Pirates","6","6","0","6","3.84","11","46","101.0","106","43","9","70","23","1.28","6.27","2.03","3.68","0.7","6435"
"Casey Fien","Twins","4","4","1","14","3.77","0","65","65.0","62","27","8","60","16","1.21","8.32","2.26","3.68","0.5","3926"
"Mike Bolsinger","Dodgers","1","1","1","1","3.65","0","20","20.0","19","8","2","18","7","1.28","8.11","3.03","3.68","0.0","11137"
"Jeff Samardzija","White Sox","12","11","0","0","3.91","32","32","208.0","199","90","25","202","57","1.23","8.75","2.48","3.68","3.0","3254"
"Huston Street","Angels","4","3","37","2","3.41","0","65","65.0","58","25","8","60","18","1.17","8.36","2.51","3.68","0.3","8258"
"Sam Dyson","Marlins","2","2","0","11","3.63","0","45","45.0","44","18","3","35","16","1.34","6.95","3.28","3.69","0.0","11710"
"Jose Quintana","White Sox","11","9","0","0","3.84","31","31","184.0","183","79","18","153","52","1.28","7.46","2.56","3.70","2.5","11423"
"Rick Porcello","Red Sox","13","10","0","0","3.79","32","32","196.0","201","82","18","138","46","1.26","6.33","2.09","3.70","2.4","2717"
"Joseph Donofrio","Cardinals","1","1","0","1","3.56","0","20","20.0","18","8","2","19","8","1.29","8.51","3.54","3.70","0.0","sa658836"
"Jumbo Diaz","Reds","3","3","3","15","3.55","0","65","65.0","56","26","6","65","26","1.26","9.05","3.54","3.70","0.3","3397"
"Pat Neshek","Astros","4","3","6","13","3.54","0","65","65.0","60","26","8","61","17","1.18","8.49","2.30","3.71","0.6","4682"
"Michael Tonkin","Twins","1","1","0","1","3.97","0","15","15.0","15","7","1","13","5","1.32","7.98","3.04","3.71","0.0","10315"
"A.J. Burnett","Pirates","11","11","0","0","3.98","29","29","184.0","176","82","14","160","71","1.34","7.79","3.45","3.71","1.8","512"
"Joe Nathan","Tigers","4","3","24","7","3.80","0","65","65.0","60","27","6","61","26","1.31","8.48","3.54","3.71","0.3","1122"
"Rafael Soriano"," ","3","3","0","0","3.53","0","65","65.0","60","25","7","58","21","1.24","7.99","2.89","3.72","0.3","1100"
"Jason Frasor","Royals","3","2","0","10","3.55","0","45","45.0","40","18","4","43","18","1.29","8.55","3.54","3.72","0.0","1906"
"Matt Shoemaker","Angels","13","10","0","0","3.72","32","32","198.0","193","82","22","157","42","1.19","7.14","1.92","3.72","2.3","4776"
"Andrew Mckirahan","Braves","1","2","0","3","3.68","0","30","30.0","28","12","3","27","11","1.30","8.15","3.32","3.72","0.0","sa577864"
"Justin Verlander","Tigers","14","11","0","0","3.83","32","32","209.0","202","89","21","178","62","1.26","7.66","2.66","3.72","2.9","8700"
"Julio Teheran","Braves","12","11","0","0","3.50","31","31","197.0","183","76","22","173","49","1.18","7.90","2.23","3.72","2.5","6797"
"Brad Ziegler","Diamondbacks","4","3","7","12","3.41","0","65","65.0","63","25","5","48","22","1.30","6.59","3.08","3.72","0.2","7293"
"J.P. Howell","Dodgers","4","3","6","16","3.43","0","65","65.0","56","25","5","61","28","1.29","8.41","3.89","3.72","0.1","8245"
"Rafael Montero","Mets","5","5","0","1","3.67","10","35","81.0","74","33","9","77","27","1.25","8.53","3.03","3.73","0.8","12760"
"Sean Burnett"," ","2","2","0","0","3.62","0","65","65.0","61","26","6","57","20","1.25","7.86","2.80","3.73","0.1","1886"
"Jeremy Jeffress","Brewers","2","2","0","10","3.74","0","45","45.0","41","19","4","43","21","1.37","8.61","4.13","3.73","0.1","9490"
"Kyle Hendricks","Cubs","10","9","0","0","3.73","28","28","161.0","162","67","15","115","38","1.24","6.43","2.12","3.73","2.3","12049"
"Javier Lopez","Giants","3","2","7","11","3.64","0","55","55.0","52","22","4","41","22","1.34","6.75","3.53","3.73","-0.1","1663"
"Boone Logan","Rockies","4","3","6","11","3.95","0","55","55.0","50","24","6","60","22","1.31","9.77","3.62","3.74","0.2","5525"
"Fernando Abad","Athletics","2","2","0","7","3.35","0","40","40.0","36","15","4","34","12","1.21","7.65","2.71","3.74","0.1","4994"
"Zach McAllister","Indians","8","8","0","3","4.06","18","48","133.0","134","60","13","110","38","1.30","7.44","2.59","3.74","1.4","2895"
"Nick Hagadone","Indians","3","2","0","10","3.76","0","45","45.0","39","19","5","50","20","1.32","9.95","4.07","3.74","0.2","1351"
"Homer Bailey","Reds","10","9","0","0","3.60","28","28","172.0","159","69","19","152","46","1.19","7.95","2.43","3.74","2.2","8362"
"Tom Wilhelmsen","Mariners","3","2","4","15","3.61","0","65","65.0","56","26","6","62","29","1.30","8.60","3.98","3.75","0.2","9975"
"Austin Adams","Indians","1","1","0","1","3.98","0","25","25.0","24","11","2","24","9","1.32","8.52","3.34","3.75","0.0","7411"
"Jake Peavy","Giants","10","9","0","0","3.53","28","28","171.0","160","67","17","136","45","1.21","7.16","2.39","3.75","1.8","1051"
"Manny Parra","Reds","3","3","0","16","3.62","0","55","55.0","48","22","6","56","22","1.28","9.09","3.68","3.75","0.2","4279"
"Josh Edgin","Mets","1","1","0","1","3.73","0","20","20.0","18","8","2","19","8","1.31","8.77","3.82","3.76","0.0","10796"
"Yordano Ventura","Royals","12","10","0","0","3.65","29","29","174.0","160","71","16","154","64","1.28","7.97","3.30","3.77","2.0","11855"
"James Hoyt","Astros","1","1","0","1","3.82","0","15","15.0","13","6","1","15","6","1.31","9.12","3.82","3.77","0.0","sa659944"
"Zac Rosscup","Cubs","1","1","0","1","3.62","0","15","15.0","12","6","1","18","9","1.38","10.81","5.24","3.77","0.0","9419"
"Collin McHugh","Astros","12","11","0","0","3.81","32","32","192.0","179","81","21","177","58","1.24","8.31","2.74","3.78","2.4","7531"
"C.C. Lee","Indians","1","1","0","1","3.89","0","20","20.0","19","9","2","19","7","1.31","8.62","3.29","3.78","0.0","5177"
"Chris Archer","Rays","11","10","0","0","3.69","31","31","183.0","168","75","16","162","69","1.29","7.93","3.36","3.78","2.2","6345"
"Phil Coke","Cubs","2","2","0","11","4.01","0","45","45.0","45","20","4","37","16","1.37","7.42","3.25","3.78","0.0","5535"
"Jim Johnson","Braves","3","3","0","16","3.83","0","55","55.0","54","23","4","44","20","1.35","7.18","3.33","3.78","0.0","3656"
"Chasen Shreve","Yankees","2","2","0","8","3.78","0","40","40.0","36","17","4","40","15","1.29","9.04","3.40","3.79","0.1","10855"
"Michael Pineda","Yankees","9","8","0","0","3.74","24","24","142.0","137","59","17","116","34","1.20","7.38","2.13","3.79","2.1","5372"
"Burke Badenhop","Reds","2","2","0","8","3.51","0","40","40.0","40","16","4","27","10","1.25","6.13","2.31","3.79","0.1","9736"
"Francisco Rodriguez","Brewers","4","4","37","1","3.67","0","65","65.0","57","26","8","69","22","1.22","9.59","3.07","3.79","0.2","1642"
"Yoervis Medina","Mariners","3","2","0","11","3.67","0","45","45.0","39","18","4","45","22","1.35","8.90","4.33","3.79","0.0","10498"
"Juan Jaime","Braves","2","2","0","5","3.71","0","35","35.0","27","14","3","45","24","1.45","11.49","6.22","3.79","0.0","6127"
"Eric O'Flaherty","Athletics","2","1","0","5","3.56","0","35","35.0","33","14","3","28","11","1.27","7.08","2.90","3.79","0.0","5746"
"Henderson Alvarez","Marlins","10","9","0","0","3.79","28","28","166.0","176","70","13","99","38","1.29","5.34","2.07","3.80","1.4","5669"
"David Phelps","Marlins","4","4","0","3","3.77","8","38","77.0","72","32","7","67","29","1.31","7.79","3.35","3.80","0.5","6316"
"Chris Martin","Yankees","2","2","0","5","3.78","0","35","35.0","33","15","4","32","11","1.26","8.18","2.75","3.80","0.0","11847"
"Bartolo Colon","Mets","10","12","0","0","4.00","28","28","176.0","187","78","20","121","29","1.23","6.22","1.46","3.80","2.0","375"
"Marco Gonzales","Cardinals","4","3","0","3","3.58","5","35","58.0","54","23","6","51","19","1.26","7.87","3.01","3.80","0.4","15467"
"Oliver Drake","Orioles","2","1","0","1","3.61","0","25","25.0","22","10","3","25","10","1.28","8.92","3.51","3.81","0.0","sa462416"
"Robbie Ross","Red Sox","1","1","0","3","3.68","0","30","30.0","30","12","3","23","10","1.31","6.95","2.86","3.81","0.0","6819"
"Jameson Taillon","Pirates","3","3","0","0","3.91","8","8","47.0","46","20","4","37","16","1.32","7.24","3.06","3.81","0.5","sa548151"
"Taylor Jordan","Nationals","2","2","0","3","3.82","2","32","39.0","41","17","4","27","10","1.28","6.26","2.23","3.82","0.1","10466"
"Aaron Loup","Blue Jays","4","3","4","15","3.57","0","65","65.0","61","26","6","54","22","1.28","7.52","3.03","3.82","0.4","10343"
"Tyler Lyons","Cardinals","2","2","0","0","3.82","5","5","28.0","27","12","3","22","8","1.25","7.21","2.44","3.83","0.3","11334"
"Jon Niese","Mets","9","11","0","0","3.91","29","29","178.0","181","77","18","133","48","1.29","6.72","2.44","3.83","1.8","4424"
"Jonathan Broxton","Brewers","4","4","3","15","3.64","0","65","65.0","60","26","7","57","22","1.26","7.89","3.02","3.83","0.2","4759"
"Ernesto Frieri","Rays","2","2","0","8","3.58","0","40","40.0","33","16","5","48","16","1.22","10.75","3.66","3.83","0.1","5178"
"Carlos Torres","Mets","2","2","0","5","3.71","0","35","35.0","32","14","4","32","12","1.26","8.32","3.01","3.83","0.0","7624"
"Arquimedes Caminero","Pirates","2","2","0","9","3.76","0","40","40.0","36","17","4","39","17","1.33","8.67","3.84","3.83","0.0","8992"
"Tony Cingrani","Reds","3","3","0","14","3.39","0","55","55.0","45","21","7","63","23","1.23","10.32","3.78","3.83","0.3","12555"
"Bobby LaFromboise","Pirates","1","1","0","1","3.84","0","25","25.0","25","11","2","19","9","1.33","6.91","3.16","3.84","0.0","7758"
"Marc Rzepczynski","Indians","2","2","0","13","3.93","0","55","55.0","54","24","5","47","21","1.37","7.76","3.51","3.84","0.0","6612"
"Josh Outman","Braves","2","2","0","10","3.72","0","45","45.0","40","19","4","43","19","1.32","8.53","3.78","3.84","0.0","4004"
"Brian Matusz","Orioles","2","2","0","14","3.61","0","55","55.0","50","22","6","53","18","1.23","8.60","2.98","3.84","0.3","2646"
"Andrew Oliver","Phillies","2","2","0","5","3.76","0","35","35.0","27","15","3","43","22","1.41","11.17","5.71","3.84","0.0","10257"
"Brian Wilson"," ","4","4","0","0","3.78","0","65","65.0","58","27","6","65","28","1.33","8.97","3.91","3.84","0.2","6485"
"Jason Motte","Cubs","3","3","0","17","3.73","0","55","55.0","51","23","7","52","17","1.23","8.54","2.82","3.84","0.1","5861"
"Mike Fiers","Brewers","12","10","0","0","3.79","29","29","169.0","153","71","23","163","45","1.17","8.67","2.38","3.85","2.2","7754"
"Rafael Perez","Mariners","1","1","0","1","3.80","0","10","10.0","10","4","1","8","2","1.24","6.81","2.19","3.85","0.0","4078"
"Brandon Finnegan","Royals","2","2","0","1","3.77","0","25","25.0","24","10","3","23","8","1.26","8.11","2.78","3.85","0.0","16208"
"Colt Hynes","Blue Jays","1","1","0","5","3.92","0","35","35.0","35","15","4","29","8","1.23","7.53","2.09","3.86","0.0","7560"
"Alex Claudio","Rangers","2","2","0","10","3.93","0","45","45.0","45","20","5","35","13","1.29","7.07","2.56","3.86","0.0","12890"
"Jason Hammel","Cubs","9","9","0","0","3.88","28","28","161.0","154","70","18","138","47","1.25","7.72","2.62","3.87","1.8","4538"
"Blaine Hardy","Tigers","1","1","0","1","3.82","0","25","25.0","24","11","2","22","9","1.32","7.86","3.28","3.87","0.0","6499"
"Alex Torres","Mets","2","2","0","8","3.66","0","40","40.0","33","16","3","42","22","1.39","9.35","5.01","3.87","0.0","7038"
"Robbie Erlin","Padres","2","2","0","3","3.96","2","32","39.0","39","17","4","32","11","1.28","7.26","2.62","3.87","0.1","10354"
"Kirby Yates","Rays","2","2","0","10","3.62","0","45","45.0","38","18","4","48","22","1.33","9.62","4.36","3.87","0.0","9073"
"Dan Haren","Marlins","10","10","0","0","3.99","28","28","158.0","161","70","19","122","34","1.24","6.98","1.96","3.87","1.5","1757"
"Tsuyoshi Wada","Cubs","4","4","0","3","3.79","6","36","68.0","65","28","8","59","20","1.25","7.89","2.64","3.87","0.5","13046"
"Cody Martin"," ","1","1","0","1","3.85","2","17","24.0","23","10","3","23","9","1.32","8.53","3.50","3.87","0.1","12182"
"Rob Scahill","Pirates","1","1","0","1","3.84","0","15","15.0","15","6","1","12","5","1.32","7.35","3.21","3.88","0.0","9286"
"Sean Marshall","Reds","1","1","0","1","3.55","0","15","15.0","14","6","2","14","6","1.29","8.65","3.47","3.88","0.0","5905"
"Kris Medlen","Royals","3","3","0","1","3.81","6","21","53.0","54","22","6","38","13","1.26","6.46","2.17","3.88","0.4","9417"
"Josh Tomlin","Indians","1","2","0","1","4.20","2","17","24.0","26","11","3","20","4","1.23","7.30","1.63","3.89","0.1","9388"
"LaTroy Hawkins","Rockies","4","3","6","15","4.03","0","65","65.0","69","29","7","45","16","1.31","6.26","2.18","3.89","0.4","729"
"Jared Hughes","Pirates","3","3","0","17","3.66","0","55","55.0","54","22","4","38","19","1.33","6.27","3.04","3.89","-0.1","9325"
"James Paxton","Mariners","11","11","0","0","3.91","29","29","170.0","162","74","15","137","64","1.33","7.26","3.39","3.89","1.5","11828"
"Odrisamer Despaigne","Padres","4","5","0","0","3.90","13","13","75.0","70","32","7","61","28","1.31","7.31","3.34","3.89","0.7","16017"
"Anthony Swarzak","Indians","1","1","0","5","4.14","0","35","35.0","37","16","3","25","10","1.34","6.33","2.63","3.90","0.0","7466"
"Leonel Campos","Padres","1","1","0","1","3.92","0","20","20.0","17","9","2","23","12","1.42","10.26","5.27","3.90","0.0","12277"
"Nicholas Tropeano","Angels","4","3","0","1","4.02","6","26","58.0","56","26","6","48","18","1.28","7.48","2.85","3.90","0.3","12385"
"Grant Balfour","Rays","3","2","1","15","3.68","0","55","55.0","47","23","5","53","26","1.33","8.74","4.32","3.90","0.1","718"
"Derek Holland","Rangers","11","10","0","0","3.95","32","32","197.0","193","87","24","170","57","1.27","7.74","2.61","3.90","2.1","4141"
"T.J. McFarland","Orioles","2","2","0","5","3.88","0","35","35.0","36","15","3","24","11","1.34","6.11","2.85","3.91","0.0","3237"
"Adam Warren","Yankees","9","8","0","1","3.81","24","49","166.0","154","70","18","146","58","1.28","7.94","3.14","3.91","1.7","9029"
"Mayckol Guaipe","Mariners","1","1","0","1","3.85","0","15","15.0","15","6","2","12","4","1.23","7.44","2.38","3.91","0.0","sa504801"
"Joba Chamberlain","Tigers","3","2","1","13","4.17","0","55","55.0","54","26","5","49","22","1.37","7.97","3.56","3.91","0.0","2692"
"Juan Nicasio","Dodgers","2","2","5","9","3.84","0","45","45.0","43","19","5","39","14","1.27","7.86","2.80","3.91","0.0","7731"
"Blaine Boyer","Twins","2","2","0","8","4.13","0","40","40.0","41","18","4","32","11","1.30","7.13","2.50","3.91","0.0","2237"
"Vic Black","Mets","3","3","0","13","3.75","0","55","55.0","47","23","5","59","30","1.39","9.61","4.84","3.91","0.1","9195"
"Matt Cain","Giants","10","9","0","0","3.72","29","29","180.0","166","74","20","149","53","1.22","7.46","2.65","3.92","1.4","4732"
"Bryan Morris","Marlins","3","3","1","16","3.81","0","65","65.0","63","27","6","52","25","1.35","7.19","3.41","3.92","-0.2","10234"
"Rob Wooten","Brewers","1","1","0","1","4.04","0","25","25.0","25","11","2","19","8","1.32","7.00","2.84","3.92","0.0","8532"
"Zach Putnam","White Sox","4","3","6","13","3.94","0","55","55.0","52","24","5","48","23","1.35","7.87","3.71","3.92","0.0","9080"
"Wesley Wright","Orioles","2","2","0","8","3.81","0","40","40.0","38","17","4","34","15","1.31","7.67","3.26","3.93","0.0","5960"
"Luis Garcia","Phillies","2","2","0","8","3.97","0","40","40.0","37","18","4","38","18","1.38","8.48","4.16","3.93","0.0","6984"
"Justin De Fratus","Phillies","3","2","0","13","3.83","0","55","55.0","52","23","6","47","18","1.29","7.77","3.00","3.93","0.0","4955"
"Wade Miley","Red Sox","11","9","0","0","4.04","29","29","173.0","173","77","18","139","58","1.34","7.22","3.02","3.93","1.5","8779"
"Shawn Armstrong","Indians","1","1","0","1","4.10","0","10","10.0","9","5","1","11","5","1.37","9.54","4.15","3.93","0.0","sa598951"
"Brian Duensing","Twins","3","3","1","15","4.18","0","55","55.0","57","26","5","42","19","1.38","6.92","3.08","3.94","0.1","4064"
"Pedro Baez","Dodgers","1","1","3","5","3.71","0","35","35.0","32","14","4","31","11","1.24","7.89","2.93","3.94","0.0","5420"
"Liam Hendriks","Blue Jays","2","1","0","3","4.08","0","30","30.0","31","14","4","23","5","1.22","7.02","1.62","3.94","0.0","3548"
"Tim Stauffer","Twins","4","4","0","12","4.29","5","60","83.0","86","40","8","68","29","1.39","7.32","3.17","3.94","0.1","6432"
"Brandon League","Dodgers","1","1","1","1","3.95","0","15","15.0","15","7","1","10","6","1.39","6.15","3.36","3.95","0.0","3731"
"Charlie Morton","Pirates","7","7","0","0","3.95","21","21","122.0","123","54","9","88","41","1.34","6.46","2.98","3.95","0.9","4676"
"Todd Redmond","Blue Jays","3","2","0","14","3.90","0","55","55.0","53","24","6","48","18","1.29","7.83","2.90","3.95","0.1","9943"
"Dan Jennings","White Sox","2","2","0","10","4.06","0","45","45.0","43","20","5","42","19","1.39","8.46","3.80","3.95","0.0","8073"
"Jesse Chavez","Athletics","5","4","0","1","3.91","10","30","76.0","73","33","9","66","24","1.28","7.79","2.88","3.95","0.5","5448"
"Chad Billingsley","Phillies","3","4","0","0","4.07","10","10","56.0","56","25","6","45","19","1.34","7.27","3.00","3.96","0.6","5842"
"Tom Gorzelanny","Tigers","2","2","0","8","4.01","0","40","40.0","39","18","4","35","14","1.34","7.92","3.17","3.96","0.0","6244"
"Edward Mujica","Red Sox","2","2","10","12","3.97","0","55","55.0","56","24","6","40","13","1.26","6.55","2.07","3.96","0.0","3970"
"Edwin Jackson","Cubs","6","7","0","9","4.34","11","51","106.0","107","51","12","91","37","1.36","7.70","3.13","3.96","0.7","1841"
"Tim Lincecum","Giants","8","10","0","1","4.14","21","41","142.0","135","65","15","127","55","1.34","8.04","3.46","3.96","0.7","5705"
"Ryan Pressly","Twins","0","0","0","1","4.19","0","10","10.0","10","5","1","7","3","1.37","6.74","3.14","3.96","0.0","7005"
"CC Sabathia","Yankees","11","12","0","0","4.15","29","29","189.0","188","87","24","160","49","1.26","7.61","2.34","3.96","2.2","404"
"Matt Garza","Brewers","10","10","0","0","3.96","31","31","185.0","179","81","22","155","54","1.26","7.57","2.65","3.97","2.0","3340"
"Andrew Heaney","Angels","4","3","0","0","3.89","10","10","55.0","54","24","6","47","17","1.27","7.59","2.73","3.97","0.6","15423"
"Matt Wisler","Padres","0","1","0","0","4.03","2","2","9.0","9","4","1","8","3","1.29","7.58","2.84","3.97","0.1","sa601046"
"Ryan Webb","Orioles","1","1","0","1","3.93","0","20","20.0","20","9","2","14","6","1.31","6.45","2.79","3.97","0.0","7474"
"Matt Barnes","Red Sox","1","1","0","1","3.97","0","25","25.0","24","11","3","21","9","1.33","7.56","3.14","3.97","0.0","12863"
"Chase Anderson","Diamondbacks","7","7","0","0","3.95","19","19","109.0","105","48","13","97","34","1.28","8.02","2.80","3.98","1.1","6895"
"Burch Smith","Rays","0","1","0","1","3.91","0","10","10.0","9","4","1","9","3","1.27","8.49","3.11","3.98","0.0","12784"
"Taijuan Walker","Mariners","10","10","0","0","3.98","28","28","158.0","146","70","16","140","58","1.30","7.97","3.33","3.98","1.4","11836"
"Keith Butler","Cardinals","1","1","0","1","3.91","0","25","25.0","23","11","2","21","10","1.35","7.66","3.72","3.99","0.0","10080"
"Lisalverto Bonilla","Rangers","1","1","0","1","4.02","0","15","15.0","14","7","2","15","6","1.33","9.19","3.86","4.00","0.0","11266"
"Steve Geltz","Rays","1","1","0","1","3.76","0","20","20.0","17","8","2","21","9","1.32","9.46","4.15","4.00","0.0","8402"
"Darin Downs","Astros","1","1","0","1","4.17","0","10","10.0","10","5","1","9","4","1.38","8.05","3.89","4.01","0.0","5903"
"Alex Meyer","Twins","6","6","0","1","4.20","13","38","100.0","95","47","10","97","46","1.41","8.75","4.11","4.01","0.6","sa455438"
"Ben Lively","Phillies","2","3","0","0","4.07","6","6","37.0","35","17","4","35","15","1.32","8.44","3.52","4.01","0.4","sa549720"
"Mike Minor","Braves","8","8","0","0","3.86","23","23","134.0","127","58","17","114","38","1.23","7.64","2.54","4.01","1.0","10021"
"Anthony Varvaro","Red Sox","2","2","0","11","3.98","0","45","45.0","44","20","4","35","17","1.36","6.99","3.43","4.01","-0.1","2385"
"Jeremy Mcbryde","Angels","1","0","0","1","3.86","0","10","10.0","9","4","1","9","4","1.32","8.30","3.53","4.01","0.0","sa328275"
"Drew Rucinski","Angels","3","3","0","1","4.07","6","21","53.0","53","24","6","39","15","1.30","6.75","2.62","4.02","0.4","12499"
"Sam LeCure","Reds","1","1","0","1","3.82","0","20","20.0","18","8","2","18","8","1.31","8.09","3.47","4.02","0.0","4664"
"Joe Wieland","Dodgers","4","4","0","0","4.08","13","13","74.0","72","34","9","63","21","1.25","7.61","2.50","4.02","0.5","6109"
"Casey Sadler","Pirates","1","1","0","1","4.07","0","10","10.0","10","5","1","6","2","1.29","5.79","2.20","4.02","0.0","11209"
"Brett Bochy","Giants","1","1","0","1","3.81","0","15","15.0","14","6","1","13","6","1.33","7.78","3.71","4.02","0.0","11867"
"Drew Hutchison","Blue Jays","11","10","0","0","4.14","29","29","167.0","158","77","22","158","53","1.27","8.54","2.88","4.02","1.7","10732"
"Tyler Olson"," ","2","2","0","5","4.01","0","35","35.0","35","16","4","26","10","1.29","6.65","2.58","4.03","0.0","14741"
"Kyle Gibson","Twins","9","10","0","0","4.34","26","26","148.0","157","71","13","94","48","1.38","5.72","2.92","4.03","1.3","10123"
"John Axford","Rockies","4","3","6","13","4.25","0","55","55.0","51","26","6","57","27","1.41","9.31","4.38","4.03","0.1","9059"
"Jimmy Nelson","Brewers","10","10","0","0","4.08","28","28","158.0","151","72","15","140","64","1.36","7.94","3.64","4.03","1.5","10547"
"J.J. Hoover","Reds","2","2","0","5","3.64","0","35","35.0","29","14","5","39","15","1.25","9.90","3.82","4.04","0.0","9037"
"Mike Leake","Reds","10","10","0","0","3.89","29","29","182.0","185","79","21","131","43","1.25","6.47","2.14","4.04","1.6","10130"
"Caleb Thielbar","Twins","1","1","0","3","4.14","0","30","30.0","30","14","3","24","11","1.36","7.25","3.26","4.04","0.0","10078"
"Ryan Vogelsong","Giants","5","6","0","1","4.03","15","25","95.0","93","42","10","72","30","1.30","6.89","2.88","4.04","0.5","1011"
"Kyuji Fujikawa","Rangers","1","1","0","3","4.11","0","30","30.0","29","14","4","29","11","1.34","8.66","3.33","4.04","0.0","14443"
"Brandon Kintzler","Brewers","3","3","0","13","4.00","0","55","55.0","57","24","5","37","17","1.35","6.03","2.85","4.05","-0.1","9939"
"Arodys Vizcaino","Braves","0","0","0","1","4.02","0","10","10.0","9","4","1","9","4","1.38","8.41","4.03","4.05","0.0","5498"
"Rex Brothers","Rockies","2","1","1","3","4.15","0","30","30.0","28","14","3","32","16","1.45","9.49","4.84","4.05","0.0","9794"
"Phil Klein","Rangers","2","2","0","8","3.86","0","40","40.0","34","17","4","42","20","1.35","9.53","4.43","4.05","0.0","12675"
"Tyler Thornburg","Brewers","2","2","0","5","3.97","0","35","35.0","32","15","4","33","16","1.36","8.55","4.00","4.05","0.0","10688"
"Tim Cooney","Cardinals","1","1","0","0","3.99","3","3","19.0","19","8","2","14","5","1.29","6.45","2.45","4.05","0.1","sa621471"
"Jarred Cosart","Marlins","8","8","0","0","4.04","23","23","132.0","131","59","9","90","58","1.43","6.12","3.93","4.06","0.8","10304"
"Stolmy Pimentel","Pirates","1","1","0","1","3.95","0","20","20.0","19","9","2","16","7","1.33","7.26","3.28","4.06","0.0","6415"
"Joe Thatcher","Astros","2","2","0","3","4.05","0","30","30.0","30","13","4","27","9","1.31","8.03","2.69","4.06","0.0","4620"
"Alexi Ogando","Red Sox","2","2","0","8","3.93","0","40","40.0","38","17","4","34","15","1.32","7.76","3.36","4.06","-0.1","10261"
"Brad Brach","Orioles","3","2","0","11","3.75","0","45","45.0","39","19","6","45","18","1.26","9.06","3.52","4.06","0.0","6627"
"Shelby Miller","Braves","10","10","0","0","3.81","29","29","169.0","154","71","20","153","61","1.28","8.14","3.28","4.07","1.5","10197"
"Grayson Garvin","Rays","0","1","0","1","4.02","0","10","10.0","10","4","1","7","3","1.33","6.67","3.00","4.07","0.0","sa526542"
"Ivan Nova","Yankees","3","3","0","0","4.10","8","8","47.0","47","21","5","38","14","1.31","7.31","2.75","4.07","0.4","1994"
"Jamey Wright","Rangers","0","1","0","1","4.17","0","10","10.0","10","5","1","8","4","1.40","6.83","3.43","4.08","0.0","715"
"Clay Buchholz","Red Sox","10","9","0","0","4.13","29","29","180.0","180","83","19","138","58","1.32","6.93","2.89","4.08","1.5","3543"
"Manny Banuelos","Braves","1","1","0","1","3.84","0","25","25.0","22","11","3","24","11","1.32","8.47","3.86","4.08","0.0","sa455894"
"C.J. Wilson","Angels","12","12","0","0","4.14","32","32","193.0","184","89","18","165","83","1.38","7.67","3.86","4.08","1.6","3580"
"Brandon Workman","Red Sox","1","1","0","1","4.07","0","20","20.0","20","9","3","17","6","1.29","7.72","2.78","4.08","0.0","11428"
"Kevin Gausman","Orioles","7","7","0","0","4.07","21","21","121.0","118","55","14","99","40","1.31","7.39","3.02","4.09","1.2","14107"
"Trevor Cahill","Braves","8","10","0","0","4.32","24","24","139.0","137","67","13","118","61","1.42","7.63","3.94","4.09","0.9","6249"
"Randall Delgado","Diamondbacks","4","5","6","10","4.06","5","60","83.0","78","38","10","77","31","1.32","8.35","3.37","4.10","0.2","5985"
"Shawn Tolleson","Rangers","3","3","4","13","3.94","0","65","65.0","59","28","8","63","26","1.31","8.75","3.57","4.10","0.0","10481"
"Charles Brewer","Indians","0","1","0","1","4.30","0","10","10.0","11","5","1","8","3","1.32","7.05","2.42","4.10","0.0","9155"
"Ian Krol","Tigers","1","1","0","1","4.21","0","20","20.0","20","9","2","18","7","1.33","7.96","3.02","4.10","0.0","10066"
"Cesar Ramos","Angels","2","2","0","5","4.06","0","35","35.0","34","16","4","28","13","1.33","7.25","3.30","4.10","0.0","3357"
"Tom Layne","Red Sox","2","2","0","5","3.95","0","35","35.0","33","15","3","30","16","1.40","7.74","4.21","4.10","-0.1","7501"
"Ricky Nolasco","Twins","9","11","0","0","4.57","29","29","173.0","190","88","21","127","41","1.34","6.63","2.14","4.11","1.2","3830"
"Jeff Locke","Pirates","9","9","0","0","4.10","28","28","158.0","157","72","15","120","59","1.37","6.83","3.37","4.12","0.9","2929"
"Daniel Coulombe","Dodgers","0","0","0","1","3.96","0","10","10.0","9","4","1","10","6","1.43","9.40","5.14","4.12","0.0","13293"
"T.J. House","Indians","7","8","0","0","4.38","23","23","130.0","140","63","13","91","42","1.40","6.30","2.91","4.13","0.8","9121"
"Brad Hand","Marlins","2","3","0","9","4.08","2","42","49.0","48","22","5","40","21","1.38","7.35","3.77","4.13","-0.1","9111"
"J.A. Happ","Mariners","10","11","0","0","4.14","28","28","158.0","153","73","19","133","57","1.33","7.58","3.21","4.14","1.0","7410"
"Justin Masterson","Red Sox","10","10","0","0","4.26","29","29","167.0","163","79","14","136","74","1.41","7.32","3.96","4.15","1.1","2038"
"Rubby de la Rosa","Diamondbacks","6","8","0","0","4.22","21","21","119.0","120","56","13","95","43","1.37","7.15","3.27","4.15","1.0","3862"
"Wei-Yin Chen","Orioles","11","10","0","0","4.02","29","29","175.0","176","78","23","132","42","1.25","6.80","2.17","4.15","1.7","13071"
"Brian Flynn","Royals","1","1","0","1","4.09","0","20","20.0","20","9","2","15","7","1.36","6.62","3.07","4.15","0.0","12027"
"Lucas Luetge","Mariners","1","1","0","1","4.13","0","20","20.0","19","9","2","18","9","1.39","7.98","4.10","4.16","0.0","8337"
"Jesse Hahn","Athletics","7","7","0","0","4.10","24","24","140.0","135","64","13","108","57","1.36","6.94","3.63","4.16","0.9","13287"
"Neftali Feliz","Rangers","3","3","33","2","3.93","0","65","65.0","61","28","8","58","26","1.33","8.05","3.60","4.16","0.1","18"
"Justin Wilson","Yankees","3","3","0","14","3.95","0","55","55.0","48","24","6","56","28","1.37","9.24","4.55","4.17","0.0","4301"
"Matt Stites","Diamondbacks","1","1","1","1","4.08","0","20","20.0","19","9","3","18","7","1.30","7.89","3.07","4.17","0.0","12165"
"Mark Buehrle","Blue Jays","12","11","0","0","4.19","32","32","204.0","225","95","22","121","49","1.34","5.34","2.15","4.17","1.9","225"
"Andrew Chafin","Diamondbacks","2","2","2","5","4.10","0","35","35.0","34","16","3","28","14","1.39","7.26","3.63","4.17","-0.1","12988"
"Brooks Brown","Rockies","1","1","2","5","4.20","0","35","35.0","35","16","4","29","11","1.34","7.40","2.94","4.17","0.0","5679"
"Sean Nolin","Athletics","2","2","0","1","4.09","3","18","34.0","33","15","4","27","13","1.34","7.19","3.37","4.17","0.1","11341"
"Tanner Scheppers","Rangers","3","2","0","15","4.02","0","55","55.0","55","25","6","45","18","1.32","7.36","2.91","4.17","0.1","10267"
"Cory Rasmus","Angels","2","2","0","8","3.98","0","40","40.0","36","18","4","38","19","1.38","8.47","4.29","4.17","-0.1","2413"
"Steve Delabar","Blue Jays","1","1","0","1","4.12","0","25","25.0","22","11","3","28","13","1.38","10.13","4.64","4.18","0.0","11827"
"Scott Rice","Mets","2","2","0","3","4.09","0","30","30.0","28","14","2","25","16","1.46","7.65","4.66","4.18","-0.1","2743"
"Jake Petricka","White Sox","2","2","0","8","4.16","0","40","40.0","40","18","3","31","19","1.46","6.96","4.26","4.18","-0.1","10534"
"A.J. Achter","Twins","0","1","0","1","4.33","0","10","10.0","10","5","1","8","4","1.39","7.39","3.39","4.18","0.0","11387"
"Louis Coleman","Royals","1","1","0","5","3.92","0","35","35.0","32","15","4","32","15","1.33","8.35","3.75","4.18","-0.1","9720"
"Shane Greene","Tigers","8","7","0","0","4.45","23","23","130.0","136","64","14","102","47","1.41","7.03","3.28","4.18","0.8","10756"
"Miguel Gonzalez","Phillies","2","2","0","3","4.22","2","32","39.0","37","18","4","34","16","1.35","7.85","3.62","4.19","0.1","15675"
"Cesar Jimenez","Phillies","2","2","0","10","4.08","0","45","45.0","43","20","4","36","19","1.39","7.25","3.85","4.19","0.0","3762"
"Yovani Gallardo","Rangers","11","12","0","0","4.30","32","32","194.0","201","93","23","149","63","1.36","6.90","2.91","4.19","1.4","8173"
"Jarrod Parker","Athletics","3","3","0","0","4.08","8","8","49.0","48","22","5","35","16","1.32","6.49","2.98","4.19","0.3","4913"
"Vidal Nuno","Diamondbacks","3","4","1","3","4.07","6","36","68.0","66","31","9","55","18","1.25","7.36","2.43","4.19","0.3","9674"
"Wily Peralta","Brewers","11","12","0","0","4.20","31","31","180.0","180","84","19","143","68","1.38","7.15","3.39","4.19","1.3","7738"
"Jake Odorizzi","Rays","11","12","0","0","4.05","31","31","178.0","167","80","22","160","66","1.31","8.08","3.34","4.19","1.3","6397"
"Yohan Pino","Royals","1","1","0","1","4.09","0","10","10.0","10","5","1","8","3","1.25","7.08","2.36","4.20","0.0","6955"
"Mike Kickham","Mariners","1","1","0","1","4.26","2","12","19.0","19","9","2","16","8","1.41","7.34","3.77","4.20","0.0","11618"
"Justin Nicolino","Marlins","0","1","0","0","4.35","2","2","9.0","10","5","1","5","2","1.33","4.65","1.95","4.20","0.0","sa548278"
"Trevor Bauer","Indians","9","10","0","0","4.38","29","29","171.0","164","83","20","161","73","1.39","8.50","3.87","4.21","1.1","12703"
"J.R. Graham"," ","2","2","0","10","4.47","0","45","45.0","49","22","4","31","15","1.42","6.20","3.05","4.21","-0.1","12042"
"Gavin Floyd","Indians","1","1","0","0","4.32","3","3","18.0","19","9","2","15","6","1.35","7.22","2.84","4.21","0.1","3886"
"Jeremy Hellickson","Diamondbacks","9","11","0","0","4.22","28","28","159.0","162","75","21","123","45","1.30","6.97","2.53","4.21","1.1","4371"
"Danny Duffy","Royals","9","8","0","0","3.73","24","24","139.0","127","58","15","113","57","1.33","7.34","3.69","4.21","1.2","3542"
"David Rollins","Mariners","1","2","0","1","4.15","0","25","25.0","24","12","3","21","10","1.36","7.48","3.45","4.21","0.0","sa455425"
"Nick Kingham","Pirates","2","2","0","0","4.28","6","6","37.0","38","18","4","27","13","1.36","6.43","3.10","4.22","0.2","sa548285"
"Matt Moore","Rays","6","7","0","0","3.97","18","18","102.0","92","45","11","93","47","1.36","8.20","4.16","4.22","0.7","1890"
"Drew Pomeranz","Athletics","10","10","0","1","4.00","26","36","160.0","147","71","18","144","69","1.35","8.07","3.87","4.22","1.0","11426"
"Tom Koehler","Marlins","6","7","0","0","4.25","18","18","103.0","103","49","10","79","41","1.39","6.91","3.57","4.22","0.4","6570"
"Nathan Eovaldi","Yankees","9","9","0","0","4.37","28","28","159.0","167","77","19","117","46","1.34","6.61","2.63","4.22","1.3","9132"
"Ervin Santana","Twins","5","6","0","0","4.50","16","16","99.0","103","49","12","78","31","1.36","7.14","2.85","4.23","0.6","3200"
"Radhames Liz"," ","2","2","0","0","4.13","0","45","45.0","45","21","4","32","19","1.41","6.35","3.75","4.23","-0.2","5843"
"Tommy Kahnle","Rockies","0","0","0","1","4.38","0","10","10.0","9","5","1","10","5","1.45","8.88","4.72","4.24","0.0","11384"
"Spencer Patton","Rangers","1","1","0","1","4.25","0","10","10.0","9","5","1","10","4","1.35","8.85","3.75","4.24","0.0","12361"
"Nate Karns","Rays","7","7","0","3","4.10","15","45","115.0","106","52","14","107","48","1.34","8.39","3.78","4.24","0.6","12638"
"Josh Collmenter","Diamondbacks","10","10","0","0","4.06","29","29","174.0","175","79","22","125","48","1.28","6.45","2.47","4.24","1.3","7312"
"Roenis Elias","Mariners","3","4","0","0","4.17","10","10","55.0","53","25","6","45","21","1.35","7.40","3.49","4.24","0.3","12673"
"Dillon Gee","Mets","5","6","0","0","4.24","16","16","98.0","100","46","12","73","28","1.30","6.68","2.52","4.25","0.6","7396"
"Jered Weaver","Angels","13","11","0","0","3.94","32","32","204.0","197","89","26","152","57","1.25","6.74","2.50","4.25","1.6","4235"
"Martin Perez","Rangers","3","3","0","0","4.35","8","8","49.0","51","24","5","33","17","1.39","6.06","3.05","4.25","0.3","6902"
"Jon Gray","Rockies","7","6","0","0","4.45","18","18","102.0","105","51","12","83","35","1.37","7.28","3.10","4.26","1.0","sa549112"
"Luis Avilan","Braves","3","3","0","13","4.04","0","55","55.0","53","25","4","40","26","1.43","6.54","4.18","4.26","-0.3","2882"
"Eury De la Rosa","Athletics","1","1","0","1","4.08","0","25","25.0","24","11","3","21","11","1.39","7.60","4.03","4.26","0.0","4055"
"Chris Capuano","Yankees","2","3","0","0","4.36","8","8","46.0","47","22","6","37","15","1.34","7.28","2.87","4.26","0.4","1701"
"Eric Stults","Braves","5","7","0","0","4.33","16","16","93.0","99","45","11","62","24","1.32","5.94","2.34","4.26","0.5","8011"
"Enrique Burgos","Diamondbacks","1","1","1","1","4.30","0","25","25.0","22","12","2","27","16","1.50","9.85","5.71","4.26","0.0","sa503551"
"Matt Albers","White Sox","1","1","0","5","4.22","0","35","35.0","35","16","4","26","14","1.40","6.58","3.48","4.26","0.0","4300"
"Carlos Frias","Dodgers","1","1","0","0","4.35","3","3","18.0","19","9","2","12","6","1.35","6.04","2.79","4.26","0.1","3547"
"Christian Friedrich","Rockies","3","2","5","9","4.50","0","45","45.0","46","22","6","40","16","1.38","7.97","3.22","4.27","-0.1","7942"
"Brett Oberholtzer","Astros","9","11","0","0","4.61","28","28","162.0","178","83","22","114","36","1.32","6.33","2.02","4.28","1.1","3855"
"Johan Santana","Blue Jays","4","4","0","0","4.31","11","11","65.0","65","31","9","53","21","1.33","7.28","2.90","4.28","0.5","755"
"Hector Santiago","Angels","6","5","0","1","4.02","13","38","100.0","95","45","11","84","40","1.34","7.53","3.56","4.29","0.6","4026"
"Kyle Lohse","Brewers","10","11","0","0","4.11","31","31","194.0","200","89","27","135","43","1.25","6.24","1.98","4.29","1.3","739"
"Bud Norris","Orioles","9","8","0","0","4.13","23","23","131.0","128","60","17","109","45","1.32","7.50","3.08","4.29","1.0","9492"
"Henry Owens","Red Sox","3","3","0","0","4.20","8","8","47.0","43","22","5","44","22","1.41","8.50","4.33","4.29","0.3","sa597755"
"Daniel Norris","Blue Jays","9","8","0","0","4.26","24","24","139.0","128","66","19","142","62","1.36","9.18","4.01","4.29","0.8","13475"
"Eduardo Rodriguez","Red Sox","1","1","0","0","4.37","3","3","19.0","19","9","2","13","7","1.40","6.52","3.28","4.30","0.1","sa548722"
"Andre Rienzo","Marlins","4","5","0","5","4.45","8","43","82.0","83","41","8","63","35","1.44","6.92","3.87","4.31","0.0","3507"
"Marco Estrada","Blue Jays","5","5","0","16","4.17","6","61","93.0","89","43","15","83","24","1.22","8.03","2.30","4.31","0.2","1118"
"Chase Whitley","Yankees","3","4","0","3","4.43","6","36","68.0","69","33","9","54","23","1.36","7.24","3.03","4.31","0.2","10982"
"Aaron Nola","Phillies","2","2","0","0","4.52","6","6","37.0","38","18","5","29","10","1.31","7.02","2.40","4.32","0.2","sa599230"
"Matt Andriese","Rays","3","4","0","1","4.28","8","18","57.0","58","27","7","39","18","1.33","6.22","2.78","4.32","0.2","sa577754"
"Jacob Turner","Cubs","3","4","0","1","4.60","5","30","53.0","57","27","6","38","18","1.41","6.37","2.99","4.32","0.1","10185"
"Kevin Chapman","Astros","1","1","0","1","4.35","0","25","25.0","23","12","2","25","15","1.52","8.91","5.37","4.32","-0.1","11240"
"Ubaldo Jimenez","Orioles","6","6","0","3","4.21","13","43","105.0","96","49","12","98","50","1.39","8.40","4.31","4.32","0.5","3374"
"Nick Greenwood","Cardinals","1","1","0","1","4.22","0","15","15.0","16","7","2","9","4","1.36","5.19","2.63","4.32","0.0","8182"
"Alex Colome","Rays","4","4","0","1","4.21","6","31","63.0","61","29","6","46","27","1.41","6.68","3.92","4.33","0.1","6661"
"Jorge de la Rosa","Rockies","10","8","0","0","4.40","24","24","141.0","143","69","16","109","52","1.39","6.97","3.33","4.33","1.2","2047"
"Esmil Rogers","Yankees","3","4","0","11","4.44","5","50","73.0","74","36","9","59","25","1.36","7.30","3.09","4.33","0.1","6317"
"Tyler Matzek","Rockies","9","8","0","0","4.52","23","23","132.0","135","66","15","108","57","1.46","7.37","3.91","4.33","1.0","10058"
"A.J. Schugel","Diamondbacks","0","1","0","1","4.36","0","10","10.0","10","5","1","7","4","1.40","6.73","3.47","4.33","0.0","sa546773"
"Juan Oviedo","Rangers","1","1","0","1","4.31","0","10","10.0","10","5","1","9","4","1.38","7.67","3.72","4.33","0.0","2886"
"R.A. Dickey","Blue Jays","13","12","0","0","4.08","32","32","209.0","203","95","27","164","64","1.28","7.05","2.77","4.34","1.6","1245"
"Jairo Diaz","Rockies","1","1","0","1","4.51","0","15","15.0","15","8","2","13","6","1.43","7.91","3.76","4.34","0.0","12774"
"Dylan Axelrod","Reds","2","2","0","3","4.23","0","30","30.0","30","14","4","25","9","1.30","7.41","2.73","4.35","-0.1","9303"
"Mike Foltynewicz","Braves","2","2","0","1","4.28","3","23","39.0","36","18","4","35","18","1.41","8.14","4.24","4.35","0.1","10811"
"Matt Harrison","Rangers","2","2","0","1","4.37","3","13","28.0","30","14","3","19","10","1.40","5.95","3.14","4.35","0.1","5551"
"Chad Bettis","Rockies","3","3","1","1","4.65","5","30","53.0","57","27","7","43","19","1.43","7.19","3.26","4.36","0.2","10587"
"Jake Buchanan","Astros","2","3","0","8","4.64","0","40","40.0","46","21","5","22","10","1.39","5.03","2.20","4.36","-0.2","10962"
"Aaron Harang","Phillies","8","11","0","0","4.51","26","26","155.0","161","78","19","115","55","1.40","6.70","3.19","4.37","0.8","1451"
"A.J. Griffin","Athletics","3","3","0","0","4.05","8","8","47.0","46","21","7","37","13","1.25","7.04","2.43","4.37","0.2","11132"
"Joe Kelly","Red Sox","7","7","0","0","4.36","21","21","121.0","125","59","12","82","47","1.42","6.06","3.50","4.37","0.5","9761"
"Anthony DeSclafani","Reds","8","10","0","0","4.35","26","26","148.0","149","71","21","116","42","1.29","7.07","2.57","4.38","0.7","13050"
"Kendall Graveman","Athletics","6","6","0","1","4.31","16","26","104.0","110","50","11","59","30","1.35","5.14","2.58","4.39","0.3","15514"
"Chris Perez"," ","3","3","0","0","4.31","0","65","65.0","62","31","8","59","27","1.36","8.20","3.70","4.40","-0.4","5213"
"C.J. Riefenhauser","Rays","1","1","0","1","4.26","0","15","15.0","15","7","2","12","7","1.41","6.97","3.95","4.40","0.0","11193"
"Jordan Lyles","Rockies","8","8","0","0","4.63","24","24","142.0","154","73","16","97","48","1.42","6.16","3.03","4.40","1.0","7593"
"Chris Tillman","Orioles","11","11","0","0","4.11","32","32","197.0","191","90","27","153","65","1.30","6.98","2.96","4.40","1.3","5279"
"Pedro Villarreal","Reds","1","2","0","1","4.28","0","25","25.0","25","12","3","19","8","1.31","6.75","2.73","4.40","-0.1","9904"
"Scott Feldman","Astros","9","12","0","0","4.54","29","29","176.0","189","89","21","117","52","1.37","5.95","2.67","4.41","0.9","6283"
"Eric Surkamp","White Sox","1","1","0","1","4.46","0","25","25.0","25","12","3","22","9","1.35","7.78","3.07","4.41","-0.1","2540"
"Bronson Arroyo","Diamondbacks","3","3","0","0","4.25","8","8","49.0","53","23","7","29","10","1.28","5.25","1.80","4.41","0.3","978"
"Michael Kohn","Braves","0","1","0","1","4.19","0","10","10.0","9","5","1","10","6","1.45","9.24","5.35","4.41","0.0","8505"
"Enny Romero","Rays","0","1","0","1","4.27","0","10","10.0","10","5","1","8","5","1.42","7.40","4.14","4.43","0.0","4001"
"Alex Wilson","Tigers","1","1","0","1","4.35","0","10","10.0","10","5","1","7","4","1.41","6.73","3.63","4.43","0.0","9239"
"Brandon Beachy","Dodgers","3","3","0","0","4.23","8","8","47.0","45","22","6","36","17","1.33","6.97","3.26","4.44","0.1","8851"
"Jason Vargas","Royals","10","11","0","0","4.21","31","31","191.0","196","89","26","125","47","1.27","5.88","2.23","4.44","0.9","8044"
"Allen Webster","Diamondbacks","4","5","0","0","4.40","13","13","73.0","74","36","8","54","29","1.40","6.61","3.56","4.44","0.4","3993"
"Samuel Deduno","Astros","2","2","0","1","4.54","3","23","39.0","39","20","4","32","19","1.47","7.33","4.30","4.45","0.0","5285"
"Brady Feigl","Braves","2","2","0","8","4.47","0","40","40.0","39","20","4","32","21","1.50","7.16","4.68","4.45","-0.2","sa824867"
"Zach Lee","Dodgers","2","3","0","0","4.41","6","6","37.0","38","18","5","26","12","1.34","6.37","2.93","4.46","0.1","sa548182"
"Michael Mariot","Royals","0","1","0","1","4.37","0","10","10.0","10","5","1","8","4","1.41","6.76","3.69","4.47","0.0","10835"
"Erasmo Ramirez","Rays","3","4","0","0","4.49","11","11","66.0","68","33","8","47","21","1.35","6.41","2.82","4.47","0.2","10314"
"Daniel Webb","White Sox","1","2","0","3","4.57","0","30","30.0","29","15","3","26","17","1.53","7.89","5.18","4.47","-0.1","10558"
"Kyle Lobstein","Tigers","3","3","0","1","4.76","6","16","48.0","52","25","6","33","17","1.44","6.25","3.15","4.47","0.1","9178"
"Travis Wood","Cubs","7","8","0","0","4.31","23","23","131.0","129","63","17","103","49","1.36","7.05","3.39","4.48","0.8","9884"
"Michael Blazek","Brewers","2","2","0","8","4.35","0","40","40.0","38","19","5","35","19","1.44","7.93","4.32","4.49","-0.2","9654"
"Javy Guerra","White Sox","3","3","0","12","4.65","0","55","55.0","56","28","6","44","24","1.46","7.18","4.00","4.50","-0.3","7407"
"Archie Bradley","Diamondbacks","5","7","0","0","4.50","16","16","93.0","90","47","9","77","49","1.50","7.43","4.78","4.50","0.4","sa597753"
"Ethan Martin","Phillies","1","2","0","1","4.40","2","27","34.0","32","17","4","32","18","1.45","8.30","4.64","4.51","0.0","3877"
"Tommy Milone","Twins","7","8","0","0","4.72","23","23","131.0","146","69","19","91","35","1.39","6.25","2.44","4.51","0.6","7608"
"Jerome Williams","Phillies","6","9","0","0","4.69","23","23","131.0","141","68","17","89","41","1.39","6.10","2.83","4.51","0.4","1137"
"Edinson Volquez","Royals","9","10","0","0","4.50","28","28","159.0","160","80","18","121","66","1.42","6.85","3.75","4.51","0.4","3990"
"Aaron Brooks","Royals","0","1","0","1","4.59","0","10","10.0","11","5","1","6","2","1.31","5.15","1.78","4.52","0.0","12272"
"Jhoulys Chacin"," ","9","9","0","0","4.53","24","24","145.0","152","73","17","94","53","1.42","5.86","3.28","4.52","0.4","2608"
"Drake Britton","Cubs","1","1","0","1","4.39","0","20","20.0","20","10","2","14","9","1.48","6.51","4.19","4.53","0.0","2868"
"Ross Detwiler","Rangers","7","8","0","0","4.60","24","24","139.0","152","71","16","86","45","1.42","5.53","2.89","4.53","0.7","2859"
"Jason Hursh","Braves","0","1","0","0","4.56","2","2","9.0","10","5","1","6","3","1.42","5.32","3.05","4.53","0.0","sa548316"
"Roman Mendez","Rangers","2","2","0","12","4.44","0","55","55.0","54","27","6","44","24","1.42","7.19","3.97","4.53","-0.2","10307"
"Trevor May","Twins","1","1","0","0","4.80","2","2","9.0","9","5","1","8","4","1.47","7.69","4.08","4.53","0.0","6398"
"Franklin Morales","Royals","1","2","0","3","4.33","0","30","30.0","30","14","4","24","12","1.40","7.09","3.73","4.54","-0.1","5088"
"John Lamb","Royals","1","1","0","1","4.38","0","10","10.0","10","5","1","8","4","1.40","6.96","3.49","4.54","0.0","sa454551"
"Craig Breslow","Red Sox","3","3","0","14","4.42","0","55","55.0","57","27","6","39","23","1.46","6.36","3.84","4.55","-0.4","4363"
"Brent Suter","Brewers","0","1","0","0","4.58","2","2","9.0","10","5","1","7","4","1.42","6.35","3.41","4.55","0.0","sa621681"
"Paul Maholm"," ","5","6","0","0","4.48","16","16","95.0","101","48","11","60","31","1.39","5.69","2.92","4.55","0.2","8678"
"Robbie Ray","Diamondbacks","2","3","0","1","4.54","5","20","43.0","43","22","6","35","18","1.42","7.33","3.78","4.56","0.1","11486"
"Kevin Gregg","Reds","2","3","0","11","4.37","0","45","45.0","42","22","6","39","19","1.37","7.79","3.89","4.56","-0.2","1793"
"Aaron Thompson","Twins","2","2","0","5","4.81","0","35","35.0","38","19","4","25","14","1.47","6.37","3.50","4.56","-0.1","999"
"David Buchanan","Phillies","7","11","0","0","4.60","24","24","140.0","152","72","17","87","45","1.40","5.59","2.86","4.58","0.6","11176"
"Mike Strong","Brewers","0","0","0","1","4.52","0","10","10.0","9","5","1","10","5","1.46","8.68","4.65","4.59","0.0","sa502184"
"Evan Meek","Orioles","1","1","0","1","4.47","0","10","10.0","10","5","1","7","4","1.42","6.05","3.56","4.59","0.0","5109"
"Jose Ramirez","Yankees","1","1","0","1","4.36","0","15","15.0","14","7","2","15","8","1.43","8.95","4.62","4.59","0.0","10171"
"Roberto Osuna"," ","2","2","0","8","4.61","0","40","40.0","38","20","5","35","21","1.49","7.79","4.80","4.59","-0.2","13764"
"Joe Beimel","Rangers","1","1","0","1","4.47","0","25","25.0","26","12","3","16","10","1.44","5.90","3.57","4.60","-0.1","979"
"Dylan Bundy","Orioles","5","5","0","1","4.43","11","26","81.0","81","40","10","61","33","1.40","6.81","3.65","4.60","0.2","12917"
"Josh Zeid","Tigers","0","0","0","1","4.77","0","10","10.0","10","5","1","9","5","1.48","7.69","4.11","4.62","0.0","6527"
"Aaron Sanchez","Blue Jays","9","10","0","1","4.54","26","46","170.0","164","86","18","137","89","1.48","7.26","4.71","4.62","0.3","11490"
"Rafael Betancourt","Rockies","3","3","3","7","4.68","0","40","40.0","42","21","6","31","15","1.40","7.05","3.28","4.64","-0.2","177"
"Jeremy Guthrie","Royals","10","12","0","0","4.41","32","32","195.0","211","95","25","110","51","1.35","5.09","2.36","4.64","0.3","2072"
"Chien-Ming Wang","Braves","1","1","0","0","4.81","3","3","18.0","21","10","2","8","6","1.47","4.11","2.88","4.64","0.0","2074"
"Dan Straily","Astros","4","5","0","0","4.57","13","13","72.0","72","37","11","64","29","1.39","8.00","3.60","4.64","0.3","9460"
"David Goforth","Brewers","1","1","0","1","4.59","0","10","10.0","10","5","1","7","5","1.50","6.50","4.30","4.65","0.0","sa526815"
"Alfredo Simon","Tigers","8","9","0","0","4.77","24","24","146.0","162","77","18","85","46","1.43","5.26","2.85","4.65","0.3","2155"
"Angel Nesbitt"," ","1","1","0","3","4.74","0","30","30.0","31","16","4","24","13","1.46","7.10","3.88","4.65","-0.1","13415"
"Colby Lewis","Rangers","9","11","0","0","4.80","28","28","159.0","174","85","25","119","44","1.37","6.73","2.50","4.67","0.6","1259"
"Logan Darnell","Twins","0","1","0","1","4.98","0","10","10.0","11","6","1","7","4","1.46","6.35","3.18","4.68","0.0","11261"
"Mike Pelfrey","Twins","6","7","0","1","5.06","16","36","114.0","130","64","14","69","41","1.51","5.47","3.27","4.69","0.1","5203"
"Kyle Kendrick","Rockies","10","10","0","0","4.88","28","28","165.0","188","90","23","98","47","1.42","5.35","2.53","4.71","0.9","6230"
"Nick Tepesch","Rangers","6","7","0","1","4.72","16","26","104.0","115","55","14","62","32","1.41","5.36","2.78","4.71","0.3","11716"
"Mike Montgomery","Mariners","1","1","0","1","4.59","2","12","19.0","20","10","2","13","8","1.43","6.01","3.72","4.71","0.0","sa454399"
"Carlos Rodon"," ","4","4","0","0","4.39","13","13","75.0","67","37","10","85","47","1.51","10.16","5.61","4.72","0.2","sa598286"
"Gus Schlosser","Rockies","1","1","1","1","4.88","0","20","20.0","22","11","2","13","8","1.49","5.90","3.43","4.72","0.0","12321"
"Bruce Chen","Indians","2","3","0","0","4.82","6","6","37.0","41","20","6","26","11","1.40","6.31","2.68","4.73","0.0","769"
"Alex Gonzalez","Rangers","2","2","0","0","4.88","5","5","28.0","30","15","4","18","10","1.45","5.74","3.24","4.75","0.1","sa709714"
"Drew VerHagen","Tigers","1","1","0","0","5.01","3","3","19.0","21","10","2","10","6","1.47","4.64","2.95","4.76","0.0","13424"
"Alex White","Astros","1","1","0","1","4.98","2","12","19.0","21","11","2","14","9","1.52","6.65","4.04","4.76","0.0","10054"
"Asher Wojciechowski"," ","0","1","0","0","5.01","2","2","9.0","10","5","1","6","3","1.46","6.10","3.17","4.77","0.0","10836"
"Roberto Hernandez","Astros","4","6","0","1","4.78","13","23","85.0","90","45","11","54","30","1.42","5.75","3.18","4.81","0.0","3273"
"Elvis Araujo","Phillies","1","1","0","1","4.72","0","20","20.0","19","10","2","17","11","1.54","7.84","5.14","4.82","-0.1","sa598786"
"Miguel Castro"," ","2","2","0","11","4.84","0","45","45.0","44","24","5","37","25","1.55","7.32","5.05","4.83","-0.4","15684"
"Buck Farmer","Tigers","4","4","0","1","5.06","8","23","62.0","67","35","10","47","22","1.43","6.81","3.18","4.85","-0.1","14814"
"Miguel Gonzalez","Orioles","9","10","0","0","4.43","28","28","162.0","166","80","26","114","51","1.34","6.30","2.84","4.87","0.5","7024"
"Kyle Drabek","White Sox","0","1","0","1","4.93","0","10","10.0","11","5","2","7","4","1.44","6.51","3.28","4.88","0.0","4359"
"Sean O'Sullivan","Phillies","4","6","0","0","5.04","15","15","84.0","93","47","12","52","30","1.46","5.56","3.18","4.89","0.0","9137"
"Brad Peacock","Astros","3","4","0","1","5.04","8","18","57.0","58","32","9","50","26","1.48","7.87","4.13","4.89","0.0","5401"
"Brad Penny","White Sox","1","1","0","0","5.19","3","3","18.0","21","11","3","12","7","1.52","5.77","3.45","4.89","0.0","535"
"Chris Young","Royals","5","7","0","8","4.53","11","51","106.0","106","53","16","71","37","1.36","6.02","3.14","4.90","-0.2","3196"
"Steven Wright","Red Sox","3","4","0","0","4.90","10","10","56.0","60","30","7","35","24","1.51","5.72","3.94","4.90","-0.1","8185"
"Eddie Butler","Rockies","3","4","0","0","5.10","10","10","56.0","63","32","7","35","22","1.53","5.58","3.55","4.90","0.1","13453"
"Taylor Jungmann","Brewers","3","4","0","0","4.92","8","8","47.0","48","25","6","34","22","1.51","6.65","4.34","4.91","0.0","sa455475"
"Stephen Pryor","Twins","0","1","0","1","5.09","0","10","10.0","10","6","1","9","6","1.61","7.67","5.35","4.93","0.0","10663"
"Anthony Ranaudo","Rangers","4","5","0","5","4.75","6","41","73.0","76","38","11","51","29","1.45","6.27","3.54","4.93","0.0","11424"
"Chris Bassitt","Athletics","1","2","0","1","4.75","3","13","29.0","29","15","3","21","15","1.53","6.49","4.73","4.95","0.0","12304"
"Jonathan Edwards","Rangers","1","1","0","1","4.92","0","20","20.0","19","11","2","19","14","1.65","8.39","6.32","4.95","-0.1","1483"
"Onelki Garcia","White Sox","1","1","0","1","5.00","0","15","15.0","14","8","2","14","10","1.64","8.50","6.09","4.96","-0.1","13674"
"Kyle Ryan","Tigers","3","5","0","5","5.20","5","40","63.0","74","37","9","33","19","1.46","4.75","2.66","5.00","-0.2","11753"
"Maikel Cleto","White Sox","1","1","0","1","5.06","0","20","20.0","19","11","3","21","13","1.60","9.37","5.96","5.03","-0.1","5529"
"John Danks","White Sox","6","10","0","0","5.21","23","23","133.0","147","77","21","85","48","1.47","5.77","3.25","5.10","-0.2","6329"
"David Holmberg","Reds","2","3","0","0","4.83","8","8","46.0","48","25","7","30","18","1.44","5.79","3.50","5.10","-0.1","7725"
"Tim Berry","Orioles","1","2","0","0","5.05","5","5","28.0","30","16","4","18","11","1.46","5.69","3.40","5.10","0.0","sa503777"
"Jason Marquis","Reds","7","10","0","0","4.89","24","24","141.0","148","77","23","97","54","1.43","6.17","3.44","5.10","-0.3","105"
"David Hale","Rockies","5","6","0","0","5.24","16","16","93.0","107","54","11","52","42","1.60","5.07","4.04","5.11","0.0","9756"
"Raisel Iglesias"," ","3","5","0","0","4.93","16","16","94.0","89","51","12","81","61","1.59","7.76","5.82","5.12","-0.2","sa830702"
"Paul Clemens","Phillies","3","6","0","0","5.23","11","11","65.0","70","38","10","44","26","1.49","6.14","3.66","5.12","-0.2","8037"
"Bryan Mitchell","Yankees","2","4","0","1","5.23","5","25","48.0","51","28","7","35","23","1.55","6.58","4.38","5.14","-0.2","11479"
"Nick Martinez","Rangers","2","3","0","0","5.07","6","6","37.0","40","21","5","22","15","1.50","5.47","3.64","5.15","0.0","12730"
"Erik Johnson","White Sox","2","3","0","1","5.38","6","16","48.0","52","28","7","32","22","1.57","6.06","4.22","5.16","-0.1","12520"
"Frankie Montas","White Sox","0","1","0","0","5.37","2","2","9.0","10","6","1","8","5","1.56","7.25","4.49","5.16","0.0","sa551258"
"Michael Ynoa","White Sox","0","1","0","1","5.34","0","10","10.0","10","6","1","8","6","1.63","7.52","5.54","5.17","0.0","sa549595"
"Christian Bergman","Rockies","5","5","0","0","5.34","15","15","81.0","97","48","15","47","20","1.43","5.17","2.18","5.17","0.0","10925"
"Hector Noesi","White Sox","5","8","0","0","5.38","19","19","113.0","126","68","20","78","40","1.47","6.21","3.22","5.23","-0.3","3292"
"Johnny Hellweg","Brewers","1","2","0","0","5.62","3","3","18.0","20","12","2","12","13","1.80","5.95","6.52","5.68","-0.1","10065"
"Raul Fernandez","White Sox","0","1","0","1","5.78","0","10","10.0","11","6","1","8","7","1.73","6.84","6.04","5.74","-0.1","sa506313"
