"Name","Team","Age","G","AB","PA","H","1B","2B","3B","HR","R","RBI","BB","IBB","SO","HBP","SF","SH","GDP","SB","CS","GB","FB","LD","IFFB","IFH","BU","BUH","Spd","F-Strike%","SwStr%","Balls","Strikes","Pitches","playerid"
"Eduardo Nunez","Twins","28","3","6","6","4","2","2","0","0","2","0","0","0","1","0","0","0","0","0","0","1","1","3","0","0","0","0","2.6","66.7 %","9.1 %","7","15","22","6848"
"Ryan Brett","Rays","23","3","3","4","2","1","1","0","0","0","0","1","0","0","0","0","0","0","0","0","1","2","0","0","1","0","0","0.1","25.0 %","10.0 %","11","9","20","12138"
"Daniel Dorn","Diamondbacks","30","1","0","1","0","0","0","0","0","0","0","1","0","0","0","0","0","0","0","0","0","0","0","0","0","0","0","0.1","100.0 %","0.0 %","4","2","6","1050"
"John Jaso","Rays","31","1","0","1","0","0","0","0","0","0","0","1","0","0","0","0","0","0","0","0","0","0","0","0","0","0","0","0.1"," ","0.0 %","4","1","5","5887"
"Elian Herrera","Brewers","30","1","5","5","2","0","1","0","1","3","5","0","0","2","0","0","0","0","0","0","1","1","1","0","0","0","0","2.6","40.0 %","15.0 %","8","12","20","5432"
"Andrew Romine","Tigers","29","10","3","6","2","2","0","0","0","4","0","3","0","1","0","0","0","0","2","1","1","0","1","0","0","0","0","6.3","83.3 %","6.7 %","17","13","30","1159"
"David Buchanan","Phillies","26","3","2","3","1","0","1","0","0","0","0","0","0","0","0","0","1","0","0","0","0","1","1","0","0","1","0","0.1","66.7 %","0.0 %","3","7","10","11176"
"Scott Van Slyke","Dodgers","28","8","13","17","6","2","3","0","1","3","5","3","1","1","1","0","0","0","0","0","4","4","4","0","1","0","0","1.1","52.9 %","4.4 %","32","37","69","4365"
"Danny Valencia","Blue Jays","30","6","10","10","6","4","2","0","0","2","0","0","0","1","0","0","0","0","1","0","6","2","1","0","1","0","0","5.7","80.0 %","3.5 %","8","21","29","6364"
"Justin Masterson","Red Sox","30","3","3","3","2","2","0","0","0","0","1","0","0","1","0","0","0","0","0","0","2","0","0","0","1","0","0","0.1","66.7 %","11.1 %","2","7","9","2038"
"Carlos Sanchez","White Sox","23","1","3","3","2","2","0","0","0","0","0","0","0","1","0","0","0","0","0","0","0","0","2","0","0","0","0","0.1","33.3 %","8.3 %","2","10","12","11602"
"Adrian Gonzalez","Dodgers","33","13","52","59","23","10","8","0","5","13","14","7","2","4","0","0","0","1","0","0","15","21","12","3","1","0","0","1.5","59.3 %","4.5 %","83","119","202","1908"
"Adam Jones","Orioles","29","14","52","58","23","14","4","0","5","12","16","3","1","5","2","1","0","3","0","1","18","17","13","0","1","0","0","2.3","53.5 %","9.7 %","67","129","196","6368"
"Tyler Matzek","Rockies","24","3","4","5","2","1","1","0","0","2","0","0","0","1","0","0","1","0","0","0","1","2","0","0","0","1","0","2.6","60.0 %","5.6 %","5","13","18","10058"
"Joey Votto","Reds","31","14","53","65","20","11","2","1","6","12","13","12","1","9","0","0","0","0","2","0","17","14","13","0","0","0","0","6.6","49.2 %","8.2 %","129","141","270","4314"
"Alex Guerrero","Dodgers","28","7","15","16","6","2","2","0","2","2","9","0","0","1","0","1","0","0","0","0","8","5","2","0","1","0","0","0.1","75.0 %","10.2 %","12","37","49","15670"
"Chris Young","Yankees","31","12","32","38","11","3","4","0","4","6","9","4","0","6","1","0","1","0","0","0","8","14","4","2","1","1","0","0.7","71.1 %","11.7 %","52","102","154","3882"
"Mikie Mahtook","Rays","25","4","4","4","1","0","0","0","1","1","2","0","0","0","0","0","0","0","0","1","0","3","1","0","0","0","0","0.0","75.0 %","0.0 %","3","9","12","13130"
"Kris Bryant","Cubs","23","5","18","24","8","5","3","0","0","2","6","5","0","4","1","0","0","1","0","0","5","7","2","1","2","0","0","0.5","70.8 %","11.1 %","44","55","99","15429"
"Jake Lamb","Diamondbacks","24","10","29","35","12","7","3","1","1","4","9","6","0","3","0","0","0","0","1","1","15","7","4","0","2","0","0","4.8","51.4 %","7.6 %","57","75","132","13329"
"Jason Hammel","Cubs","32","2","6","6","3","2","1","0","0","2","0","0","0","0","0","0","0","0","0","0","3","2","1","0","0","0","0","2.6","83.3 %","6.3 %","4","12","16","4538"
"Stephen Vogt","Athletics","30","13","43","50","15","7","3","1","4","7","12","6","2","7","1","0","0","2","0","0","15","14","7","1","0","0","0","3.1","54.0 %","6.0 %","82","119","201","5000"
"Nelson Cruz","Mariners","34","14","57","61","19","10","1","0","8","10","16","4","0","12","0","0","0","0","0","0","12","29","4","5","0","0","0","0.4","54.1 %","8.3 %","92","148","240","2434"
"Wilin Rosario","Rockies","26","10","14","14","5","1","3","0","1","1","2","0","0","3","0","0","0","0","0","0","6","3","2","0","0","0","0","0.1","92.9 %","18.2 %","16","39","55","8002"
"Gordon Beckham","White Sox","28","10","15","16","6","4","1","0","1","2","4","1","0","2","0","0","0","1","0","0","4","4","5","2","1","0","0","0.6","75.0 %","5.6 %","23","49","72","9015"
"Ryan Raburn","Indians","34","9","21","23","8","2","5","0","1","3","7","1","0","6","0","1","0","1","0","0","5","8","3","0","0","0","0","1.1","52.2 %","8.5 %","45","73","118","2218"
"A.J. Pierzynski","Braves","38","5","20","22","6","3","0","0","3","3","5","1","0","2","1","0","0","0","0","0","7","8","3","0","0","0","0","0.1","63.6 %","4.6 %","19","47","66","746"
"Jimmy Paredes","Orioles","26","3","13","13","6","4","2","0","0","4","0","0","0","1","0","0","0","0","0","0","4","6","2","0","0","0","0","2.6","69.2 %","5.1 %","14","25","39","5481"
"Ryan Flaherty","Orioles","28","8","27","31","9","4","3","0","2","4","4","4","0","6","0","0","0","1","0","0","12","7","2","1","1","0","0","0.7","64.5 %","9.1 %","49","72","121","7888"
"David DeJesus","Rays","35","9","25","28","10","7","2","0","1","5","8","3","0","3","0","0","0","0","0","0","9","11","2","2","1","0","0","1.6","60.7 %","4.2 %","47","71","118","1825"
"Howie Kendrick","Dodgers","31","13","49","55","18","9","6","1","2","8","10","6","1","5","0","0","0","3","1","2","21","9","14","0","0","0","0","5.2","56.4 %","7.7 %","77","130","207","4229"
"Matt Carpenter","Cardinals","29","12","50","54","19","10","7","0","2","11","10","4","0","6","0","0","0","1","0","1","19","14","11","1","1","0","0","3.0","57.4 %","3.8 %","77","136","213","8090"
"Lorenzo Cain","Royals","29","13","50","60","19","12","5","0","2","12","12","6","1","8","3","1","0","2","4","1","16","15","12","0","0","0","0","5.7","53.3 %","7.1 %","91","135","226","9077"
"Paul Goldschmidt","Diamondbacks","27","14","51","61","16","9","2","0","5","12","15","10","1","16","0","0","0","0","2","0","12","14","9","0","0","0","0","4.9","54.1 %","9.6 %","109","142","251","9218"
"Devon Travis","Blue Jays","24","13","45","49","16","9","4","0","3","9","12","2","0","7","2","0","0","1","0","0","17","14","7","1","0","0","0","2.0","57.1 %","7.0 %","73","140","213","13862"
"Miguel Cabrera","Tigers","32","14","54","60","21","14","5","0","2","7","10","6","1","9","0","0","0","4","1","0","18","18","9","1","0","0","0","3.2","78.3 %","6.6 %","77","150","227","1744"
"Zack Cozart","Reds","29","14","51","55","18","11","3","0","4","8","8","2","0","8","1","0","1","0","1","0","21","16","6","1","2","1","0","3.8","60.0 %","5.0 %","64","137","201","2616"
"Anthony Gose","Tigers","24","8","32","32","13","9","2","1","1","6","5","0","0","10","0","0","0","0","1","1","12","7","3","0","4","0","0","6.6","68.8 %","13.7 %","36","88","124","5097"
"Caleb Joseph","Orioles","29","11","36","43","13","9","2","1","1","7","4","6","0","7","1","0","0","1","0","0","8","11","9","0","1","1","0","4.1","51.2 %","8.8 %","66","93","159","7087"
"Sugar Marimon","Braves","26","3","2","2","1","1","0","0","0","0","0","0","0","1","0","0","0","0","0","0","1","0","0","0","1","0","0","0.1","100.0 %","11.1 %","2","7","9","6027"
"Daniel Muno","Mets","26","2","2","2","1","1","0","0","0","0","0","0","0","0","0","0","0","0","1","0","0","1","1","0","0","0","0","5.0"," ","0.0 %","5","4","9","12214"
"Kevin Plawecki","Mets","24","1","4","4","2","2","0","0","0","2","0","0","0","0","0","0","0","0","0","0","2","1","1","1","0","0","0","2.6","75.0 %","0.0 %","3","7","10","13807"
"Kyle Kendrick","Rockies","30","3","7","8","3","2","1","0","0","1","0","0","0","3","0","0","1","0","0","0","1","1","2","0","0","1","0","1.6","62.5 %","21.7 %","4","19","23","6230"
"Jason Rogers","Brewers","27","3","7","7","3","2","1","0","0","1","0","0","0","2","0","0","0","0","0","0","1","4","0","0","0","0","0","1.6","71.4 %","8.7 %","6","17","23","11773"
"Justin Maxwell","Giants","31","13","22","26","7","4","1","1","1","5","4","4","0","7","0","0","0","0","0","0","4","6","5","0","0","0","0","4.5","57.7 %","10.3 %","53","63","116","6827"
"Alex Rodriguez","Yankees","39","14","45","56","12","5","3","0","4","10","11","11","0","16","0","0","0","0","0","0","7","16","6","0","0","0","0","1.5","64.3 %","14.6 %","106","141","247","1274"
"Billy Butler","Athletics","29","15","56","62","21","15","4","0","2","9","8","6","0","9","0","0","0","4","0","0","26","12","9","1","1","0","0","1.3","51.6 %","9.6 %","94","145","239","7399"
"Josh Donaldson","Blue Jays","29","14","55","62","19","11","5","0","3","11","11","5","0","9","1","1","0","2","0","0","21","21","5","1","1","0","0","1.9","45.2 %","10.2 %","106","150","256","5038"
"Matt Holliday","Cardinals","35","12","40","50","17","16","1","0","0","5","7","9","1","7","0","1","0","1","2","1","19","5","10","1","1","0","0","3.0","56.0 %","8.2 %","81","114","195","1873"
"Nolan Arenado","Rockies","24","12","45","50","14","5","6","0","3","10","10","5","2","2","0","0","0","2","0","1","17","14","12","0","0","0","0","3.2","62.0 %","6.4 %","65","108","173","9777"
"Mike Trout","Angels","23","14","51","59","18","12","3","0","3","13","9","7","2","12","0","1","0","0","3","0","15","15","10","2","3","0","0","6.1","62.7 %","5.6 %","108","144","252","10155"
"Joc Pederson","Dodgers","23","13","40","52","12","6","4","0","2","8","6","12","3","18","0","0","0","0","1","3","10","6","6","1","1","0","0","2.8","48.1 %","15.4 %","104","123","227","11899"
"Henderson Alvarez","Marlins","25","2","3","3","1","0","1","0","0","1","0","0","0","1","0","0","0","0","0","0","0","1","1","0","0","0","0","2.6","100.0 %","13.3 %","1","14","15","5669"
"DJ LeMahieu","Rockies","26","14","48","51","20","18","0","1","1","3","9","2","0","7","0","0","1","1","1","0","18","11","12","0","2","1","0","5.2","52.9 %","2.5 %","71","127","198","9874"
"Brett Hayes","Indians","31","2","5","5","1","0","0","0","1","1","1","0","0","3","0","0","0","0","0","0","0","2","0","0","0","0","0","0.1","80.0 %","13.6 %","5","17","22","4293"
"Mike Moustakas","Royals","26","14","55","65","18","12","3","0","3","13","5","4","0","5","4","0","2","1","1","0","16","23","10","8","2","3","1","5.2","55.4 %","3.9 %","88","144","232","4892"
"Andrew Susac","Giants","25","3","7","8","3","3","0","0","0","1","0","1","0","1","0","0","0","0","0","0","1","4","1","0","1","0","0","1.1","75.0 %","14.3 %","9","19","28","13132"
"Kevin Kiermaier","Rays","25","12","37","39","11","3","5","1","2","8","4","2","0","6","0","0","0","0","0","0","14","12","5","1","1","0","0","5.1","66.7 %","9.8 %","63","100","163","11038"
"Jake Marisnick","Astros","24","13","36","42","13","9","2","1","1","6","6","3","0","6","1","1","1","0","4","0","14","10","7","0","2","1","0","8.5","71.4 %","8.0 %","58","105","163","11339"
"Salvador Perez","Royals","25","14","54","56","20","14","3","0","3","8","12","1","0","4","0","1","0","2","1","0","23","19","9","0","3","0","0","3.9","51.8 %","6.0 %","63","120","183","7304"
"Welington Castillo","Cubs","28","7","16","17","4","1","1","0","2","3","5","1","0","4","0","0","0","0","0","0","5","5","2","1","1","0","0","1.6","76.5 %","16.3 %","15","34","49","3256"
"Jose Iglesias","Tigers","25","14","45","50","18","14","4","0","0","5","2","4","0","3","0","0","1","1","4","1","22","10","10","3","3","1","0","4.5","52.0 %","2.2 %","64","119","183","10231"
"Jeff Baker","Marlins","34","5","2","5","0","0","0","0","0","3","0","3","0","1","0","0","0","0","0","0","0","0","1","0","0","0","0","2.6","20.0 %","0.0 %","16","10","26","2073"
"Kendrys Morales","Royals","32","14","57","63","20","13","5","0","2","12","9","5","1","9","1","0","0","3","0","0","20","16","12","1","1","0","0","2.2","66.7 %","12.6 %","77","138","215","8610"
"Prince Fielder","Rangers","31","14","57","62","22","17","4","0","1","5","9","4","1","5","1","0","0","1","0","0","24","14","14","1","0","0","0","0.5","54.8 %","8.3 %","79","137","216","4613"
"Yangervis Solarte","Padres","27","13","31","33","11","7","3","0","1","3","8","2","0","2","0","0","0","1","0","0","10","12","7","0","1","0","0","0.6","69.7 %","4.4 %","47","89","136","5352"
"Paulo Orlando","Royals","29","8","29","33","8","3","0","5","0","7","3","4","0","5","0","0","0","0","1","0","10","8","6","0","1","0","0","8.6","57.6 %","7.8 %","42","87","129","8628"
"Danny Espinosa","Nationals","28","8","22","30","5","2","1","0","2","5","3","6","1","3","1","0","1","0","0","0","7","9","3","0","1","1","0","1.6","73.3 %","9.4 %","48","69","117","9219"
"Brock Holt","Red Sox","27","9","29","31","12","10","2","0","0","3","5","1","0","4","0","0","1","0","1","0","15","2","8","0","1","1","0","4.1","61.3 %","3.0 %","47","88","135","9345"
"Clint Barmes","Padres","36","9","24","26","8","5","2","0","1","6","1","2","0","6","0","0","0","0","0","1","5","8","4","0","1","1","1","3.8","50.0 %","12.0 %","28","64","92","1830"
"Jonathan Schoop","Orioles","23","9","27","29","7","3","1","0","3","3","7","1","0","6","1","0","0","0","0","0","9","8","4","2","1","0","0","0.1","65.5 %","12.6 %","38","65","103","11265"
"Matt Kemp","Padres","30","15","61","66","22","15","4","2","1","12","14","4","0","9","0","1","0","1","2","0","29","14","10","0","2","0","0","8.0","53.0 %","12.5 %","96","177","273","5631"
"Nick Markakis","Braves","31","12","43","52","16","15","1","0","0","8","5","9","0","7","0","0","0","0","1","0","19","6","11","0","4","0","0","4.0","61.5 %","4.3 %","87","123","210","5930"
"Lucas Duda","Mets","29","14","52","58","17","9","7","0","1","8","8","5","0","11","1","0","0","1","0","0","8","17","16","2","1","0","0","1.6","43.1 %","5.6 %","99","150","249","2502"
"John Mayberry","Mets","31","7","9","11","2","1","0","0","1","2","1","2","0","1","0","0","0","0","1","0","3","4","1","2","0","0","0","6.0","63.6 %","8.8 %","15","19","34","3390"
"Jonny Gomes","Braves","34","10","24","31","6","3","1","0","2","4","7","5","0","8","1","1","0","0","0","0","7","8","2","0","1","0","0","0.9","51.6 %","7.1 %","52","75","127","1845"
"Mitch Moreland","Rangers","29","11","30","37","9","5","3","0","1","2","6","3","0","6","3","1","0","0","0","0","8","10","7","0","1","0","0","0.1","46.0 %","7.8 %","63","90","153","3086"
"Jose Abreu","White Sox","28","13","51","54","14","6","3","1","4","6","9","2","0","11","1","0","0","3","0","0","18","13","9","0","0","0","0","3.1","55.6 %","15.7 %","67","118","185","15676"
"Anthony Recker","Mets","31","4","3","7","0","0","0","0","0","0","0","4","0","1","0","0","0","0","0","0","0","1","1","0","0","0","0","0.1","100.0 %","6.7 %","18","12","30","4063"
"Travis Snider","Orioles","27","12","40","46","13","9","2","1","1","6","7","6","1","11","0","0","0","0","0","0","14","11","4","3","2","0","0","3.8","54.4 %","13.4 %","71","115","186","2830"
"Yonder Alonso","Padres","28","14","48","58","17","14","2","0","1","6","7","8","2","7","1","1","0","5","1","0","28","9","5","0","1","0","0","3.3","58.6 %","8.8 %","88","128","216","2530"
"Yasiel Puig","Dodgers","24","8","34","38","10","6","2","0","2","4","4","3","0","7","1","0","0","0","0","1","10","8","9","0","1","0","0","1.7","63.2 %","12.0 %","59","91","150","14225"
"Justin Upton","Padres","27","14","54","59","17","10","3","1","3","11","8","4","1","16","0","1","0","1","1","0","12","18","9","2","1","0","0","7.4","64.4 %","14.1 %","93","149","242","5222"
"Anthony Rizzo","Cubs","25","13","43","59","13","11","1","0","1","10","5","9","2","7","6","1","0","1","3","0","15","11","10","4","3","1","1","5.9","39.0 %","6.2 %","117","125","242","3473"
"Giancarlo Stanton","Marlins","25","14","50","59","13","6","4","0","3","8","12","8","0","18","1","0","0","0","2","0","13","14","5","0","2","0","0","4.7","52.5 %","14.3 %","93","138","231","4949"
"Dee Gordon","Marlins","27","14","59","63","23","18","4","1","0","8","9","2","0","5","0","1","1","2","7","4","32","6","14","0","7","4","1","7.0","61.9 %","4.5 %","63","160","223","8203"
"A.J. Pollock","Diamondbacks","27","14","50","56","17","13","3","0","1","11","6","5","0","7","1","0","0","1","1","2","25","12","6","2","2","0","0","3.8","62.5 %","6.7 %","72","136","208","9256"
"Bryce Harper","Nationals","22","14","49","61","13","8","1","0","4","10","8","12","5","20","0","0","0","1","0","0","12","11","6","0","0","0","0","1.3","54.1 %","10.8 %","119","159","278","11579"
"Luis Valbuena","Astros","29","12","45","51","11","5","1","0","5","5","7","5","0","9","0","1","0","2","1","0","10","18","9","2","0","0","0","3.1","62.8 %","6.7 %","69","141","210","4969"
"Carlos Corporan","Rangers","31","6","19","24","5","2","2","0","1","4","2","2","0","5","2","1","0","0","0","0","3","9","3","0","0","0","0","2.6","50.0 %","8.5 %","38","56","94","5587"
"Jorge Soler","Cubs","23","13","55","60","18","12","3","1","2","9","9","3","0","18","1","1","0","1","0","0","14","12","12","0","1","0","0","4.3","58.3 %","16.2 %","81","141","222","14221"
"Ike Davis","Athletics","28","14","41","48","13","8","4","0","1","7","7","6","0","6","0","1","0","1","0","0","15","9","12","0","1","0","0","1.6","56.3 %","3.3 %","76","107","183","8433"
"Travis d'Arnaud","Mets","26","11","41","45","13","9","1","1","2","5","10","1","0","4","2","1","0","1","0","0","12","20","6","4","0","0","0","3.6","60.0 %","6.0 %","54","96","150","7739"
"Freddie Freeman","Braves","25","13","50","55","13","6","3","0","4","9","8","5","0","14","0","0","0","0","0","0","13","18","5","1","0","0","0","1.7","50.9 %","12.1 %","87","144","231","5361"
"Justin Turner","Dodgers","30","10","17","17","6","3","3","0","0","1","1","0","0","3","0","0","0","1","0","0","6","3","5","0","0","0","0","0.6","35.3 %","9.7 %","22","40","62","5235"
"Yoenis Cespedes","Tigers","29","14","56","58","17","8","5","1","3","7","12","1","0","13","0","1","0","2","0","0","20","16","8","0","1","0","0","3.7","63.8 %","11.1 %","71","145","216","13110"
"Josh Collmenter","Diamondbacks","29","3","7","8","3","3","0","0","0","1","1","0","0","1","0","0","1","0","0","0","4","0","2","0","0","1","0","1.6","75.0 %","0.0 %","5","15","20","7312"
"Yasmany Tomas","Diamondbacks","24","5","7","7","3","3","0","0","0","1","0","0","0","0","0","0","0","0","0","0","6","1","0","0","0","0","0","1.6","100.0 %","4.2 %","3","21","24","17171"
"Jerry Sands","Indians","27","6","20","22","7","5","2","0","0","2","4","2","0","6","0","0","0","0","0","0","5","5","4","0","2","0","0","0.9","59.1 %","12.6 %","38","57","95","4016"
"J.D. Martinez","Tigers","27","14","57","59","16","9","2","0","5","10","11","2","0","14","0","0","0","0","1","0","8","22","13","2","1","0","0","4.7","64.4 %","14.6 %","67","146","213","6184"
"Steven Souza","Rays","26","14","48","55","13","8","2","0","3","5","10","7","0","20","0","0","0","2","4","2","12","9","6","1","1","1","1","3.6","65.5 %","11.9 %","96","148","244","5667"
"Chris Herrmann","Twins","27","5","9","9","3","2","0","1","0","2","2","0","0","1","0","0","0","0","0","0","5","2","1","1","0","0","0","5.1","66.7 %","10.8 %","13","24","37","9284"
"Alex Avila","Tigers","28","11","25","34","6","4","1","0","1","7","3","8","0","7","0","0","1","0","0","0","5","9","4","2","0","1","0","2.4","67.7 %","9.2 %","70","82","152","7476"
"Cody Asche","Phillies","25","13","44","48","15","12","2","0","1","3","2","4","0","13","0","0","0","0","0","0","13","5","13","1","2","0","0","0.2","64.6 %","9.6 %","65","123","188","11997"
"Starlin Castro","Cubs","25","13","54","56","19","16","1","0","2","5","10","2","0","8","0","0","0","2","1","1","29","10","7","2","5","0","0","2.0","57.1 %","8.4 %","73","142","215","4579"
"Nori Aoki","Giants","33","15","64","71","22","17","4","1","0","7","2","6","0","9","1","0","0","0","4","1","32","8","15","0","3","0","0","6.3","63.4 %","4.5 %","109","178","287","13075"
"Will Venable","Padres","32","10","16","16","4","2","0","0","2","3","4","0","0","5","0","0","0","1","0","0","5","5","1","0","0","0","0","2.6","68.8 %","13.9 %","17","48","65","211"
"Hanley Ramirez","Red Sox","31","13","52","58","14","9","0","0","5","9","12","4","1","6","1","1","0","3","1","0","26","12","9","3","2","0","0","4.1","56.9 %","9.7 %","86","131","217","8001"
"Sam Fuld","Athletics","33","14","50","56","15","7","5","3","0","11","4","5","0","6","0","1","0","2","1","0","23","11","11","0","1","0","0","7.9","55.4 %","4.7 %","84","151","235","8254"
"Brett Gardner","Yankees","31","11","39","48","12","10","1","0","1","11","4","5","0","7","2","0","2","1","5","1","20","6","4","1","3","4","1","6.8","39.6 %","6.1 %","82","99","181","9927"
"Tony Sanchez","Pirates","27","3","8","9","3","3","0","0","0","2","0","1","0","3","0","0","0","0","0","0","1","1","3","0","0","0","0","2.6","44.4 %","12.2 %","18","23","41","6178"
"Steve Tolleson","Blue Jays","31","6","11","12","3","1","1","1","0","3","2","1","0","4","0","0","0","1","0","0","5","1","1","0","0","0","0","5.1","66.7 %","7.3 %","13","28","41","4450"
"Charlie Blackmon","Rockies","28","14","53","62","15","8","4","2","1","8","7","7","0","14","1","1","0","0","1","1","17","13","10","0","0","0","0","5.7","54.8 %","7.1 %","99","156","255","7859"
"Troy Tulowitzki","Rockies","30","14","52","54","17","8","8","0","1","9","8","1","0","11","0","1","0","2","0","0","16","15","11","2","1","0","0","2.5","63.0 %","8.9 %","58","134","192","3531"
"Kole Calhoun","Angels","27","11","41","44","12","7","2","1","2","8","8","2","0","10","0","0","1","0","0","0","8","12","11","1","0","1","0","5.1","61.4 %","11.5 %","68","115","183","11200"
"Michael Cuddyer","Mets","36","13","49","54","15","10","3","1","1","8","7","4","0","17","1","0","0","1","0","0","21","6","5","0","4","0","0","4.4","59.3 %","12.0 %","70","146","216","1534"
"Freddy Galvis","Phillies","25","13","47","52","15","12","1","1","1","3","8","4","0","4","1","0","0","0","0","0","16","15","9","1","0","3","0","2.7","73.1 %","5.3 %","56","133","189","6609"
"Eric Hosmer","Royals","25","14","51","63","16","14","1","0","1","8","9","9","0","7","1","1","1","1","2","1","21","14","10","1","1","1","0","3.6","61.9 %","8.8 %","96","154","250","3516"
"Kyle Seager","Mariners","27","14","53","59","16","11","3","0","2","5","9","6","1","6","0","0","0","2","1","1","17","17","11","2","0","2","1","1.9","47.5 %","4.1 %","95","127","222","9785"
"Mike Aviles","Indians","34","9","25","29","7","5","1","0","1","4","1","4","0","3","0","0","0","2","0","0","13","6","3","0","1","0","0","1.4","48.3 %","5.7 %","51","73","124","5986"
"Nick Castellanos","Tigers","23","14","47","55","14","9","3","1","1","3","5","7","1","11","0","1","0","2","0","1","15","11","11","1","0","0","0","3.4","69.1 %","13.4 %","71","138","209","11737"
"Odubel Herrera","Phillies","23","14","47","51","14","7","5","2","0","7","3","4","0","11","0","0","0","0","3","0","16","13","7","2","2","0","0","8.7","64.7 %","10.9 %","67","135","202","11476"
"Nick Hundley","Rockies","31","11","42","45","13","9","2","1","1","4","3","3","0","10","0","0","0","1","0","2","15","10","7","2","2","0","0","4.6","55.6 %","9.4 %","69","112","181","3376"
"Johnny Giavotella","Angels","27","14","41","47","13","10","2","0","1","7","7","4","0","7","1","1","0","1","0","0","21","6","8","0","1","0","0","1.9","76.6 %","6.6 %","64","119","183","6740"
"Carlos Peguero","Rangers","28","9","21","27","5","2","3","0","0","3","1","5","0","10","1","0","0","0","1","0","3","6","2","0","0","0","0","4.9","55.6 %","12.9 %","47","69","116","8760"
"Chris Johnson","Braves","30","9","29","34","9","5","4","0","0","4","3","4","0","5","0","1","0","1","0","0","11","12","2","0","1","0","0","1.4","64.7 %","9.2 %","52","78","130","1191"
"Logan Forsythe","Rays","28","14","45","51","12","7","3","0","2","5","5","6","0","8","0","0","0","0","1","0","16","16","5","1","2","0","0","3.5","62.8 %","5.1 %","85","132","217","7185"
"Angel Pagan","Giants","33","15","57","63","19","14","4","1","0","4","4","5","0","6","0","1","0","2","1","0","32","9","11","0","2","0","0","5.3","47.6 %","3.2 %","99","149","248","2918"
"Todd Frazier","Reds","29","14","56","63","14","7","3","0","4","11","13","6","0","9","0","1","0","1","1","0","17","20","11","3","1","0","0","4.9","54.0 %","11.3 %","88","143","231","785"
"Ian Desmond","Nationals","29","14","56","61","17","11","5","0","1","9","5","3","0","11","2","0","0","0","0","1","29","8","7","1","2","1","1","3.0","75.4 %","14.0 %","68","146","214","6885"
"Dustin Pedroia","Red Sox","31","13","54","63","14","8","3","0","3","7","7","6","0","11","1","1","1","3","0","0","25","11","8","1","0","1","0","1.0","49.2 %","6.8 %","98","151","249","8370"
"Alex Rios","Royals","34","7","28","29","9","7","1","0","1","4","8","0","0","4","1","0","0","3","2","0","10","6","8","1","0","0","0","6.1","65.5 %","7.0 %","35","65","100","2090"
"Mark Teixeira","Yankees","35","13","45","58","9","1","4","0","4","7","10","10","2","10","0","3","0","0","0","0","12","19","7","2","0","0","0","0.8","51.7 %","6.6 %","104","122","226","1281"
"Marwin Gonzalez","Astros","26","4","17","17","5","3","1","0","1","3","2","0","0","3","0","0","0","1","0","0","5","6","3","0","0","0","0","2.6","64.7 %","5.1 %","21","38","59","5497"
"Drew Butera","Angels","31","5","5","5","2","2","0","0","0","1","0","0","0","0","0","0","0","0","0","1","1","2","2","0","0","0","0","5.0","40.0 %","0.0 %","7","10","17","3411"
"Sean Rodriguez","Pirates","30","10","10","11","4","4","0","0","0","2","1","0","0","3","0","0","1","0","1","0","4","0","3","0","0","1","0","6.8","63.6 %","21.1 %","10","28","38","6589"
"Adam Lind","Brewers","31","13","47","55","13","7","5","0","1","3","6","7","0","7","0","1","0","0","0","0","23","13","5","1","1","0","0","0.2","43.6 %","7.4 %","84","133","217","8027"
"David Wright","Mets","32","8","33","35","11","10","0","0","1","3","4","2","0","5","0","0","0","1","2","0","7","12","9","2","1","0","0","4.4","60.0 %","9.2 %","37","83","120","3787"
"Xander Bogaerts","Red Sox","22","12","47","53","15","13","1","1","0","8","8","6","0","7","0","0","0","1","2","0","20","14","6","2","5","0","0","7.7","54.7 %","6.2 %","77","132","209","12161"
"Seth Smith","Mariners","32","10","25","31","7","3","3","1","0","4","4","4","0","3","0","2","0","1","0","0","8","11","5","0","0","0","0","4.3","48.4 %","10.8 %","54","85","139","7331"
"Yunel Escobar","Nationals","32","12","47","52","13","9","2","0","2","6","2","5","0","4","0","0","0","1","0","1","24","11","8","0","2","0","0","1.9","67.3 %","8.5 %","71","118","189","4191"
"Wil Nieves","Padres","37","3","7","8","1","0","0","0","1","1","4","1","0","3","0","0","0","0","0","0","3","1","0","0","0","0","0","0.1","62.5 %","26.7 %","11","19","30","1556"
"Wil Myers","Padres","24","15","64","67","20","13","6","0","1","14","10","2","0","12","1","0","0","0","2","2","23","21","7","5","4","1","1","4.8","68.7 %","9.4 %","76","158","234","10047"
"Corey Dickerson","Rockies","26","14","50","52","14","8","3","1","2","8","10","2","0","12","0","0","0","0","0","1","15","12","11","2","0","0","0","5.7","65.4 %","12.4 %","63","138","201","10762"
"Ender Inciarte","Diamondbacks","24","14","53","56","17","12","4","1","0","11","6","1","0","3","2","0","0","1","2","1","33","8","8","0","0","1","1","7.6","55.4 %","2.5 %","65","133","198","4922"
"Hank Conger","Astros","27","5","9","12","1","0","0","0","1","1","2","3","0","5","0","0","0","0","0","0","1","3","0","1","0","0","0","0.1","83.3 %","3.9 %","21","30","51","2505"
"Ryan Hanigan","Red Sox","34","11","29","40","6","5","0","0","1","8","5","8","0","10","2","0","0","1","0","0","9","6","4","0","2","0","0","2.6","65.0 %","2.8 %","76","106","182","4952"
"Derek Norris","Padres","26","14","56","58","18","11","7","0","0","9","7","2","0","9","0","0","0","1","0","0","21","18","8","0","4","0","0","2.3","56.9 %","7.6 %","69","142","211","6867"
"Carlos Santana","Indians","29","13","48","56","11","7","1","0","3","6","8","8","0","11","0","0","0","0","2","0","12","17","8","2","2","0","0","4.1","64.3 %","4.0 %","106","144","250","2396"
"Michael Taylor","Nationals","24","12","48","51","13","7","3","1","2","3","8","3","1","19","0","0","0","0","2","1","9","11","8","1","0","1","0","5.6","51.0 %","15.9 %","75","132","207","11489"
"JR Murphy","Yankees","24","6","12","16","3","1","2","0","0","3","1","3","0","4","0","1","0","0","0","0","1","5","3","0","0","0","0","2.6","43.8 %","5.6 %","30","42","72","10346"
"Ruben Tejada","Mets","25","5","11","14","3","1","2","0","0","1","3","3","2","0","0","0","0","0","0","0","5","3","3","0","0","0","0","0.6","57.1 %","6.1 %","23","26","49","5519"
"Andre Ethier","Dodgers","33","12","28","34","7","4","1","1","1","6","3","4","1","7","1","1","0","0","0","0","9","11","2","2","3","0","0","5.1","55.9 %","8.3 %","58","75","133","6265"
"Will Middlebrooks","Padres","26","15","58","61","15","8","3","1","3","8","11","3","0","16","0","0","0","1","2","0","11","18","13","1","0","0","0","7.7","68.9 %","13.3 %","76","157","233","7002"
"Andres Blanco","Phillies","31","6","10","11","3","2","1","0","0","1","0","0","0","2","1","0","0","1","0","0","4","3","1","0","0","0","0","1.6","36.4 %","6.7 %","13","32","45","1907"
"Tim Beckham","Rays","25","13","32","36","8","5","0","1","2","5","6","3","0","13","0","1","0","0","1","0","8","8","3","0","0","1","1","7.4","69.4 %","11.6 %","52","112","164","7949"
"Jed Lowrie","Astros","31","13","43","50","10","6","1","0","3","5","7","6","2","13","1","0","0","1","1","0","15","10","5","2","2","0","0","3.3","54.0 %","10.2 %","89","136","225","4418"
"Shane Robinson","Twins","30","10","22","22","8","7","1","0","0","5","4","0","0","4","0","0","0","0","2","0","7","6","5","1","2","0","0","6.9","72.7 %","6.4 %","23","55","78","4249"
"Robinson Cano","Mariners","32","14","58","61","17","9","7","0","1","9","6","3","1","10","0","0","0","2","0","1","20","14","14","1","0","0","0","3.0","72.1 %","9.7 %","77","149","226","3269"
"Jean Segura","Brewers","25","14","52","55","16","12","3","0","1","7","4","2","0","6","1","0","0","2","2","0","26","8","10","2","2","2","0","5.2","54.6 %","7.5 %","65","134","199","5933"
"Colby Rasmus","Astros","28","12","33","36","7","2","2","1","2","3","3","3","0","14","0","0","0","1","0","0","5","10","4","2","0","0","0","2.8","69.4 %","15.4 %","51","85","136","9893"
"Rajai Davis","Tigers","34","11","32","38","8","6","1","0","1","5","4","6","0","6","0","0","0","1","3","1","14","6","5","0","1","1","0","4.9","68.4 %","3.4 %","55","92","147","3708"
"Randal Grichuk","Cardinals","23","6","10","10","2","0","1","0","1","2","2","0","0","2","0","0","0","0","0","0","4","4","0","0","0","0","0","2.6","30.0 %","12.2 %","16","25","41","10243"
"Tyler Flowers","White Sox","29","11","28","29","8","5","2","0","1","3","4","1","0","8","0","0","0","1","0","0","7","10","3","2","0","0","0","1.1","69.0 %","7.6 %","27","65","92","9134"
"Pedro Alvarez","Pirates","28","14","44","47","10","5","1","0","4","9","7","3","1","13","0","0","0","0","0","0","20","9","2","0","0","0","0","2.6","61.7 %","11.7 %","68","112","180","2495"
"Avisail Garcia","White Sox","24","12","43","47","12","8","3","0","1","7","3","3","0","11","1","0","0","1","1","1","19","6","7","0","1","0","0","4.0","74.5 %","12.8 %","47","109","156","5760"
"Stephen Drew","Yankees","32","13","42","50","8","3","1","0","4","5","8","6","0","9","0","1","1","2","0","1","12","20","2","2","0","1","0","1.2","62.0 %","6.3 %","82","124","206","4251"
"Jose Bautista","Blue Jays","34","14","47","59","7","2","1","0","4","12","10","11","0","12","1","0","0","2","0","1","7","21","7","2","0","0","0","3.5","45.8 %","8.4 %","113","148","261","1887"
"Andrew McCutchen","Pirates","28","13","45","55","10","6","2","0","2","7","10","6","0","9","3","1","0","0","0","1","17","16","4","2","0","0","0","2.6","69.1 %","10.2 %","87","129","216","9847"
"David Ross","Cubs","38","7","7","11","1","0","1","0","0","0","0","4","1","2","0","0","0","0","0","0","1","3","1","1","0","0","0","0.1","27.3 %","4.0 %","24","26","50","1551"
"Francisco Cervelli","Pirates","29","11","36","41","11","9","2","0","0","3","3","2","0","10","2","0","1","0","0","1","17","6","3","0","2","1","0","1.9","58.5 %","9.1 %","56","87","143","5275"
"Chris Coghlan","Cubs","30","13","39","44","9","4","3","0","2","4","3","4","0","9","0","0","1","1","1","1","11","13","5","0","0","2","1","2.7","45.5 %","10.1 %","62","96","158","6878"
"Adam LaRoche","White Sox","35","13","45","52","9","4","2","0","3","8","8","6","0","21","1","0","0","0","0","0","12","9","3","1","0","0","0","2.1","59.6 %","13.7 %","81","124","205","1904"
"Chris Davis","Orioles","29","13","50","55","12","6","4","0","2","6","7","3","0","22","2","0","0","1","0","0","9","12","7","0","0","0","0","1.4","67.3 %","17.4 %","78","141","219","9272"
"Mark Canha","Athletics","26","12","51","54","15","11","3","0","1","9","7","3","0","12","0","0","0","0","1","0","20","13","6","4","3","0","0","5.2","61.1 %","12.2 %","59","129","188","11445"
"Garrett Jones","Yankees","34","7","18","19","5","3","1","1","0","1","0","1","0","4","0","0","0","1","0","0","9","2","3","0","1","0","0","3.1","68.4 %","9.5 %","24","50","74","2714"
"Starling Marte","Pirates","26","13","48","53","10","4","1","0","5","9","12","2","1","18","1","1","1","1","2","1","16","10","5","0","1","1","0","6.1","71.7 %","16.5 %","67","139","206","9241"
"Clayton Kershaw","Dodgers","27","3","5","6","1","0","1","0","0","0","0","1","0","3","0","0","0","0","0","0","1","0","1","0","0","0","0","0.1","50.0 %","17.9 %","10","18","28","2036"
"Alex Gordon","Royals","31","11","36","44","8","5","2","0","1","3","5","4","1","7","4","0","0","0","0","0","10","12","7","0","0","0","0","0.7","59.1 %","6.4 %","65","91","156","5209"
"Jeff Francoeur","Phillies","31","13","36","40","8","4","2","0","2","4","4","4","0","7","0","0","0","1","0","0","13","13","3","1","0","0","0","0.8","67.5 %","10.7 %","36","85","121","4792"
"David Peralta","Diamondbacks","27","12","34","38","8","4","2","0","2","5","6","2","0","7","1","1","0","0","0","0","15","8","5","0","0","0","0","1.9","52.6 %","9.3 %","57","83","140","2136"
"Matt Duffy","Giants","24","12","33","38","9","6","2","0","1","1","6","3","0","6","0","1","1","2","0","0","17","7","4","0","3","1","1","0.1","65.8 %","8.4 %","55","88","143","13836"
"Cliff Pennington","Diamondbacks","31","6","10","13","2","1","1","0","0","2","0","3","0","3","0","0","0","0","1","0","2","1","3","0","0","1","0","6.2","53.9 %","8.3 %","25","35","60","3395"
"Jhonny Peralta","Cardinals","33","12","48","51","14","9","4","0","1","6","7","2","0","11","0","1","0","1","0","0","13","12","13","1","1","0","0","1.6","64.7 %","12.1 %","56","117","173","1738"
"Dalton Pompey","Blue Jays","22","14","52","58","12","6","4","0","2","10","6","5","0","12","1","0","0","0","1","0","15","13","9","3","0","3","1","5.4","53.5 %","14.6 %","90","136","226","12797"
"Ben Zobrist","Athletics","34","12","45","50","12","6","5","0","1","8","8","4","1","3","0","1","0","1","1","0","21","14","7","1","0","1","0","5.4","44.0 %","1.6 %","79","110","189","7435"
"Mark Reynolds","Cardinals","31","9","14","17","3","1","2","0","0","0","1","3","0","5","0","0","0","1","0","0","5","3","1","0","1","0","0","0.1","47.1 %","15.8 %","33","43","76","7619"
"Yadier Molina","Cardinals","32","12","44","49","13","9","4","0","0","1","7","4","1","10","0","0","1","0","0","0","16","11","7","3","1","1","0","0.1","63.3 %","10.1 %","58","100","158","7007"
"Dustin Ackley","Mariners","27","12","38","42","8","4","1","0","3","6","3","3","0","7","0","0","1","0","0","0","13","14","4","0","1","1","0","1.9","47.6 %","5.1 %","70","105","175","10099"
"Brad Miller","Mariners","25","14","44","48","12","8","2","1","1","4","6","3","0","11","0","1","0","0","2","0","19","5","10","0","0","0","0","7.1","66.7 %","9.9 %","57","125","182","12775"
"Wilmer Flores","Mets","23","12","40","44","10","7","1","0","2","7","5","2","0","9","1","0","1","1","0","0","10","16","5","3","3","1","0","2.6","65.9 %","9.5 %","59","110","169","5827"
"Dexter Fowler","Cubs","29","13","56","63","13","7","3","2","1","10","4","7","0","14","0","0","0","0","3","0","19","17","5","2","1","1","1","8.9","63.5 %","8.9 %","104","143","247","4062"
"Brandon Crawford","Giants","28","15","49","55","11","7","1","0","3","6","8","4","1","12","2","0","0","1","0","0","15","11","10","0","1","1","1","1.1","52.7 %","13.9 %","83","140","223","5343"
"Delmon Young","Orioles","29","8","23","25","7","6","1","0","0","4","2","1","0","2","1","0","0","1","0","0","9","7","5","1","2","0","0","2.6","64.0 %","6.7 %","27","48","75","2140"
"Jason Castro","Astros","28","11","37","43","9","7","1","0","1","4","2","6","0","7","0","0","0","2","0","0","12","7","11","0","2","0","0","0.9","58.1 %","8.6 %","68","95","163","8722"
"Clint Robinson","Nationals","30","8","23","23","7","5","1","1","0","3","2","0","0","5","0","0","0","0","0","0","9","5","4","1","0","0","0","4.7","78.3 %","9.6 %","27","56","83","6908"
"Ian Kinsler","Tigers","33","14","57","62","17","13","3","1","0","12","8","4","0","9","0","1","0","3","1","0","19","18","12","0","0","0","0","7.4","72.6 %","5.4 %","82","159","241","6195"
"Justin Smoak","Blue Jays","28","11","21","26","5","4","1","0","0","3","2","5","0","8","0","0","0","0","0","0","6","4","3","1","0","0","0","1.4","53.9 %","11.5 %","52","61","113","9054"
"Alcides Escobar","Royals","28","12","51","57","16","12","4","0","0","8","5","2","0","3","0","1","3","1","1","0","19","17","13","2","1","3","0","5.0","77.2 %","6.9 %","56","132","188","6310"
"Pablo Sandoval","Red Sox","28","12","49","56","14","13","1","0","0","5","4","4","0","12","3","0","0","1","0","0","23","8","6","1","1","0","0","1.3","58.9 %","10.2 %","79","146","225","5409"
"Evan Longoria","Rays","29","14","43","54","8","3","4","0","1","6","2","10","1","8","1","0","0","2","0","0","14","14","7","2","0","0","0","1.4","57.4 %","8.5 %","85","127","212","9368"
"Ryan Zimmerman","Nationals","30","14","54","61","11","4","4","1","2","7","11","7","0","11","0","0","0","0","0","0","21","16","6","0","1","0","0","4.0","72.1 %","7.5 %","91","150","241","4220"
"Trevor Plouffe","Twins","29","13","47","51","11","6","3","0","2","6","3","4","0","10","0","0","0","1","0","0","14","16","6","2","3","1","1","1.4","64.7 %","8.1 %","66","119","185","7462"
"Eric Campbell","Mets","28","6","18","25","5","5","0","0","0","7","3","5","0","1","0","2","0","2","1","0","9","5","5","1","1","0","0","6.0","60.0 %","5.1 %","42","56","98","6938"
"Roberto Perez","Indians","26","9","26","30","6","4","0","0","2","5","4","2","0","8","0","1","1","1","0","0","10","8","1","0","0","1","1","2.6","66.7 %","8.2 %","46","89","135","2900"
"Jake Smolinski","Rangers","26","11","22","29","3","1","1","0","1","6","2","6","0","6","1","0","0","0","0","0","7","6","3","0","1","0","0","2.6","48.3 %","6.7 %","52","67","119","5408"
"Brandon Guyer","Rays","29","12","28","34","6","3","3","0","0","3","1","4","0","7","2","0","0","0","2","0","7","7","7","3","0","0","0","5.7","61.8 %","9.9 %","47","85","132","2636"
"Hector Gomez","Brewers","27","8","15","15","4","1","3","0","0","2","2","0","0","4","0","0","0","0","0","0","2","4","5","0","1","0","0","2.6","60.0 %","13.7 %","13","38","51","2264"
"Robinson Chirinos","Rangers","31","9","28","32","5","1","2","0","2","4","6","3","0","8","0","0","1","0","0","0","7","10","3","0","0","1","0","1.6","62.5 %","8.1 %","47","77","124","3142"
"Jimmy Rollins","Dodgers","36","13","51","60","11","5","4","1","1","7","7","8","0","12","0","1","0","0","3","1","17","15","7","1","1","1","0","7.5","50.0 %","9.1 %","101","142","243","971"
"Andrelton Simmons","Braves","25","13","48","51","13","8","4","1","0","5","7","3","0","2","0","0","0","2","0","1","25","11","9","1","2","1","0","4.7","62.8 %","7.6 %","51","108","159","10847"
"Jay Bruce","Reds","28","14","50","58","10","6","1","0","3","6","9","8","1","17","0","0","0","0","2","0","14","13","6","0","1","0","0","4.3","55.2 %","12.9 %","98","142","240","9892"
"Ryan Goins","Blue Jays","27","5","14","17","4","4","0","0","0","1","3","1","0","5","1","0","1","0","0","0","5","2","2","2","1","1","0","0.8","58.8 %","9.2 %","25","40","65","9807"
"Kurt Suzuki","Twins","31","12","37","43","8","6","0","0","2","5","5","5","1","7","1","0","0","3","0","0","16","11","3","1","0","0","0","1.2","55.8 %","5.6 %","71","107","178","8259"
"Marcus Semien","Athletics","24","15","55","60","13","8","3","0","2","6","9","5","0","12","0","0","0","2","1","0","17","19","7","3","2","0","0","3.8","51.7 %","7.0 %","84","144","228","12533"
"Jose Altuve","Astros","25","14","59","64","17","14","2","0","1","5","7","4","1","5","0","0","1","0","5","1","25","24","5","3","4","1","0","4.6","60.9 %","3.6 %","66","130","196","5417"
"Brayan Pena","Reds","33","9","27","32","8","8","0","0","0","1","2","4","0","3","0","1","0","1","0","0","13","4","7","1","0","1","1","0.1","43.8 %","4.2 %","53","67","120","3231"
"Jon Niese","Mets","28","3","7","8","2","2","0","0","0","1","2","1","0","1","0","0","0","0","0","0","4","1","0","0","1","1","0","1.6","62.5 %","4.0 %","10","15","25","4424"
"David Ortiz","Red Sox","39","13","44","54","9","6","1","0","2","6","4","9","1","11","0","1","0","3","0","0","16","14","4","1","0","0","0","1.1","48.2 %","11.0 %","110","136","246","745"
"Willie Bloomquist","Mariners","37","4","10","11","3","3","0","0","0","1","1","0","0","1","1","0","0","0","0","0","5","4","0","1","0","0","0","1.6","63.6 %","6.1 %","14","19","33","1066"
"Michael Morse","Marlins","33","14","53","57","13","9","2","0","2","3","7","3","0","14","1","0","0","4","0","0","21","9","9","0","0","0","0","0.1","75.4 %","15.0 %","69","145","214","3035"
"Buster Posey","Giants","28","15","52","60","13","11","0","0","2","4","7","7","1","5","0","1","0","4","0","0","20","20","8","3","0","0","0","0.2","63.3 %","4.7 %","82","131","213","9166"
"Edwin Encarnacion","Blue Jays","32","14","55","61","12","7","1","0","4","7","8","3","0","8","1","2","0","2","0","0","22","19","8","5","0","0","0","1.2","54.1 %","9.6 %","83","146","229","2151"
"Alejandro De Aza","Orioles","31","11","46","48","11","7","1","1","2","8","4","2","0","16","0","0","0","0","2","1","13","7","7","0","2","3","0","8.2","54.2 %","12.2 %","72","142","214","3371"
"Josh Reddick","Athletics","28","8","31","33","8","6","1","0","1","2","5","2","0","4","0","0","0","1","2","0","14","6","7","0","1","0","0","4.4","30.3 %","4.2 %","61","83","144","3892"
"Mark Trumbo","Diamondbacks","29","12","48","48","13","9","1","2","1","3","4","0","0","11","0","0","0","2","0","0","18","12","7","2","1","0","0","3.1","70.8 %","14.7 %","46","124","170","6876"
"Khris Davis","Brewers","27","14","51","55","14","10","4","0","0","4","2","4","0","16","0","0","0","1","0","0","17","9","9","0","0","0","0","0.9","54.6 %","12.4 %","80","146","226","9112"
"David Freese","Angels","32","14","55","57","13","8","2","0","3","7","11","2","0","14","0","0","0","1","0","0","21","9","11","0","0","0","0","1.6","66.7 %","11.8 %","71","141","212","9549"
"Joe Panik","Giants","24","14","57","62","16","12","3","1","0","5","3","4","0","9","0","1","0","0","0","0","22","16","11","1","2","0","0","3.3","62.9 %","4.0 %","81","144","225","11936"
"Gregor Blanco","Giants","31","15","40","46","9","5","2","2","0","4","1","6","1","6","0","0","0","0","1","0","13","10","10","3","0","1","0","6.6","47.8 %","12.3 %","70","101","171","3123"
"Matt Szczur","Cubs","25","8","10","15","2","1","1","0","0","1","1","3","0","2","0","1","1","0","2","0","3","4","1","0","0","2","0","5.6","46.7 %","9.4 %","28","36","64","11255"
"Chase Headley","Yankees","31","14","54","59","13","10","1","0","2","6","7","5","0","15","0","0","0","3","0","0","17","12","10","1","1","0","0","1.1","47.5 %","8.3 %","101","153","254","4720"
"Carlos Gomez","Brewers","29","8","34","35","8","3","4","0","1","3","6","1","0","6","0","0","0","0","0","1","16","8","4","0","1","0","0","2.7","74.3 %","16.5 %","29","86","115","4881"
"Albert Pujols","Angels","35","14","52","58","10","5","2","0","3","7","7","6","0","8","0","0","0","1","0","1","21","19","4","0","1","0","0","2.4","48.3 %","5.9 %","88","149","237","1177"
"Corey Hart","Pirates","33","8","13","13","3","2","0","0","1","2","4","0","0","1","0","0","0","2","0","0","7","2","3","0","0","0","0","2.6","38.5 %","11.4 %","14","21","35","1945"
"Geovany Soto","White Sox","32","6","13","13","3","2","0","0","1","1","1","0","0","7","0","0","0","0","0","0","1","4","1","1","0","0","0","0.1","69.2 %","17.5 %","18","39","57","3707"
"Ryan Vogelsong","Giants","37","3","3","3","1","1","0","0","0","1","0","0","0","1","0","0","0","0","0","0","2","0","0","0","0","0","0","2.6","33.3 %","0.0 %","5","8","13","1011"
"Chris Denorfia","Cubs","34","4","6","6","2","2","0","0","0","1","0","0","0","3","0","0","0","0","0","0","2","0","1","0","1","0","0","2.6","66.7 %","20.7 %","10","19","29","4400"
"J.B. Shuck","White Sox","28","7","9","9","3","3","0","0","0","0","2","0","0","0","0","0","0","0","0","0","5","2","2","2","0","0","0","0.1","55.6 %","0.0 %","6","20","26","6677"
"Tyson Ross","Padres","28","3","6","6","2","2","0","0","0","0","0","0","0","1","0","0","0","0","0","0","2","1","2","0","0","0","0","0.1","50.0 %","5.0 %","6","14","20","7872"
"Cesar Hernandez","Phillies","25","10","19","21","5","4","1","0","0","3","2","2","0","5","0","0","0","0","0","0","7","3","2","0","0","2","0","2.2","71.4 %","5.3 %","19","38","57","10556"
"Kolten Wong","Cardinals","24","12","36","44","10","8","2","0","0","6","2","6","2","5","0","2","0","1","2","0","11","12","8","2","1","2","1","5.5","45.5 %","10.3 %","74","101","175","12532"
"J.T. Realmuto","Marlins","24","7","18","20","5","3","2","0","0","3","2","1","0","2","0","1","0","0","0","0","7","7","3","1","0","0","0","2.6","65.0 %","4.1 %","23","50","73","11739"
"Brian McCann","Yankees","31","10","40","46","9","5","2","1","1","5","6","1","0","10","3","2","0","1","0","0","13","14","4","1","1","1","0","4.8","43.5 %","3.9 %","66","114","180","4810"
"Victor Martinez","Tigers","36","12","34","42","9","8","1","0","0","4","4","7","4","7","1","0","0","2","0","0","14","7","6","0","0","0","0","1.1","42.9 %","8.3 %","77","91","168","393"
"Jose Reyes","Blue Jays","32","11","41","46","12","9","3","0","0","4","7","2","0","5","0","2","1","0","2","0","15","12","9","2","3","3","1","5.1","60.9 %","5.6 %","48","95","143","1736"
"Marcell Ozuna","Marlins","24","12","42","48","11","9","2","0","0","3","3","5","0","17","0","1","0","0","0","0","13","7","6","1","2","0","0","0.7","64.6 %","13.5 %","66","134","200","10324"
"Tyler Ladendorf","Athletics","27","4","10","11","2","1","0","1","0","3","2","1","0","1","0","0","0","0","0","0","4","3","1","1","1","1","0","5.1","72.7 %","8.9 %","15","30","45","3211"
"Russell Martin","Blue Jays","32","12","38","49","5","2","1","0","2","8","8","8","0","14","2","1","0","2","1","0","12","10","3","1","0","0","0","5.6","63.3 %","7.6 %","90","133","223","4616"
"Kelly Johnson","Braves","33","8","22","24","4","2","0","0","2","3","2","2","1","4","0","0","0","0","0","0","7","6","5","1","0","0","0","1.1","45.8 %","8.2 %","36","49","85","2234"
"Jacoby Ellsbury","Yankees","31","13","57","64","15","14","1","0","0","10","0","7","0","10","0","0","0","1","3","3","23","14","10","3","1","0","0","4.6","65.6 %","6.5 %","90","155","245","4727"
"Curtis Granderson","Mets","34","14","46","58","9","8","1","0","0","8","4","12","0","8","0","0","0","1","1","0","11","15","12","1","1","0","0","4.4","56.9 %","3.6 %","108","139","247","4747"
"Neil Walker","Pirates","29","14","50","54","12","7","4","0","1","6","4","3","0","10","0","1","0","1","1","0","17","18","6","0","1","0","0","4.6","66.7 %","8.3 %","69","135","204","7539"
"Miguel Montero","Cubs","31","12","29","37","5","2","1","0","2","2","6","6","2","7","0","2","0","1","0","0","9","11","4","0","0","0","0","0.1","62.2 %","6.9 %","61","83","144","3364"
"Micah Johnson","White Sox","24","11","29","33","7","6","1","0","0","2","0","3","0","8","1","0","0","0","2","1","11","4","4","0","1","2","1","3.9","42.4 %","11.6 %","50","96","146","13809"
"Martin Prado","Marlins","31","14","50","54","13","11","1","0","1","5","2","3","0","9","0","1","0","1","0","0","17","12","13","2","0","0","0","1.2","57.4 %","4.9 %","63","140","203","3312"
"Brandon Phillips","Reds","34","13","52","53","16","16","0","0","0","4","6","1","0","6","0","0","0","1","0","0","16","15","15","2","1","0","0","1.0","67.9 %","7.9 %","36","103","139","791"
"Yasmani Grandal","Dodgers","26","9","32","38","6","5","0","0","1","5","2","6","0","9","0","0","0","3","0","0","12","6","5","2","0","0","0","1.8","65.8 %","6.4 %","62","79","141","11368"
"Brett Lawrie","Athletics","25","15","56","62","14","11","2","0","1","4","3","2","1","19","2","0","2","1","1","0","14","16","7","1","2","2","0","3.4","67.7 %","16.9 %","59","148","207","5247"
"Alberto Callaspo","Braves","32","13","36","39","10","9","1","0","0","4","2","3","1","3","0","0","0","2","0","0","13","11","9","1","0","0","0","1.4","51.3 %","6.0 %","61","90","151","3336"
"Joe Mauer","Twins","32","14","52","59","14","12","2","0","0","1","5","6","2","8","0","1","0","1","0","0","20","11","14","1","0","0","0","0.1","66.1 %","7.3 %","79","140","219","1857"
"Austin Jackson","Mariners","28","14","56","60","14","12","1","0","1","7","2","4","0","12","0","0","0","0","0","1","22","13","9","0","2","0","0","2.5","61.7 %","7.8 %","104","179","283","9848"
"Christian Colon","Royals","26","6","17","19","4","3","1","0","0","1","2","2","0","3","0","0","0","0","1","0","7","5","2","0","0","0","0","4.5","68.4 %","1.4 %","24","47","71","11145"
"Adeiny Hechavarria","Marlins","26","14","52","55","13","9","3","0","1","8","7","2","0","8","0","1","0","2","0","0","20","14","10","4","0","1","0","2.6","78.2 %","5.9 %","62","142","204","10459"
"Ichiro Suzuki","Marlins","41","14","27","30","7","6","0","1","0","4","1","2","0","3","0","1","0","0","0","1","10","9","5","1","1","1","1","5.9","46.7 %","2.9 %","38","65","103","1101"
"Kevin Pillar","Blue Jays","26","14","55","56","14","10","3","0","1","9","6","1","0","8","0","0","0","1","1","0","20","18","9","2","3","0","0","5.4","62.5 %","8.8 %","60","134","194","12434"
"Josh Harrison","Pirates","27","13","52","56","11","7","2","0","2","7","3","2","1","9","2","0","0","1","0","1","18","14","11","0","2","0","0","3.4","62.5 %","8.6 %","68","142","210","8202"
"Cameron Maybin","Braves","28","11","34","38","5","2","0","0","3","3","5","3","0","12","0","0","1","0","1","2","10","7","5","1","1","1","0","2.5","57.9 %","8.9 %","53","105","158","5223"
"Dioner Navarro","Blue Jays","31","8","30","34","8","6","2","0","0","4","4","2","0","3","0","2","0","0","0","0","14","10","5","1","1","0","0","2.0","58.8 %","6.8 %","44","74","118","3179"
"Ryan Braun","Brewers","31","13","47","49","12","11","0","0","1","3","4","1","0","9","1","0","0","3","0","0","15","16","7","0","2","0","0","0.6","65.3 %","8.1 %","52","133","185","3410"
"Torii Hunter","Twins","39","13","47","51","11","8","2","0","1","3","6","3","0","7","0","1","0","0","1","0","18","20","2","4","1","1","0","3.3","58.8 %","11.2 %","65","131","196","731"
"Wilson Ramos","Nationals","27","11","44","46","11","8","2","0","1","3","8","1","0","8","0","1","0","0","0","0","24","10","3","1","0","0","0","0.7","60.9 %","13.0 %","53","109","162","1433"
"Mookie Betts","Red Sox","22","13","55","61","11","7","2","0","2","6","8","5","0","11","0","1","0","0","4","0","18","20","7","3","2","0","0","5.7","60.7 %","6.3 %","84","169","253","13611"
"Adam Rosales","Rangers","32","7","16","17","3","2","0","0","1","2","3","1","0","5","0","0","0","1","0","0","6","3","2","1","1","0","0","1.6","70.6 %","10.7 %","27","48","75","9682"
"Gregory Polanco","Pirates","23","13","52","54","13","9","4","0","0","5","3","2","0","18","0","0","0","0","4","0","18","6","10","0","2","0","0","6.1","51.9 %","12.0 %","64","128","192","12907"
"Brian Dozier","Twins","28","14","52","59","10","5","4","0","1","8","3","6","0","13","0","1","0","2","0","0","14","13","13","3","0","0","0","2.4","64.4 %","11.2 %","90","151","241","9810"
"Denard Span","Nationals","31","2","10","10","3","3","0","0","0","1","0","0","0","2","0","0","0","0","0","0","4","2","2","0","2","0","0","1.6","50.0 %","2.7 %","9","28","37","8347"
"Alexi Amarista","Padres","26","12","31","36","7","6","0","1","0","2","1","5","2","7","0","0","0","0","0","0","14","2","7","0","1","1","0","3.1","55.6 %","4.1 %","56","90","146","9063"
"Michael Brantley","Indians","28","7","28","29","7","5","2","0","0","2","4","1","0","1","0","0","0","1","0","0","10","9","8","1","1","0","0","1.1","62.1 %","1.1 %","31","57","88","4106"
"Daniel Nava","Red Sox","32","11","25","28","6","5","1","0","0","2","5","1","0","5","1","0","1","1","0","0","11","7","2","1","3","1","0","1.3","46.4 %","7.8 %","36","67","103","5450"
"Collin Cowgill","Angels","29","11","31","33","6","3","2","0","1","2","2","2","0","5","0","0","0","1","1","0","10","12","4","1","1","0","0","4.1","51.5 %","10.9 %","38","72","110","7250"
"Justin Morneau","Rockies","34","13","48","50","11","8","2","0","1","4","3","1","0","5","1","0","0","0","0","0","19","16","7","1","0","1","0","1.2","52.0 %","8.3 %","57","111","168","1737"
"Melky Cabrera","White Sox","30","13","54","55","15","14","1","0","0","6","3","1","0","6","0","0","0","3","0","0","26","13","8","0","0","1","0","1.9","52.7 %","5.5 %","70","132","202","4022"
"Robbie Grossman","Astros","25","10","23","25","4","2","1","0","1","5","3","2","0","8","0","0","0","0","0","0","5","9","0","1","0","1","0","2.6","64.0 %","5.0 %","42","59","101","5254"
"David Murphy","Indians","33","10","23","25","4","2","1","0","1","1","1","2","0","2","0","0","0","0","0","0","12","5","4","0","0","0","0","0.1","68.0 %","6.8 %","32","56","88","6035"
"Josh Phegley","Athletics","27","5","17","17","5","5","0","0","0","1","1","0","0","2","0","0","0","1","0","0","5","3","7","1","1","0","0","0.8","82.4 %","10.2 %","9","40","49","9308"
"Ryan Howard","Phillies","35","12","43","47","9","5","3","0","1","2","4","3","1","16","0","0","0","0","0","0","8","11","8","0","1","0","0","0.1","68.1 %","17.9 %","55","107","162","2154"
"Leonys Martin","Rangers","27","14","59","63","14","11","3","0","0","9","5","4","0","11","0","0","0","0","3","1","24","17","4","4","2","3","2","5.8","71.4 %","8.8 %","71","145","216","11846"
"George Springer","Astros","25","14","50","60","9","6","2","0","1","4","4","8","0","21","0","2","0","0","3","0","14","7","10","0","1","0","0","4.7","56.7 %","15.2 %","102","141","243","12856"
"Brandon Moss","Indians","31","11","35","41","5","2","2","0","1","5","2","6","0","17","0","0","0","2","0","0","7","9","2","2","0","0","0","2.0","65.9 %","12.6 %","75","107","182","4467"
"Ryan Rua","Rangers","25","5","17","18","4","3","1","0","0","1","0","1","0","9","0","0","0","0","0","0","4","4","0","0","0","0","0","0.8","83.3 %","24.3 %","19","51","70","12409"
"Justin Ruggiano","Mariners","33","10","12","15","2","2","0","0","0","1","0","3","0","5","0","0","0","0","0","0","3","3","1","0","2","0","0","0.8","53.3 %","17.5 %","26","31","57","7620"
"Erick Aybar","Angels","31","14","50","57","11","10","1","0","0","3","3","5","0","8","1","0","1","2","0","1","22","10","10","2","2","1","0","1.5","64.9 %","5.6 %","79","134","213","4082"
"Omar Infante","Royals","33","11","40","41","10","6","4","0","0","1","5","0","0","6","0","1","0","0","0","0","10","18","7","2","3","0","0","0.1","61.0 %","10.8 %","51","97","148","1609"
"Conor Gillaspie","White Sox","27","10","34","36","7","3","4","0","0","2","2","2","0","9","0","0","0","1","0","0","10","8","7","1","0","0","0","0.9","63.9 %","12.1 %","51","98","149","9009"
"Sandy Leon","Red Sox","26","5","14","17","3","3","0","0","0","1","2","2","0","2","0","0","1","2","0","0","8","4","0","0","0","1","0","0.8","47.1 %","2.7 %","30","43","73","5273"
"Bobby Wilson","Rays","32","7","14","16","3","3","0","0","0","0","1","2","0","5","0","0","0","0","0","0","4","2","3","2","0","0","0","0.1","50.0 %","8.3 %","24","36","60","6564"
"Juan Lagares","Mets","26","14","55","58","15","14","1","0","0","6","7","2","1","10","0","1","0","2","1","0","24","13","9","3","3","0","0","4.3","67.2 %","11.8 %","66","154","220","5384"
"Carlos Ruiz","Phillies","36","10","35","41","7","7","0","0","0","1","1","6","0","6","0","0","0","0","0","0","14","10","5","3","3","0","0","0.1","58.5 %","6.1 %","56","91","147","2579"
"Carl Crawford","Dodgers","33","10","33","34","8","6","2","0","0","3","1","1","0","8","0","0","0","0","0","0","13","6","6","1","2","0","0","1.6","76.5 %","11.2 %","47","96","143","1201"
"Rougned Odor","Rangers","21","14","47","56","6","2","3","0","1","6","6","4","0","11","5","0","0","0","1","1","17","13","6","1","1","0","0","5.0","53.6 %","9.7 %","76","140","216","12282"
"Donovan Solano","Marlins","27","7","10","10","2","1","0","1","0","1","1","0","0","3","0","0","0","0","0","0","4","2","1","0","0","0","0","5.1","70.0 %","11.1 %","8","28","36","8623"
"Jace Peterson","Braves","25","12","33","37","7","6","0","1","0","4","1","3","0","11","0","0","1","0","1","1","10","7","5","0","0","1","0","6.5","56.8 %","9.2 %","56","96","152","12325"
"Billy Hamilton","Reds","24","12","52","56","10","7","1","1","1","10","1","4","0","13","0","0","0","0","8","0","18","13","5","3","1","3","0","10.0","62.5 %","8.6 %","74","135","209","10199"
"Martin Maldonado","Brewers","28","6","12","14","1","0","0","0","1","2","2","2","0","7","0","0","0","0","0","0","4","1","0","0","0","0","0","2.6","35.7 %","10.5 %","28","39","67","6887"
"Everth Cabrera","Orioles","28","12","46","50","12","12","0","0","0","3","1","2","0","12","0","1","1","2","1","0","23","3","7","0","0","3","1","3.6","56.0 %","12.0 %","69","122","191","8155"
"Kennys Vargas","Twins","24","12","43","47","8","6","1","0","1","3","3","4","0","13","0","0","0","2","0","0","16","5","9","1","1","0","0","0.7","66.0 %","18.0 %","64","114","178","12101"
"Juan Uribe","Dodgers","36","10","31","33","7","6","1","0","0","3","0","2","0","5","0","0","0","3","1","0","14","7","5","2","1","0","0","4.9","63.6 %","13.3 %","34","71","105","454"
"C.J. Cron","Angels","25","10","36","39","6","3","2","0","1","3","3","2","0","10","1","0","0","1","0","0","9","11","6","3","0","0","0","1.3","51.3 %","11.4 %","46","95","141","12546"
"Eric Sogard","Athletics","29","12","33","36","7","5","2","0","0","4","2","2","0","6","0","0","1","1","0","0","7","12","8","1","0","1","0","2.3","50.0 %","2.2 %","54","84","138","7927"
"Eric Young","Braves","30","12","34","36","6","2","3","1","0","4","3","2","0","8","0","0","0","1","2","0","13","5","6","1","0","2","0","10.0","47.2 %","8.7 %","45","81","126","7158"
"Matt Adams","Cardinals","26","11","35","38","7","6","0","0","1","2","4","3","1","9","0","0","0","0","0","0","12","9","5","1","1","0","0","0.2","57.9 %","8.6 %","50","90","140","9393"
"Desmond Jennings","Rays","28","14","48","57","9","9","0","0","0","5","2","7","0","6","1","1","0","1","5","2","23","11","9","1","2","0","0","5.1","52.6 %","4.5 %","104","140","244","1965"
"Alexei Ramirez","White Sox","33","13","42","48","8","4","4","0","0","4","8","4","0","8","0","2","0","1","0","0","14","13","9","5","0","0","0","1.6","75.0 %","9.5 %","59","110","169","5133"
"Casey McGehee","Giants","32","11","35","38","6","4","1","0","1","3","2","3","0","7","0","0","0","4","0","1","18","8","2","1","1","0","0","2.3","71.1 %","13.6 %","51","103","154","6086"
"Shane Victorino","Red Sox","34","11","34","41","5","4","1","0","0","3","2","6","0","6","1","0","0","1","1","0","11","12","5","4","3","0","0","4.3","43.9 %","6.3 %","73","103","176","1677"
"Rickie Weeks","Mariners","32","9","28","30","5","4","0","0","1","2","4","1","0","10","1","0","0","1","0","0","8","9","1","1","1","0","0","0.8","66.7 %","15.6 %","34","75","109","1849"
"Efren Navarro","Angels","29","8","15","16","3","2","1","0","0","3","0","1","0","3","0","0","0","0","0","1","4","4","4","0","0","0","0","4.6","75.0 %","4.8 %","23","39","62","9854"
"Steve Pearce","Orioles","32","11","45","50","7","5","0","0","2","7","4","4","1","13","1","0","0","3","0","0","14","12","6","1","0","0","0","2.6","52.0 %","10.3 %","78","117","195","9957"
"Jason Heyward","Cardinals","25","12","52","53","10","5","4","0","1","3","3","1","0","10","0","0","0","3","1","0","24","11","7","1","0","0","0","4.0","56.6 %","7.6 %","74","124","198","4940"
"Carlos Gonzalez","Rockies","29","13","53","56","10","5","4","0","1","4","5","2","0","9","0","1","0","2","0","0","24","13","8","0","0","0","0","1.2","51.8 %","13.8 %","83","134","217","7287"
"Mike Olt","Cubs","26","6","15","16","2","1","0","0","1","1","1","0","0","6","1","0","0","0","0","0","5","3","1","0","0","0","0","0.1","56.3 %","13.2 %","25","43","68","10698"
"Jon Jay","Cardinals","30","12","42","45","9","7","2","0","0","5","0","1","1","5","2","0","0","1","0","0","19","8","10","0","0","0","0","2.6","71.1 %","4.8 %","46","99","145","5227"
"Mike Napoli","Red Sox","33","13","44","53","6","5","0","1","0","10","1","9","0","11","0","0","0","0","1","0","15","14","4","1","2","0","0","7.9","50.9 %","11.2 %","104","128","232","3057"
"Michael Bourn","Indians","32","12","48","54","9","7","2","0","0","5","1","5","0","13","0","0","1","0","1","2","15","7","10","1","1","4","1","3.4","63.0 %","9.9 %","79","124","203","6387"
"Allan Dykstra","Rays","28","11","25","31","2","1","0","0","1","3","3","6","0","10","0","0","0","2","0","0","8","5","2","0","0","0","0","1.3","64.5 %","15.8 %","61","72","133","9113"
"Kristopher Negron","Reds","29","7","12","16","1","1","0","0","0","2","0","3","0","1","1","0","0","1","0","0","8","2","1","0","0","0","0","2.6","50.0 %","3.6 %","25","31","56","5306"
"James Loney","Rays","31","1","2","3","0","0","0","0","0","0","0","1","0","0","0","0","0","0","0","0","0","2","0","0","0","0","0","0.1","66.7 %","0.0 %","7","6","13","4556"
"Shelby Miller","Braves","24","3","2","3","0","0","0","0","0","0","0","1","0","2","0","0","0","0","0","0","0","0","0","0","0","0","0","0.1","66.7 %","25.0 %","6","6","12","10197"
"Christian Yelich","Marlins","23","11","45","49","9","8","1","0","0","4","4","4","0","13","0","0","0","1","1","0","26","2","4","0","2","0","0","4.3","61.2 %","12.3 %","87","149","236","11477"
"Jason Kipnis","Indians","28","13","53","57","12","11","0","1","0","3","4","2","0","8","0","2","0","0","1","0","21","16","10","2","1","0","0","5.8","68.4 %","5.1 %","73","145","218","9776"
"Julio Teheran","Braves","24","3","4","5","1","1","0","0","0","0","0","0","0","0","0","0","1","0","0","0","3","0","1","0","0","1","0","0.1","80.0 %","8.3 %","2","10","12","6797"
"Tucker Barnhart","Reds","24","1","4","4","1","1","0","0","0","0","0","0","0","1","0","0","0","0","0","0","2","1","0","0","0","0","0","0.1","75.0 %","0.0 %","7","9","16","10200"
"Kyle Hendricks","Cubs","25","2","4","4","1","1","0","0","0","1","1","0","0","1","0","0","0","0","0","0","3","0","0","0","0","0","0","2.6","75.0 %","0.0 %","1","7","8","12049"
"Jose Ramirez","Indians","22","12","42","47","7","5","1","0","1","4","1","3","0","10","0","0","2","0","3","0","16","10","4","1","2","4","1","6.1","57.5 %","6.9 %","56","119","175","13510"
"Tuffy Gosewisch","Diamondbacks","31","11","43","46","9","9","0","0","0","3","2","2","0","7","1","0","0","1","0","0","14","14","8","4","2","0","0","1.2","47.8 %","4.7 %","57","112","169","5277"
"Brennan Boesch","Reds","30","9","12","13","2","1","1","0","0","0","0","1","0","5","0","0","0","0","1","0","5","1","1","0","1","0","0","5.0","61.5 %","16.0 %","15","35","50","914"
"Scooter Gennett","Brewers","25","10","29","33","6","6","0","0","0","2","1","2","2","12","2","0","0","0","0","1","8","3","6","0","1","0","0","2.2","51.5 %","11.2 %","40","85","125","10339"
"Carlos Beltran","Yankees","38","11","41","45","7","3","4","0","0","2","6","3","0","11","0","1","0","1","0","0","12","15","4","1","1","0","0","0.8","62.2 %","8.7 %","61","134","195","589"
"Jedd Gyorko","Padres","26","12","43","48","7","5","2","0","0","2","3","4","0","9","1","0","0","3","0","0","15","13","6","1","0","0","0","0.7","62.5 %","10.4 %","57","116","173","10816"
"Jayson Werth","Nationals","36","7","27","31","4","3","1","0","0","4","1","3","0","6","1","0","0","2","0","0","8","7","6","1","0","0","0","2.6","45.2 %","2.5 %","55","67","122","1327"
"Manny Machado","Orioles","22","14","48","56","8","6","1","0","1","4","7","5","0","12","0","3","0","4","2","0","19","12","7","1","0","1","1","4.8","55.4 %","6.6 %","92","136","228","11493"
"Tyler Moore","Nationals","28","8","16","18","2","1","0","0","1","1","2","2","1","4","0","0","0","0","0","0","5","6","1","1","0","0","0","0.1","38.9 %","6.3 %","34","45","79","7244"
"Shin-Soo Choo","Rangers","32","11","37","41","5","3","1","0","1","3","5","2","0","11","2","0","0","0","0","0","14","8","4","0","0","0","0","1.6","61.0 %","11.8 %","57","104","161","3174"
"Allen Craig","Red Sox","30","10","15","18","2","2","0","0","0","3","1","2","0","6","1","0","0","0","0","0","7","0","2","0","0","0","0","2.6","33.3 %","10.3 %","36","51","87","3433"
"Ben Revere","Phillies","27","13","45","48","8","6","1","1","0","6","2","2","0","6","1","0","0","1","4","1","16","8","14","0","1","1","0","9.3","50.0 %","4.6 %","72","122","194","4712"
"Jordy Mercer","Pirates","28","11","35","42","7","7","0","0","0","2","2","3","2","4","2","1","1","1","0","0","14","9","9","1","0","1","0","0.8","59.5 %","7.8 %","53","89","142","6547"
"Joaquin Arias","Giants","30","8","14","15","2","1","0","0","1","1","1","0","0","4","0","0","1","0","0","0","3","5","2","0","0","1","0","0.1","46.7 %","5.3 %","19","38","57","3817"
"Adrian Beltre","Rangers","36","14","57","61","9","5","2","1","1","7","1","3","1","4","1","0","0","1","1","0","25","21","7","3","2","0","0","7.8","60.7 %","7.0 %","74","154","228","639"
"Jordan Pacheco","Diamondbacks","29","8","13","15","2","2","0","0","0","1","2","1","0","5","1","0","0","1","0","0","5","1","2","0","0","0","0","1.6","66.7 %","5.9 %","15","36","51","2677"
"Jeff Locke","Pirates","27","2","6","6","1","0","1","0","0","0","1","0","0","1","0","0","0","0","0","0","3","2","0","0","0","0","0","0.1","66.7 %","5.6 %","5","13","18","2929"
"Chris Owings","Diamondbacks","23","12","46","49","9","7","2","0","0","4","4","2","0","17","0","0","1","2","2","0","17","5","7","0","2","1","0","5.7","61.2 %","16.9 %","42","124","166","10030"
"Mike Zunino","Mariners","24","14","41","46","6","4","1","0","1","4","2","3","0","19","1","1","0","2","0","0","7","11","5","1","0","0","0","1.9","71.7 %","20.7 %","51","113","164","13265"
"Adam Eaton","White Sox","26","13","51","55","9","7","2","0","0","3","0","4","0","7","0","0","0","0","1","1","25","10","7","2","0","2","1","2.8","69.1 %","4.0 %","58","142","200","11205"
"Jung-ho Kang","Pirates","28","9","17","18","3","2","1","0","0","1","3","1","0","3","0","0","0","0","0","0","10","3","1","0","0","0","0","1.1","66.7 %","10.0 %","27","43","70","17182"
"Asdrubal Cabrera","Rays","29","14","53","55","10","8","1","1","0","3","5","2","0","12","0","0","0","1","0","0","22","16","3","2","1","0","0","3.6","70.9 %","10.3 %","74","129","203","4962"
"Oswaldo Arcia","Twins","24","12","35","39","7","6","0","0","1","3","4","3","3","8","0","1","0","1","0","0","9","12","7","2","0","0","0","0.9","74.4 %","17.4 %","43","95","138","10306"
"Jose Lobaton","Nationals","30","3","9","11","1","1","0","0","0","1","1","2","0","5","0","0","0","0","0","0","3","0","1","0","0","0","0","1.6","45.5 %","9.4 %","23","30","53","4243"
"Jarrod Dyson","Royals","30","7","11","13","2","2","0","0","0","3","1","1","0","1","0","0","1","0","0","0","7","2","1","0","1","1","0","2.6","61.5 %","2.2 %","16","29","45","4866"
"Jonathan Lucroy","Brewers","29","12","45","51","7","6","0","1","0","3","2","5","0","9","0","1","0","2","0","0","21","12","4","2","2","0","0","3.6","66.7 %","4.9 %","77","126","203","7870"
"Lonnie Chisenhall","Indians","26","12","41","45","8","7","1","0","0","1","4","2","1","7","1","1","0","0","0","0","18","10","7","0","2","0","0","0.1","62.2 %","6.8 %","46","102","148","7571"
"Aaron Hill","Diamondbacks","33","10","35","37","6","4","2","0","0","3","2","2","0","7","0","0","0","1","0","0","17","8","3","0","1","0","0","1.9","64.9 %","11.0 %","40","78","118","6104"
"Didi Gregorius","Yankees","25","12","40","43","8","8","0","0","0","2","2","1","0","8","1","1","0","2","1","1","18","10","5","1","1","0","0","2.9","55.8 %","11.2 %","60","110","170","6012"
"Cory Spangenberg","Padres","24","11","11","12","2","1","1","0","0","2","0","0","0","5","0","0","1","0","0","0","4","2","0","0","1","1","1","2.6","58.3 %","10.2 %","21","38","59","12294"
"Gerardo Parra","Brewers","28","13","31","32","5","2","3","0","0","2","2","1","0","8","0","0","0","1","0","0","12","6","5","1","1","0","0","1.6","65.6 %","10.3 %","37","79","116","8553"
"Ryan Lavarnway","Orioles","27","3","9","10","1","0","1","0","0","0","0","1","0","2","0","0","0","1","0","0","2","3","2","0","0","0","0","0.1","50.0 %","6.7 %","17","28","45","8879"
"Eduardo Escobar","Twins","26","11","30","32","5","4","1","0","0","2","1","0","0","8","2","0","0","0","0","0","12","7","3","0","2","0","0","2.0","59.4 %","14.9 %","36","85","121","6153"
"Jarrod Saltalamacchia","Marlins","30","8","25","28","2","0","1","0","1","2","1","3","0","12","0","0","0","1","0","0","4","7","2","0","0","0","0","1.1","60.7 %","18.8 %","45","67","112","5557"
"Daniel Murphy","Mets","30","14","49","55","7","4","2","0","1","5","5","5","2","2","0","1","0","2","0","0","25","20","3","2","2","0","0","1.8","61.8 %","1.1 %","67","111","178","4316"
"Logan Morrison","Mariners","27","13","49","52","9","9","0","0","0","2","0","3","0","6","0","0","0","1","1","0","21","16","6","1","1","0","0","3.4","59.6 %","5.8 %","67","123","190","9205"
"Elvis Andrus","Rangers","26","14","60","63","11","8","2","0","1","6","6","0","0","9","0","1","2","1","2","1","26","17","8","2","2","3","0","5.8","74.6 %","6.0 %","73","159","232","8709"
"Darin Ruf","Phillies","28","11","29","33","3","1","1","0","1","2","2","3","0","11","0","1","0","0","0","0","8","7","4","1","0","0","0","0.8","60.6 %","14.3 %","42","77","119","9929"
"Chris Iannetta","Angels","32","14","41","47","5","4","1","0","0","5","0","6","0","15","0","0","0","1","0","0","12","9","5","1","0","0","0","2.4","72.3 %","12.0 %","90","126","216","8267"
"Jonathan Herrera","Cubs","30","10","26","28","5","5","0","0","0","3","2","1","0","1","0","0","1","0","3","0","13","7","4","1","0","2","2","7.5","46.4 %","2.7 %","41","71","112","4182"
"Rafael Ynoa","Rockies","27","9","12","13","2","2","0","0","0","1","1","1","0","2","0","0","0","1","0","0","7","2","1","0","1","0","0","1.6","69.2 %","5.5 %","20","35","55","2832"
"Dan Uggla","Nationals","35","10","31","34","4","2","2","0","0","2","1","3","0","7","0","0","0","0","0","1","10","13","1","2","1","0","0","2.8","73.5 %","6.8 %","37","80","117","3442"
"James McCann","Tigers","25","7","21","23","3","2","0","1","0","2","2","1","0","4","0","0","1","1","0","0","9","7","1","1","0","1","0","5.1","73.9 %","14.5 %","23","53","76","12859"
"Cody Ross","Athletics","34","6","15","17","2","2","0","0","0","2","2","2","0","4","0","0","0","0","0","0","3","2","6","0","0","0","0","2.6","82.4 %","8.6 %","23","47","70","1760"
"Danny Santana","Twins","24","12","50","51","10","9","1","0","0","4","2","0","0","17","0","0","1","0","1","1","11","11","10","1","1","2","2","4.0","70.6 %","15.7 %","38","140","178","10322"
"Matt Joyce","Angels","30","12","42","45","7","4","3","0","0","1","4","2","1","12","0","1","0","0","0","0","11","13","7","1","1","0","0","0.2","60.0 %","9.6 %","59","107","166","3353"
"Brandon Belt","Giants","27","10","33","36","5","5","0","0","0","1","2","2","0","10","1","0","0","0","0","0","9","6","8","0","0","0","0","0.4","41.7 %","11.5 %","64","93","157","10264"
"Christian Bethancourt","Braves","23","8","30","32","4","2","2","0","0","4","2","2","0","6","0","0","0","2","1","0","13","6","5","0","2","0","0","6.5","59.4 %","14.7 %","31","71","102","10028"
"Kyle Lohse","Brewers","36","4","5","5","1","1","0","0","0","1","0","0","0","2","0","0","0","0","0","0","1","1","1","0","0","0","0","2.6","60.0 %","10.0 %","6","14","20","739"
"Pete Kozma","Cardinals","27","4","5","6","1","1","0","0","0","1","0","1","1","0","0","0","0","0","1","0","1","1","2","0","0","1","0","7.5","66.7 %","6.7 %","6","9","15","2539"
"Chris Stewart","Pirates","33","2","5","5","1","1","0","0","0","0","2","0","0","0","0","0","0","0","0","0","3","1","1","0","0","0","0","0.1","60.0 %","0.0 %","8","13","21","3878"
"Cole Hamels","Phillies","31","3","5","5","1","1","0","0","0","1","0","0","0","1","0","0","0","0","0","0","2","0","0","0","0","2","1","2.6","80.0 %","0.0 %","3","10","13","4972"
"Tom Koehler","Marlins","29","3","5","6","1","1","0","0","0","0","0","0","0","3","0","0","1","0","0","0","1","0","1","0","0","1","0","0.1","50.0 %","9.1 %","6","16","22","6570"
"Michael McKenry","Rockies","30","6","13","14","2","2","0","0","0","2","0","1","0","6","0","0","0","0","1","0","6","1","0","1","1","0","0","7.1","71.4 %","10.2 %","18","41","59","9628"
"Phil Gosselin","Braves","26","4","13","14","2","2","0","0","0","0","2","1","0","1","0","0","0","0","1","0","8","3","1","0","1","0","0","4.6","78.6 %","5.5 %","28","45","73","10953"
"Logan Schafer","Brewers","28","11","11","15","1","1","0","0","0","2","0","2","0","1","0","0","2","1","0","0","6","4","0","0","0","2","0","2.6","73.3 %","2.3 %","15","28","43","7937"
"Evan Gattis","Astros","28","13","51","54","6","3","2","0","1","3","1","3","0","21","0","0","0","2","0","0","14","12","4","1","3","0","0","1.1","68.5 %","18.5 %","61","123","184","11003"
"Sean O'Sullivan","Phillies","27","2","3","4","0","0","0","0","0","1","0","1","0","2","0","0","0","0","0","0","0","0","0","0","0","1","0","2.6","25.0 %","5.0 %","9","11","20","9137"
"Nick Ahmed","Diamondbacks","25","13","41","46","5","5","0","0","0","0","1","4","0","14","1","0","0","0","0","0","11","8","6","1","1","2","1","0.1","73.9 %","13.5 %","53","117","170","12147"
"Arismendy Alcantara","Cubs","23","11","26","32","2","2","0","0","0","5","1","5","0","11","0","0","1","0","1","0","8","4","2","1","1","2","0","6.1","50.0 %","15.2 %","52","80","132","10711"
"Chase Utley","Phillies","36","14","46","52","5","3","0","0","2","3","9","2","1","9","1","3","0","2","1","0","17","15","7","1","1","1","0","4.1","48.1 %","4.5 %","67","110","177","1679"
"Devin Mesoraco","Reds","27","7","21","24","2","2","0","0","0","1","0","2","0","5","1","0","0","0","1","0","11","4","1","2","2","0","0","5.1","62.5 %","7.4 %","35","60","95","5666"
"Rene Rivera","Rays","31","14","45","47","6","4","2","0","0","2","2","1","0","14","1","0","0","2","0","0","12","12","7","0","0","0","0","1.3","72.3 %","16.5 %","51","119","170","3648"
"A.J. Ellis","Dodgers","34","4","14","15","2","1","1","0","0","1","0","1","1","4","0","0","0","0","0","0","3","5","1","0","0","1","0","1.6","73.3 %","10.9 %","26","38","64","5677"
"Daniel Descalso","Rockies","28","10","15","16","2","2","0","0","0","2","0","1","0","6","0","0","0","0","0","0","3","5","1","0","1","0","0","2.6","62.5 %","11.1 %","18","45","63","8392"
"Cameron Rupp","Phillies","26","4","15","16","2","2","0","0","0","1","0","1","0","3","0","0","0","0","0","0","7","5","0","0","0","0","0","1.6","81.3 %","6.8 %","17","42","59","11146"
"Yan Gomes","Indians","27","5","20","20","3","2","1","0","0","2","0","0","0","5","0","0","0","1","0","0","6","5","4","1","2","0","0","2.6","80.0 %","14.3 %","20","43","63","9627"
"Jonathan Villar","Astros","24","7","13","15","1","1","0","0","0","1","0","2","0","3","0","0","0","0","1","0","5","5","0","0","0","0","0","6.0","66.7 %","5.2 %","20","38","58","10071"
"Chris Carter","Astros","28","13","45","51","4","4","0","0","0","2","1","6","0","21","0","0","0","1","0","0","12","10","2","1","0","0","0","0.8","74.5 %","20.1 %","70","134","204","9911"
"Aramis Ramirez","Brewers","37","13","47","47","7","5","2","0","0","2","3","0","0","10","0","0","0","0","0","0","13","17","7","3","0","0","0","1.3","72.3 %","10.5 %","39","123","162","1002"
"Reed Johnson","Nationals","38","8","12","12","2","2","0","0","0","0","1","0","0","5","0","0","0","0","0","0","3","2","2","0","0","0","0","0.1","41.7 %","5.6 %","17","37","54","1702"
"Hernan Perez","Tigers","24","4","6","6","1","1","0","0","0","0","0","0","0","2","0","0","0","0","0","0","2","0","2","0","0","0","0","0.1","66.7 %","23.8 %","6","15","21","5751"
"Andrew Cashner","Padres","28","4","6","6","1","1","0","0","0","0","0","0","0","2","0","0","0","0","0","0","4","0","0","0","0","0","0","0.1","83.3 %","4.8 %","6","15","21","8782"
"Tommy La Stella","Cubs","26","2","6","6","1","1","0","0","0","0","0","0","0","1","0","0","0","0","1","0","2","2","1","0","0","0","0","5.0","16.7 %","3.3 %","12","18","30","12371"
"Archie Bradley","Diamondbacks","22","2","6","6","1","1","0","0","0","0","0","0","0","1","0","0","0","0","0","1","1","3","0","3","0","1","0","2.5","83.3 %","18.8 %","2","14","16","12918"
"Jordan Schafer","Twins","28","12","31","33","4","3","1","0","0","1","2","1","0","10","0","0","1","0","0","2","10","6","4","2","2","2","0","3.1","63.6 %","9.9 %","49","92","141","9883"
"Delino Deshields Jr.","Rangers","22","6","10","11","1","1","0","0","0","0","1","1","0","3","0","0","0","0","1","0","6","1","0","0","1","0","0","5.0","72.7 %","7.5 %","12","28","40","11379"
"Grady Sizemore","Phillies","32","12","26","27","3","2","1","0","0","0","1","1","0","5","0","0","0","1","0","0","12","6","3","0","1","0","0","0.1","77.8 %","6.7 %","24","65","89","2197"
"Peter Bourjos","Cardinals","28","7","4","5","0","0","0","0","0","2","0","1","0","1","0","0","0","0","3","0","1","1","1","0","0","0","0","7.5","80.0 %","7.7 %","4","9","13","2578"
"Brandon McCarthy","Dodgers","31","3","4","6","0","0","0","0","0","0","1","1","0","4","0","0","1","0","0","0","0","0","0","0","0","1","0","0.1","66.7 %","21.7 %","7","16","23","4662"
"Johnny Cueto","Reds","29","3","4","7","0","0","0","0","0","0","0","1","0","2","0","0","2","0","0","0","1","1","0","0","0","2","0","0.1","42.9 %","3.9 %","9","17","26","6893"
"Brett Anderson","Dodgers","27","3","4","6","0","0","0","0","0","0","0","1","0","4","0","0","1","0","0","0","0","1","0","1","0","0","0","0.1","83.3 %","19.1 %","7","14","21","8223"
"Reid Brignac","Marlins","29","6","4","5","0","0","0","0","0","0","0","1","0","1","0","0","0","0","0","0","1","2","0","0","0","0","0","0.1","80.0 %","5.3 %","8","11","19","8380"
"Doug Fister","Nationals","31","2","4","5","0","0","0","0","0","0","0","1","0","1","0","0","0","0","0","0","2","1","0","1","0","0","0","0.1","60.0 %","5.6 %","8","10","18","9425"
"Hector Sanchez","Giants","25","10","24","24","3","2","1","0","0","0","1","0","0","7","0","0","0","1","0","0","8","8","1","2","0","0","0","0.1","70.8 %","17.3 %","25","50","75","10289"
"Jason Marquis","Reds","36","4","7","7","1","1","0","0","0","2","0","0","0","1","0","0","0","0","0","0","0","3","2","1","0","1","0","2.6","100.0 %","16.7 %","4","14","18","105"
"Bartolo Colon","Mets","42","3","6","7","1","1","0","0","0","0","2","0","0","3","0","1","0","0","0","0","0","1","2","0","0","1","0","0.1","85.7 %","6.3 %","2","14","16","375"
"Zack Greinke","Dodgers","31","3","7","9","1","1","0","0","0","1","0","0","0","2","0","0","2","0","0","0","4","0","1","0","0","2","0","2.6","88.9 %","16.0 %","5","20","25","1943"
"Max Scherzer","Nationals","30","3","7","7","1","1","0","0","0","0","0","0","0","3","0","0","0","0","0","0","3","0","1","0","0","0","0","0.1","100.0 %","14.8 %","5","22","27","3137"
"Skip Schumaker","Reds","35","9","14","14","2","2","0","0","0","0","0","0","0","3","0","0","0","0","0","0","8","1","2","0","0","0","0","0.1","57.1 %","6.7 %","12","33","45","3704"
"Anthony DeSclafani","Reds","25","3","7","7","1","1","0","0","0","0","0","0","0","4","0","0","0","0","0","0","3","0","0","0","0","0","0","0.1","42.9 %","9.1 %","11","22","33","13050"
"Marlon Byrd","Reds","37","13","49","51","6","5","1","0","0","2","4","0","0","16","1","1","0","2","0","0","19","11","4","1","1","0","0","1.6","72.6 %","19.9 %","44","122","166","950"
"Gregorio Petit","Yankees","30","10","18","20","2","2","0","0","0","2","1","1","0","8","0","1","0","0","0","0","4","5","2","1","0","0","0","2.6","70.0 %","11.1 %","25","56","81","3812"
"Andrew Lambo","Pirates","26","11","10","12","0","0","0","0","0","1","0","2","0","3","0","0","0","0","0","0","3","3","1","0","0","0","0","2.6","66.7 %","15.5 %","21","37","58","5386"
"Brandon Morrow","Padres","30","3","5","6","0","0","0","0","0","0","0","1","0","4","0","0","0","0","0","0","1","0","0","0","0","0","0","0.1","50.0 %","20.7 %","11","18","29","9346"
"Lance Lynn","Cardinals","28","3","8","8","1","1","0","0","0","0","0","0","0","2","0","0","0","0","0","0","1","1","1","0","0","3","0","0.1","62.5 %","13.0 %","6","17","23","2520"
"James Shields","Padres","33","4","8","8","1","1","0","0","0","1","0","0","0","5","0","0","0","0","0","0","1","1","1","0","0","0","0","2.6","87.5 %","16.1 %","7","24","31","7059"
"Matt Harvey","Mets","26","3","8","8","1","1","0","0","0","0","0","0","0","3","0","0","0","0","0","0","1","1","2","0","0","1","0","0.1","87.5 %","0.0 %","4","19","23","11713"
"Kirk Nieuwenhuis","Mets","27","12","11","13","0","0","0","0","0","1","1","2","0","4","0","0","0","0","1","0","2","4","1","0","0","0","0","7.5","46.2 %","16.7 %","25","29","54","6400"
"Odrisamer Despaigne","Padres","28","3","9","9","1","1","0","0","0","0","0","0","0","1","0","0","0","1","0","0","7","0","0","0","0","1","0","0.1","77.8 %","9.1 %","4","18","22","16017"
"Gerrit Cole","Pirates","24","4","6","7","0","0","0","0","0","0","0","1","0","5","0","0","0","0","0","0","1","0","0","0","0","0","0","0.1","71.4 %","20.6 %","11","23","34","13125"
"Luis Jimenez","Brewers","27","9","10","10","1","1","0","0","0","1","0","0","0","3","0","0","0","0","0","0","2","4","1","1","0","0","0","2.6","60.0 %","13.8 %","8","21","29","6341"
"Travis Wood","Cubs","28","4","10","10","1","1","0","0","0","0","0","0","0","6","0","0","0","0","0","0","1","2","1","1","0","0","0","0.1","50.0 %","26.7 %","13","32","45","9884"
"Craig Gentry","Athletics","31","9","22","25","0","0","0","0","0","1","0","2","0","10","1","0","0","0","0","0","4","6","2","0","0","0","0","2.6","60.0 %","8.3 %","31","53","84","9571"
"Emilio Bonifacio","White Sox","30","6","9","10","0","0","0","0","0","0","0","1","0","4","0","0","0","0","0","0","1","2","1","0","0","1","0","0.1","70.0 %","5.4 %","14","23","37","4054"
"A.J. Burnett","Pirates","38","3","5","6","0","0","0","0","0","0","0","0","0","3","0","0","1","0","0","0","2","0","0","0","0","1","0","0.1","83.3 %","21.1 %","4","15","19","512"
"Tim Hudson","Giants","39","3","5","5","0","0","0","0","0","0","0","0","0","1","0","0","0","0","0","0","1","1","2","0","0","0","0","0.1","100.0 %","20.0 %","2","13","15","921"
"Jake Peavy","Giants","34","2","3","3","0","0","0","0","0","0","0","0","0","2","0","0","0","0","0","0","0","1","0","0","0","0","0","0.1","66.7 %","20.0 %","2","8","10","1051"
"Jerome Williams","Phillies","33","3","6","6","0","0","0","0","0","0","0","0","0","4","0","0","0","0","0","0","1","0","1","0","0","0","0","0.1","50.0 %","9.5 %","6","15","21","1137"
"Aaron Harang","Phillies","37","3","6","7","0","0","0","0","0","1","0","0","0","2","0","0","1","0","0","0","3","0","0","0","1","2","0","0.1","85.7 %","11.1 %","3","15","18","1451"
"John Lackey","Cardinals","36","2","4","4","0","0","0","0","0","0","0","0","0","3","0","0","0","0","0","0","1","0","0","0","0","0","0","0.1","75.0 %","16.7 %","4","14","18","1507"
"Gerald Laird","Diamondbacks","35","1","2","2","0","0","0","0","0","0","0","0","0","0","0","0","0","0","0","0","0","2","0","1","0","0","0","0.1","100.0 %","0.0 %","1","3","4","1698"
"Dan Haren","Marlins","34","3","7","8","0","0","0","0","0","0","0","0","0","1","0","0","1","1","0","0","3","1","1","0","0","2","0","0.1","50.0 %","4.6 %","4","18","22","1757"
"Alfredo Simon","Tigers","34","3","3","3","0","0","0","0","0","0","0","0","0","1","0","0","0","0","0","0","2","0","0","0","0","0","0","0.1","66.7 %","0.0 %","2","9","11","2155"
"Don Kelly","Marlins","35","2","1","1","0","0","0","0","0","0","0","0","0","0","0","0","0","0","0","0","1","0","0","0","0","0","0","0.1"," ","0.0 %","2","3","5","2216"
"Adam Wainwright","Cardinals","33","3","8","8","0","0","0","0","0","0","0","0","0","2","0","0","0","0","0","0","3","1","0","1","0","2","0","0.1","87.5 %","17.4 %","2","21","23","2233"
"Darwin Barney","Dodgers","29","2","4","4","0","0","0","0","0","0","0","0","0","0","0","0","0","0","0","0","3","1","0","0","0","0","0","0.1","50.0 %","0.0 %","6","9","15","2430"
"Rick Porcello","Red Sox","26","3","2","2","0","0","0","0","0","0","0","0","0","2","0","0","0","0","0","0","0","0","0","0","0","0","0","0.1","100.0 %","37.5 %","2","6","8","2717"
"Francisco Liriano","Pirates","31","3","4","4","0","0","0","0","0","0","0","0","0","2","0","0","0","0","0","0","1","0","1","0","0","0","0","0.1","50.0 %","8.3 %","2","10","12","3201"
"Anibal Sanchez","Tigers","31","3","2","2","0","0","0","0","0","0","0","0","0","2","0","0","0","0","0","0","0","0","0","0","0","0","0","0.1","100.0 %","33.3 %","0","6","6","3284"
"Matt Garza","Brewers","31","3","4","5","0","0","0","0","0","0","0","0","0","2","0","0","1","0","0","0","1","1","0","0","0","1","0","0.1","60.0 %","25.0 %","6","10","16","3340"
"Jeff Mathis","Marlins","32","3","5","6","0","0","0","0","0","0","0","1","1","3","0","0","0","0","0","0","0","2","0","0","0","0","0","0.1","66.7 %","21.7 %","9","14","23","3448"
"Clay Buchholz","Red Sox","30","3","3","3","0","0","0","0","0","0","0","0","0","0","0","0","0","0","0","0","3","0","0","0","0","0","0","0.1","33.3 %","0.0 %","5","7","12","3543"
"Mat Latos","Marlins","27","3","1","3","0","0","0","0","0","0","0","0","0","0","0","0","2","0","0","0","0","0","0","0","0","3","0","0.1","66.7 %","0.0 %","1","6","7","3815"
"Rubby de la Rosa","Diamondbacks","26","3","7","7","0","0","0","0","0","0","0","0","0","2","0","0","0","0","0","0","4","0","0","0","0","1","0","0.1","42.9 %","11.5 %","6","20","26","3862"
"Yusmeiro Petit","Giants","30","5","1","1","0","0","0","0","0","0","0","0","0","1","0","0","0","0","0","0","0","0","0","0","0","0","0","0.1"," ","40.0 %","2","3","5","4020"
"Jake Arrieta","Cubs","29","3","7","7","0","0","0","0","0","0","0","0","0","4","0","0","0","1","0","0","2","1","0","1","0","0","0","0.1","85.7 %","23.8 %","2","19","21","4153"
"David Huff","Dodgers","30","1","1","1","0","0","0","0","0","0","0","0","0","0","0","0","0","0","0","0","1","0","0","0","0","0","0","0.1","100.0 %","0.0 %","0","1","1","4257"
"Jeremy Hellickson","Diamondbacks","28","3","6","6","0","0","0","0","0","0","0","0","0","3","0","0","0","0","0","0","2","1","0","0","0","0","0","0.1","83.3 %","26.3 %","3","16","19","4371"
"Erik Kratz","Royals","35","3","3","3","0","0","0","0","0","0","0","0","0","2","0","0","0","0","0","0","1","0","0","0","0","0","0","0.1","66.7 %","25.0 %","4","8","12","4403"
"Jordan Zimmermann","Nationals","29","3","4","4","0","0","0","0","0","0","0","0","0","3","0","0","0","0","0","0","0","1","0","0","0","0","0","0.1","25.0 %","15.8 %","6","13","19","4505"
"Jon Lester","Cubs","31","3","5","5","0","0","0","0","0","0","0","0","0","3","0","0","0","0","0","0","2","0","0","0","0","0","0","0.1","100.0 %","6.3 %","2","14","16","4930"
"Madison Bumgarner","Giants","25","3","6","6","0","0","0","0","0","0","0","0","0","3","0","0","0","0","0","0","2","1","0","0","0","0","0","0.1","66.7 %","25.0 %","6","18","24","5524"
"Tim Lincecum","Giants","31","4","5","5","0","0","0","0","0","0","0","0","0","2","0","0","0","0","0","0","3","0","0","0","0","0","0","0.1","60.0 %","6.3 %","7","9","16","5705"
"Jesus Sucre","Mariners","27","2","5","5","0","0","0","0","0","0","0","0","0","0","0","0","0","0","0","0","1","3","1","1","0","0","0","0.1","40.0 %","0.0 %","7","12","19","5942"
"Trevor Cahill","Braves","27","2","2","2","0","0","0","0","0","0","0","0","0","1","0","0","0","0","0","0","0","1","0","0","0","0","0","0.1","50.0 %","0.0 %","2","5","7","6249"
"David Phelps","Marlins","28","3","2","2","0","0","0","0","0","0","0","0","0","2","0","0","0","0","0","0","0","0","0","0","0","0","0","0.1","50.0 %","25.0 %","1","7","8","6316"
"Chris Archer","Rays","26","4","3","3","0","0","0","0","0","0","0","0","0","1","0","0","0","0","0","0","2","0","0","0","0","0","0","0.1","100.0 %","8.3 %","5","7","12","6345"
"Vance Worley","Pirates","27","2","4","4","0","0","0","0","0","0","0","0","0","1","0","0","0","0","0","0","1","2","0","1","0","0","0","0.1","50.0 %","0.0 %","4","9","13","6435"
"Chase Anderson","Diamondbacks","27","3","5","5","0","0","0","0","0","0","0","0","0","2","0","0","0","0","0","0","3","0","0","0","0","0","0","0.1","80.0 %","27.8 %","3","15","18","6895"
"David Lough","Orioles","29","6","5","5","0","0","0","0","0","0","0","0","0","3","0","0","0","0","0","0","1","1","0","0","0","0","0","0.1","80.0 %","26.7 %","3","12","15","7215"
"Dillon Gee","Mets","29","2","1","3","0","0","0","0","0","0","0","0","0","1","0","0","2","0","0","0","0","0","0","0","0","2","0","0.1","100.0 %","22.2 %","2","7","9","7396"
"Gio Gonzalez","Nationals","29","3","4","4","0","0","0","0","0","0","0","0","0","2","0","0","0","0","0","0","1","1","0","1","0","0","0","0.1","100.0 %","13.6 %","6","16","22","7448"
"Jordan Lyles","Rockies","24","3","7","7","0","0","0","0","0","0","0","0","0","3","0","0","0","0","0","0","3","1","0","0","0","0","0","0.1","85.7 %","3.7 %","5","22","27","7593"
"Juan Nicasio","Dodgers","28","5","1","1","0","0","0","0","0","0","0","0","0","0","0","0","0","0","0","0","1","0","0","0","1","0","0","0.1"," ","25.0 %","2","2","4","7731"
"Wily Peralta","Brewers","26","3","5","6","0","0","0","0","0","0","0","0","0","4","0","0","1","0","0","0","0","0","0","0","0","2","0","0.1","66.7 %","29.2 %","5","19","24","7738"
"Mike Fiers","Brewers","30","3","4","4","0","0","0","0","0","0","0","0","0","2","0","0","0","0","0","0","0","1","0","0","0","1","0","0.1","75.0 %","25.0 %","2","10","12","7754"
"Christian Friedrich","Rockies","27","7","2","2","0","0","0","0","0","0","0","0","0","0","0","0","0","0","0","0","2","0","0","0","0","0","0","0.1","100.0 %","0.0 %","2","4","6","7942"
"Eric Stults","Braves","35","2","2","3","0","0","0","0","0","0","0","0","0","0","0","0","1","0","0","0","2","0","0","0","0","1","0","0.1","66.7 %","0.0 %","3","7","10","8011"
"Homer Bailey","Reds","29","1","2","2","0","0","0","0","0","0","0","0","0","1","0","0","0","0","0","0","0","0","1","0","0","0","0","0.1","100.0 %","0.0 %","2","6","8","8362"
"Brad Hand","Marlins","25","5","1","1","0","0","0","0","0","0","0","0","0","1","0","0","0","0","0","0","0","0","0","0","0","0","0","0.1"," ","20.0 %","1","4","5","9111"
"Jared Hughes","Pirates","29","8","0","1","0","0","0","0","0","0","0","0","0","0","0","0","1","0","0","0","0","0","0","0","0","1","0","0.1","100.0 %","0.0 %","0","1","1","9325"
"Drew Stubbs","Rockies","30","8","15","15","0","0","0","0","0","1","0","0","0","9","0","0","0","0","1","0","3","3","0","0","1","0","0","2.5","66.7 %","14.3 %","16","40","56","9328"
"George Kontos","Giants","30","7","1","1","0","0","0","0","0","0","0","0","0","1","0","0","0","0","0","0","0","0","0","0","0","0","0","0.1"," ","50.0 %","1","3","4","9486"
"Chris Dominguez","Reds","28","3","3","3","0","0","0","0","0","0","0","0","0","3","0","0","0","0","0","0","0","0","0","0","0","0","0","0.1","100.0 %","50.0 %","1","9","10","9718"
"Mike Leake","Reds","27","3","7","8","0","0","0","0","0","0","0","0","0","3","0","0","1","0","0","0","2","2","0","0","0","1","0","0.1","87.5 %","23.1 %","7","19","26","10130"
"Stephen Strasburg","Nationals","26","3","5","5","0","0","0","0","0","0","0","0","0","3","0","0","0","0","0","0","2","0","0","0","0","0","0","0.1","80.0 %","5.3 %","3","16","19","10131"
"Chris Heston","Giants","27","3","8","9","0","0","0","0","0","0","0","0","0","1","0","0","1","0","0","0","6","0","1","0","0","1","0","0.1","88.9 %","13.6 %","3","19","22","10302"
"Jarred Cosart","Marlins","25","2","3","3","0","0","0","0","0","0","0","0","0","2","0","0","0","0","0","0","1","0","0","0","0","0","0","0.1","100.0 %","20.0 %","1","9","10","10304"
"Jimmy Nelson","Brewers","26","2","4","4","0","0","0","0","0","0","0","0","0","3","0","0","0","0","0","0","1","0","0","0","0","0","0","0.1","100.0 %","7.7 %","2","11","13","10547"
"Adam Liberatore","Dodgers","28","3","1","1","0","0","0","0","0","0","0","0","0","1","0","0","0","0","0","0","0","0","0","0","0","0","0","0.1","100.0 %","0.0 %","0","3","3","10637"
"Trevor Rosenthal","Cardinals","25","5","1","1","0","0","0","0","0","0","0","0","0","1","0","0","0","0","0","0","0","0","0","0","0","0","0","0.1","100.0 %","100.0 %","0","3","3","10745"
"Shane Greene","Tigers","26","3","3","3","0","0","0","0","0","0","0","0","0","3","0","0","0","0","0","0","0","0","0","0","0","0","0","0.1","66.7 %","0.0 %","3","9","12","10756"
"Christian Bergman","Rockies","27","3","2","3","0","0","0","0","0","0","0","0","0","1","0","0","1","0","0","0","1","0","0","0","0","1","0","0.1","66.7 %","20.0 %","3","7","10","10925"
"Jacob deGrom","Mets","27","3","7","7","0","0","0","0","0","0","0","0","0","1","0","0","0","1","0","0","4","0","1","0","0","1","0","0.1","57.1 %","8.7 %","4","19","23","10954"
"Casey Sadler","Pirates","24","1","1","2","0","0","0","0","0","0","0","0","0","0","0","0","1","0","0","0","1","0","0","0","0","1","0","0.1","50.0 %","0.0 %","2","4","6","11209"
"Matt den Dekker","Nationals","27","4","2","2","0","0","0","0","0","0","0","0","0","1","0","0","0","0","0","0","0","1","0","0","0","0","0","0.1","100.0 %","8.3 %","4","8","12","11385"
"Carlos Martinez","Cardinals","23","3","3","4","0","0","0","0","0","0","0","0","0","0","0","0","1","0","0","0","2","0","0","0","0","2","0","0.1","100.0 %","0.0 %","1","5","6","11682"
"James Paxton","Mariners","26","3","2","2","0","0","0","0","0","0","0","0","0","2","0","0","0","0","0","0","0","0","0","0","0","0","0","0.1","100.0 %","66.7 %","0","6","6","11828"
"Taijuan Walker","Mariners","22","3","1","1","0","0","0","0","0","0","0","0","0","1","0","0","0","0","0","0","0","0","0","0","0","0","0","0.1"," ","50.0 %","1","3","4","11836"
"Orlando Calixte","Royals","23","1","2","2","0","0","0","0","0","1","0","0","0","0","0","0","0","0","0","0","2","0","0","0","0","0","0","0.1","50.0 %","0.0 %","2","5","7","11905"
"Tony Cingrani","Reds","25","3","1","1","0","0","0","0","0","0","0","0","0","1","0","0","0","0","0","0","0","0","0","0","0","0","0","0.1","100.0 %","0.0 %","1","3","4","12555"
"Taylor Featherston","Angels","25","5","5","6","0","0","0","0","0","0","1","0","0","1","0","1","0","0","0","0","3","2","0","0","0","0","0","0.1","33.3 %","12.5 %","12","12","24","12590"
"Nate Karns","Rays","27","3","2","3","0","0","0","0","0","0","0","0","0","2","0","0","1","0","0","0","0","0","0","0","0","1","0","0.1","33.3 %","15.4 %","5","8","13","12638"
"Nick Martinez","Rangers","24","3","2","2","0","0","0","0","0","0","0","0","0","1","0","0","0","0","0","0","0","1","0","0","0","0","0","0.1","100.0 %","25.0 %","2","6","8","12730"
"Andrew Chafin","Diamondbacks","25","4","1","1","0","0","0","0","0","0","0","0","0","1","0","0","0","0","0","0","0","0","0","0","0","0","0","0.1","100.0 %","33.3 %","0","3","3","12988"
"Hisashi Iwakuma","Mariners","34","3","2","3","0","0","0","0","0","0","0","0","0","2","0","0","1","0","0","0","0","0","0","0","0","1","0","0.1","100.0 %","0.0 %","1","7","8","13048"
"Eddie Butler","Rockies","24","3","5","5","0","0","0","0","0","0","0","0","0","3","0","0","0","0","0","0","1","0","0","0","0","1","0","0.1","60.0 %","26.3 %","3","16","19","13453"
"Alex Wood","Braves","24","3","2","4","0","0","0","0","0","0","0","0","0","2","0","0","2","0","0","0","0","0","0","0","0","2","0","0.1","100.0 %","16.7 %","3","9","12","13781"
"Michael Wacha","Cardinals","24","2","4","4","0","0","0","0","0","0","0","0","0","3","0","0","0","0","0","0","1","0","0","0","0","0","0","0.1","100.0 %","20.0 %","2","13","15","14078"
"Addison Russell","Cubs","21","1","5","5","0","0","0","0","0","0","0","0","0","3","0","0","0","0","0","0","1","0","1","0","0","0","0","0.1","60.0 %","16.7 %","5","13","18","14106"
"Raisel Iglesias","Reds","25","1","1","1","0","0","0","0","0","0","0","0","0","0","0","0","0","0","0","0","1","0","0","0","0","0","0","0.1"," ","0.0 %","1","2","3","17130"
