"Name","Team","G","PA","AB","H","2B","3B","HR","R","RBI","BB","SO","HBP","SB","CS","AVG","OBP","SLG","OPS","wOBA","Fld","BsR","WAR","playerid"
"Mike Trout","Angels","153","644","544","163","33","8","31","103","96","84","137","8","20","6",".299",".396",".557",".953",".411","0.3","1.3","8.6","10155"
"Troy Tulowitzki","Rockies","133","560","489","150","28","2","27","80","85","61","86","5","3","2",".307",".386",".539",".925",".400","5.0","-0.7","5.8","3531"
"Giancarlo Stanton","Marlins","150","630","537","148","31","2","39","90","101","82","168","6","7","4",".276",".376",".559",".935",".399","3.2","-0.6","5.8","4949"
"Miguel Cabrera","Tigers","143","602","529","165","35","1","29","85","100","64","97","3","2","1",".312",".386",".545",".931",".399","0.1","-0.5","5.0","1744"
"Jose Abreu","White Sox","142","595","524","153","28","1","35","85","95","57","117","9","3","3",".292",".369",".549",".918",".395","-1.3","-1.1","4.3","15676"
"Jose Bautista","Blue Jays","150","630","525","140","26","0","34","93","99","93","102","7","6","3",".266",".380",".513",".893",".388","0.8","-0.4","5.3","1887"
"Paul Goldschmidt","Diamondbacks","158","665","569","161","39","2","31","94","100","86","151","4","14","5",".282",".377",".522",".900",".387","4.6","0.1","5.1","9218"
"Andrew McCutchen","Pirates","150","630","541","160","33","5","23","90","82","75","113","8","18","8",".296",".387",".501",".888",".386","-3.6","0.0","6.0","9847"
"Joey Votto","Reds","138","580","467","130","29","1","19","75","65","103","115","5","4","3",".279",".411",".467",".878",".384","3.5","-0.9","4.3","4314"
"Yasiel Puig","Dodgers","142","595","522","153","31","6","21","87","75","57","116","11","13","8",".292",".370",".493",".863",".377","2.6","-1.0","4.7","14225"
"Edwin Encarnacion","Blue Jays","150","630","548","147","29","1","34","87","104","72","89","5","5","2",".268",".357",".512",".869",".376","-0.5","-0.1","3.7","2151"
"Anthony Rizzo","Cubs","156","655","570","154","33","2","31","90","95","71","124","9","6","5",".270",".358",".498",".856",".373","7.1","-1.1","4.6","3473"
"Bryce Harper","Nationals","142","595","519","145","25","4","26","79","73","67","127","4","10","5",".279",".363",".491",".854",".372","3.6","-0.6","4.4","11579"
"Freddie Freeman","Braves","153","644","557","159","33","3","22","85","85","74","129","7","3","2",".285",".374",".475",".849",".372","0.8","-0.8","3.9","5361"
"David Ortiz","Red Sox","142","595","516","143","31","1","29","73","93","70","98","3","1","0",".277",".363",".509",".873",".370","0.0","-0.4","2.7","745"
"Carlos Gonzalez","Rockies","124","520","468","132","26","4","24","71","78","45","123","3","14","4",".281",".346",".509",".854",".370","-1.6","0.6","2.4","7287"
"Buster Posey","Giants","136","571","507","152","30","2","18","68","79","53","72","5","2","1",".300",".367",".474",".841",".367","3.7","-0.6","5.8","9166"
"Corey Dickerson","Rockies","126","530","486","140","29","8","21","68","74","36","106","2","9","7",".287",".336",".510",".846",".365","-2.7","-1.3","2.0","10762"
"Victor Martinez","Tigers","125","525","471","144","27","0","18","63","76","46","46","3","2","1",".306",".368",".479",".847",".364","-0.2","-0.7","2.3","393"
"Kris Bryant","Cubs","100","420","372","96","19","2","22","61","68","38","131","7","7","3",".258",".336",".499",".835",".364","0.0","-0.3","3.1","sa549381"
"Ryan Braun","Brewers","142","595","535","151","29","4","24","79","88","49","115","6","14","6",".282",".347",".488",".835",".362","-2.3","0.1","3.3","3410"
"Matt Holliday","Cardinals","138","581","505","139","30","1","19","75","76","61","96","10","4","2",".275",".363",".453",".816",".360","-3.0","-0.6","3.2","1873"
"Jayson Werth","Nationals","125","525","456","128","26","1","16","67","65","59","101","6","8","2",".281",".368",".446",".814",".360","-3.7","0.2","2.6","1327"
"Adrian Beltre","Rangers","150","630","574","171","31","1","23","77","84","45","79","5","1","1",".298",".352",".478",".829",".359","6.1","-0.7","5.0","639"
"Hanley Ramirez","Red Sox","128","539","479","135","33","1","17","73","75","51","98","5","14","6",".281",".354",".462",".816",".359","1.8","0.1","3.4","8001"
"Steve Pearce","Orioles","125","525","461","122","27","0","22","64","69","52","105","7","5","2",".266",".346",".471",".817",".358","1.7","-0.3","3.0","9957"
"Prince Fielder","Rangers","142","595","510","138","27","0","22","70","77","71","99","9","1","1",".270",".368",".454",".821",".356","-5.0","-0.7","1.8","4613"
"Justin Morneau","Rockies","125","525","476","140","29","2","17","61","78","37","74","6","1","1",".293",".348",".470",".818",".356","2.4","-0.7","1.5","1737"
"Carlos Santana","Indians","148","623","518","128","29","1","23","76","81","96","115","3","4","2",".247",".365",".437",".803",".355","-1.7","-0.7","2.9","2396"
"Josh Donaldson","Blue Jays","150","630","559","148","31","2","26","82","89","59","122","6","6","2",".265",".339",".470",".810",".355","9.6","-0.3","5.5","5038"
"Anthony Rendon","Nationals","150","630","560","155","35","5","19","86","75","56","104","6","11","4",".278",".347",".459",".806",".354","3.8","0.1","4.9","12861"
"Robinson Cano","Mariners","150","630","566","168","36","2","17","76","80","53","78","6","6","3",".296",".361",".455",".816",".353","1.8","-0.3","4.9","3269"
"Adam Lind","Brewers","126","530","476","134","25","2","18","60","71","48","95","2","1","0",".281",".346",".457",".804",".352","-1.6","-0.4","1.9","8027"
"Mike Napoli","Red Sox","133","560","474","114","24","1","23","65","69","76","163","6","3","2",".242",".352",".440",".792",".351","4.4","-0.6","2.7","3057"
"Brandon Moss","Indians","123","518","456","110","22","2","28","66","76","51","150","7","2","1",".242",".325",".479",".805",".351","-1.5","-0.4","2.5","4467"
"Chris Davis","Orioles","133","560","492","119","23","0","32","73","88","55","176","8","3","2",".241",".325",".485",".810",".350","1.0","-0.6","2.4","9272"
"Shin-Soo Choo","Rangers","142","595","501","131","25","2","15","76","55","73","134","15","11","6",".262",".370",".410",".780",".349","-5.3","-0.9","2.1","3174"
"Jonathan Lucroy","Brewers","133","559","503","144","31","3","14","63","70","47","67","3","6","2",".287",".349",".444",".793",".349","4.1","-0.4","4.0","7870"
"Michael McKenry","Rockies","46","192","172","46","10","0","7","21","25","17","41","2","1","1",".270",".338",".453",".791",".348","-1.8","-0.4","0.9","9628"
"J.D. Martinez","Tigers","142","595","548","153","30","3","23","68","91","37","142","4","6","3",".278",".325",".473",".798",".348","-2.9","-0.5","2.3","6184"
"Lucas Duda","Mets","150","630","543","134","27","1","27","76","89","72","144","9","3","2",".247",".342",".450",".792",".347","-0.2","-0.5","2.7","2502"
"Carlos Gomez","Brewers","147","616","556","150","29","5","22","85","73","39","141","13","32","10",".269",".329",".461",".790",".347","8.4","2.0","4.8","4881"
"Jason Heyward","Cardinals","142","595","522","141","28","3","17","79","65","61","97","6","13","5",".269",".350",".432",".782",".346","16.0","0.1","4.8","4940"
"George Springer","Astros","142","595","518","122","20","2","30","80","85","63","185","9","17","6",".237",".329",".459",".787",".346","-1.0","0.7","3.1","12856"
"Pablo Sandoval","Red Sox","142","595","543","155","32","3","19","72","83","41","84","4","0","1",".285",".337",".458",".795",".346","-0.1","-0.7","3.5","5409"
"Ryan Zimmerman","Nationals","133","560","502","138","28","2","18","69","78","51","105","2","3","2",".275",".341",".446",".788",".346","6.2","-0.4","2.9","4220"
"Nolan Arenado","Rockies","150","630","584","167","40","3","20","71","79","33","79","4","3","2",".286",".326",".466",".792",".345","12.0","-0.8","3.8","9777"
"Brandon Belt","Giants","128","539","476","125","28","2","18","65","65","54","130","5","8","4",".263",".342",".444",".786",".345","3.4","-0.4","2.7","10264"
"Yoenis Cespedes","Tigers","142","595","549","149","28","5","24","78","91","37","117","5","8","4",".271",".320",".473",".793",".345","4.3","-0.4","3.4","13110"
"Adrian Gonzalez","Dodgers","150","630","570","159","33","1","23","75","97","50","106","3","1","1",".279",".336",".457",".793",".344","8.1","-0.5","3.2","1908"
"Justin Upton","Padres","142","595","521","133","26","2","22","76","73","62","145","6","9","4",".256",".339",".442",".781",".344","-1.9","-0.4","2.9","5222"
"Albert Pujols","Angels","142","595","540","146","32","1","25","73","88","44","69","5","5","1",".271",".328",".470",".798",".344","3.8","-0.1","3.0","1177"
"Michael Brantley","Indians","152","637","576","169","35","2","13","78","76","48","63","5","16","5",".294",".351",".432",".782",".344","-1.1","0.6","3.5","4106"
"Adam LaRoche","White Sox","142","595","509","122","21","1","27","73","82","77","136","2","2","1",".239",".338",".448",".786",".343","0.5","-0.3","1.8","1904"
"Neil Walker","Pirates","108","455","405","109","22","2","14","56","56","38","75","7","3","2",".270",".340",".438",".778",".343","-2.8","-0.6","2.5","7539"
"Matt Carpenter","Cardinals","142","595","512","141","33","3","9","79","54","67","93","7","4","3",".276",".363",".404",".767",".342","-2.0","-0.9","3.3","8090"
"Eric Hosmer","Royals","150","630","572","163","33","2","17","73","75","49","99","3","9","3",".285",".341",".440",".781",".342","-0.1","-0.2","2.4","3516"
"Alex Gordon","Royals","150","630","559","151","33","3","18","79","71","58","128","7","10","4",".270",".344",".433",".776",".342","13.8","-0.2","4.6","5209"
"Khris Davis","Brewers","105","440","395","99","24","2","19","55","61","32","102","8","4","2",".250",".316",".463",".779",".342","-0.8","-0.3","1.7","9112"
"Melky Cabrera","White Sox","142","595","544","159","29","3","14","76","66","41","72","2","7","4",".292",".341",".436",".777",".342","-5.3","-0.4","2.0","4022"
"Adam Jones","Orioles","153","644","604","167","30","2","27","82","90","25","125","10","9","3",".277",".313",".468",".781",".341","-2.6","0.0","3.8","6368"
"Oswaldo Arcia","Twins","125","525","477","122","24","3","22","62","72","38","144","7","3","3",".255",".317",".461",".778",".340","-5.6","-0.8","1.8","10306"
"Wilin Rosario","Rockies","75","314","295","81","16","1","14","37","46","15","64","1","2","1",".275",".310",".474",".784",".340","-3.2","-0.3","0.7","8002"
"Matt Kemp","Padres","132","555","498","134","27","2","19","70","72","49","137","2","10","4",".269",".335",".444",".779",".340","-7.7","0.0","1.8","5631"
"Jorge Soler","Cubs","133","560","509","131","33","4","22","75","87","42","122","2","4","2",".257",".314",".465",".779",".339","-0.9","-0.3","2.1","14221"
"Mark Trumbo","Diamondbacks","146","613","562","142","27","2","31","73","97","43","150","3","5","3",".253",".307",".475",".783",".339","-6.8","-0.8","1.4","6876"
"Christian Yelich","Marlins","150","630","558","153","28","6","13","86","58","63","134","3","18","7",".274",".349",".415",".764",".339","7.6","0.3","3.6","11477"
"Chris Carter","Astros","147","616","539","121","24","1","33","77","90","67","202","5","4","2",".225",".313",".460",".774",".339","-0.3","-0.3","1.9","9911"
"Mookie Betts","Red Sox","133","560","501","138","30","3","12","76","57","50","72","3","25","9",".276",".343",".418",".762",".338","-0.5","1.0","3.2","13611"
"Devin Mesoraco","Reds","107","448","399","100","21","0","20","52","64","38","93","6","2","2",".251",".322",".453",".775",".338","0.5","-0.8","3.1","5666"
"David Wright","Mets","133","560","499","137","28","3","14","65","67","52","102","4","10","5",".275",".346",".425",".771",".338","2.4","-0.4","3.7","3787"
"Joe Mauer","Twins","142","595","519","147","31","2","8","68","63","70","103","2","3","2",".284",".369",".397",".766",".338","2.4","-0.8","2.3","1857"
"Scott Van Slyke","Dodgers","73","305","267","67","14","1","11","35","38","32","80","3","4","2",".249",".333",".428",".761",".337","1.0","-0.3","1.4","4365"
"Dexter Fowler","Cubs","133","560","476","123","22","5","10","67","43","74","125","4","13","7",".258",".360",".389",".749",".337","-11.4","-0.5","1.8","4062"
"Evan Longoria","Rays","150","630","557","142","29","2","24","76","83","60","129","6","3","1",".255",".331",".443",".774",".337","6.4","-0.5","4.8","9368"
"Chase Headley","Yankees","142","595","521","133","26","1","19","72","71","62","144","8","8","4",".255",".341",".417",".757",".336","7.0","-0.4","4.0","4720"
"Ben Zobrist","Athletics","142","595","517","137","32","3","12","74","61","68","83","3","9","4",".264",".350",".408",".758",".336","3.4","-0.4","4.1","7435"
"Starling Marte","Pirates","137","576","524","143","28","8","13","76","56","29","138","16","29","13",".273",".329",".433",".762",".336","7.5","0.2","3.5","9241"
"Matt Adams","Cardinals","127","535","499","137","28","2","19","59","71","29","116","2","3","1",".274",".314",".456",".771",".335","1.5","-0.5","1.9","9393"
"Todd Frazier","Reds","127","535","481","122","23","2","21","65","69","42","115","7","11","6",".253",".320",".443",".762",".335","1.8","-0.4","3.0","785"
"Aramis Ramirez","Brewers","125","525","480","130","25","1","17","56","70","30","80","11","2","1",".272",".327",".433",".760",".335","-4.2","-0.3","1.8","1002"
"Kyle Seager","Mariners","150","630","566","148","29","3","20","75","80","52","111","7","8","5",".262",".328",".431",".759",".335","2.1","-0.7","4.0","9785"
"Manny Machado","Orioles","142","595","551","154","33","2","18","70","64","32","96","3","6","3",".279",".320",".443",".763",".335","16.0","-0.7","5.0","11493"
"Kole Calhoun","Angels","145","609","554","146","29","4","20","83","70","46","115","3","8","5",".264",".321",".437",".758",".334","1.9","-0.8","3.1","11200"
"Nelson Cruz","Mariners","137","574","522","130","26","1","27","66","79","42","133","5","5","3",".250",".309",".457",".766",".334","0.0","-0.7","1.5","2434"
"Jose Altuve","Astros","150","630","584","178","35","3","8","78","54","34","61","4","37","13",".304",".344",".415",".759",".334","-5.5","2.1","3.3","5417"
"Jay Bruce","Reds","135","565","505","124","27","2","25","71","80","52","150","3","8","4",".247",".318",".452",".770",".334","0.3","-0.2","2.0","9892"
"Carlos Quentin","Padres","43","180","156","37","9","0","6","20","22","16","33","5","0","0",".238",".327",".420",".747",".332","-1.2","-0.2","0.6","6274"
"Yadier Molina","Cardinals","107","448","410","118","25","0","10","45","50","28","51","4","3","2",".288",".337",".420",".757",".332","9.1","-0.4","4.0","7007"
"Jacoby Ellsbury","Yankees","142","595","541","150","26","4","15","77","61","44","88","4","32","8",".277",".333",".421",".754",".332","2.8","2.8","3.8","4727"
"Yasmani Grandal","Dodgers","103","432","373","90","19","1","14","52","55","52","102","3","2","1",".242",".336",".411",".747",".331","-2.7","-0.3","2.6","11368"
"Kyle Blanks","Rangers","25","105","94","23","5","0","4","14","12","8","28","2","1","0",".248",".317",".435",".752",".331","0.0","-0.1","0.2","49"
"Russell Martin","Blue Jays","123","518","444","106","21","0","17","57","65","58","111","10","6","4",".239",".338",".404",".742",".331","6.4","-0.7","3.8","4616"
"A.J. Pollock","Diamondbacks","131","550","506","137","31","8","11","68","48","36","91","3","18","6",".272",".322",".428",".750",".330","6.0","1.0","3.2","9256"
"Hunter Pence","Giants","133","560","510","136","24","5","16","70","69","41","104","4","9","4",".267",".324",".428",".752",".330","-0.6","-0.2","2.3","8252"
"Michael Morse","Marlins","117","490","450","118","25","2","17","53","60","29","116","7","0","1",".261",".314",".438",".752",".330","-2.5","-0.6","0.7","3035"
"Dustin Pedroia","Red Sox","150","630","565","159","34","1","10","77","63","56","73","3","11","6",".281",".345",".399",".744",".330","12.1","-0.5","4.4","8370"
"Lonnie Chisenhall","Indians","117","490","447","119","25","1","15","57","59","31","93","6","3","1",".267",".321",".429",".750",".330","-5.1","-0.3","2.2","7571"
"Yan Gomes","Indians","114","480","444","117","24","3","17","56","63","26","111","5","1","0",".263",".308",".446",".754",".330","4.2","-0.3","4.0","9627"
"Billy Butler","Athletics","150","630","562","153","30","0","15","65","77","57","101","5","1","0",".272",".342",".408",".750",".330","0.0","-0.5","1.3","7399"
"Evan Gattis","Astros","140","587","542","133","27","2","29","68","83","32","136","9","1","1",".245",".296",".462",".758",".330","-1.3","-0.6","1.4","11003"
"Josh Harrison","Pirates","139","585","546","153","34","7","12","73","61","24","84","7","18","8",".281",".317",".434",".751",".330","1.5","0.1","3.3","8202"
"Brian McCann","Yankees","123","518","468","117","17","1","23","59","75","41","83","5","1","1",".250",".315",".437",".752",".329","0.7","-0.6","3.1","4810"
"Michael Cuddyer","Mets","142","595","542","142","31","3","19","65","70","45","113","2","8","3",".262",".319",".432",".751",".329","-10.3","0.1","1.1","1534"
"Marcell Ozuna","Marlins","150","630","582","151","29","5","23","74","84","40","155","3","5","2",".259",".307",".444",".751",".329","0.5","-0.2","3.0","10324"
"Travis Snider","Orioles","75","315","282","71","14","1","11","37","38","28","73","2","3","2",".251",".320",".428",".748",".329","-1.1","-0.4","0.8","2830"
"Miguel Sano","Twins","33","140","126","29","6","1","7","18","19","11","44","2","2","1",".230",".297",".456",".753",".329","-0.7","-0.2","0.6","sa548088"
"Wilson Ramos","Nationals","107","448","415","111","17","0","18","47","63","27","68","2","1","1",".268",".314",".439",".752",".329","1.7","-0.7","3.0","1433"
"Wil Myers","Padres","133","560","500","128","26","2","18","64","61","52","133","2","8","3",".257",".327",".422",".749",".329","-10.6","0.0","1.9","10047"
"Yasmany Tomas","Diamondbacks","107","450","422","110","21","3","18","50","53","21","98","3","6","5",".261",".300",".452",".752",".329","-1.5","-0.9","1.6","17171"
"Carlos Beltran","Yankees","108","455","413","106","22","1","17","53","59","35","82","3","2","1",".256",".316",".434",".750",".329","-2.6","-0.4","0.8","589"
"Allen Craig","Red Sox","92","385","351","94","20","1","10","44","49","27","81","4","2","1",".267",".324",".418",".742",".328","-1.0","-0.4","0.8","3433"
"Charlie Blackmon","Rockies","150","630","580","160","31","4","16","75","66","33","103","9","21","8",".276",".323",".423",".746",".328","-2.0","0.5","1.0","7859"
"Nick Castellanos","Tigers","132","553","509","139","29","3","15","57","66","35","110","3","3","2",".272",".320",".428",".748",".328","-9.7","-0.6","1.4","11737"
"Ian Desmond","Nationals","150","630","578","152","30","3","20","72","77","41","154","5","21","8",".263",".315",".430",".745",".328","-1.4","0.8","3.4","6885"
"Garrett Jones","Yankees","83","350","319","78","17","1","15","41","46","27","85","1","1","1",".245",".304",".447",".751",".328","-1.4","-0.4","0.6","2714"
"Mark Teixeira","Yankees","125","525","456","105","18","0","23","63","79","56","108","6","2","1",".229",".319",".422",".742",".328","4.9","-0.6","1.6","1281"
"Torii Hunter","Twins","142","595","555","156","32","3","15","67","71","26","105","6","4","3",".282",".318",".428",".746",".327","-6.3","-0.9","1.3","731"
"Michael Saunders","Blue Jays","133","560","495","122","27","4","17","74","70","56","138","2","12","5",".246",".322",".420",".743",".327","5.4","-0.2","2.5","9981"
"Pedro Alvarez","Pirates","131","550","493","116","21","2","26","62","77","51","158","3","5","2",".236",".309",".442",".751",".327","-1.1","-0.3","1.4","2495"
"Jose Reyes","Blue Jays","142","595","545","155","31","4","10","79","51","41","62","1","23","7",".284",".333",".410",".744",".327","-7.4","1.6","2.7","1736"
"Drew Stubbs","Rockies","111","465","420","110","20","3","13","61","49","37","133","2","19","6",".262",".323",".416",".739",".327","-1.8","1.3","1.3","9328"
"Ike Davis","Athletics","125","525","449","102","23","0","18","60","66","70","122","2","2","3",".228",".332",".402",".735",".326","0.4","-1.1","1.5","8433"
"Travis d'Arnaud","Mets","122","512","466","118","25","2","18","58","63","38","90","4","2","1",".253",".312",".434",".746",".326","-7.1","-0.3","2.7","7739"
"David Peralta","Diamondbacks","75","315","296","82","15","4","7","35","36","14","50","2","4","2",".277",".312",".433",".745",".326","-1.4","-0.2","0.7","2136"
"Jhonny Peralta","Cardinals","142","595","538","140","32","1","16","59","67","48","110","4","3","2",".261",".324",".413",".737",".326","2.9","-0.8","3.4","1738"
"Peter O'Brien","Diamondbacks","11","45","42","10","2","0","2","6","7","2","13","0","0","0",".236",".278",".473",".751",".326","-0.8","0.0","0.1","sa577327"
"Starlin Castro","Cubs","142","595","553","154","32","3","13","67","61","33","97","5","9","6",".279",".323",".417",".740",".326","-4.1","-0.8","2.5","4579"
"Ian Kinsler","Tigers","150","630","574","154","33","3","15","81","68","42","68","6","13","6",".268",".323",".413",".736",".325","6.2","-0.3","3.8","6195"
"Marlon Byrd","Reds","131","550","510","132","24","3","21","64","75","29","155","7","2","2",".259",".304",".442",".747",".325","1.7","-0.9","1.6","950"
"John Jaso","Rays","113","474","411","102","21","3","10","53","47","51","83","7","3","2",".249",".338",".387",".725",".325","-1.1","-0.5","1.1","5887"
"Brett Gardner","Yankees","150","630","556","143","27","8","12","83","57","56","131","6","22","8",".258",".330",".399",".729",".325","10.2","0.9","3.3","9927"
"Trevor Plouffe","Twins","125","525","473","119","27","2","16","58","64","42","104","5","2","2",".251",".317",".418",".734",".324","-3.6","-0.7","1.8","7462"
"Xander Bogaerts","Red Sox","147","616","556","145","30","3","16","70","63","45","130","7","5","3",".261",".321",".412",".734",".324","-6.1","-0.7","2.5","12161"
"Howie Kendrick","Dodgers","133","560","515","146","27","4","10","63","61","34","93","5","10","5",".283",".330",".408",".738",".324","1.8","-0.3","2.9","4229"
"Domonic Brown","Phillies","117","490","447","114","22","2","17","54","65","37","89","2","6","3",".255",".312",".429",".741",".324","-6.2","-0.3","0.6","3154"
"Josh Reddick","Athletics","125","525","473","116","23","5","18","63","66","44","100","2","6","3",".245",".310",".429",".738",".324","8.3","-0.2","2.9","3892"
"Justin Turner","Dodgers","91","381","345","96","21","1","6","40","40","26","62","5","4","2",".277",".335",".394",".729",".324","-2.2","-0.2","1.6","5235"
"Matt Joyce","Angels","133","560","486","118","26","2","16","64","65","62","123","5","6","4",".242",".330",".400",".730",".324","-0.5","-0.9","1.7","3353"
"Adam Eaton","White Sox","133","560","496","135","24","6","5","69","43","47","92","10","20","10",".271",".345",".374",".719",".323","-2.4","-0.3","2.3","11205"
"Rusney Castillo","Red Sox","58","245","226","62","11","1","5","28","25","14","39","4","8","4",".274",".324",".404",".728",".323","0.5","-0.1","1.1","17016"
"Kendrys Morales","Royals","127","532","487","127","27","0","16","56","68","36","94","4","0","0",".262",".317",".418",".735",".323","0.0","-0.5","0.6","8610"
"Seth Smith","Mariners","108","455","400","99","24","2","11","52","46","47","95","4","2","1",".247",".330",".400",".730",".323","-2.0","-0.4","1.3","7331"
"Curtis Granderson","Mets","125","525","458","104","19","2","20","65","58","57","130","5","8","3",".227",".316",".410",".726",".323","-1.5","-0.1","1.6","4747"
"Joc Pederson","Dodgers","137","574","502","116","18","3","21","70","69","61","159","5","19","9",".232",".319",".406",".725",".323","0.4","-0.2","2.8","11899"
"Brett Lawrie","Athletics","133","560","509","131","25","2","16","61","65","38","90","8","8","4",".258",".317",".409",".727",".322","4.9","-0.3","3.4","5247"
"Daniel Nava","Red Sox","37","154","135","35","8","0","3","17","15","13","31","4","1","1",".261",".341",".377",".719",".322","0.4","-0.2","0.4","5450"
"Logan Morrison","Mariners","133","560","502","124","26","2","18","64","66","49","96","5","4","2",".247",".318",".413",".730",".322","-2.0","-0.4","1.2","9205"
"Jon Jay","Cardinals","100","420","373","105","18","2","4","46","38","28","68","11","7","4",".280",".347",".375",".722",".322","-1.8","-0.4","1.6","5227"
"Matt Wieters","Orioles","116","486","439","109","22","0","18","54","63","40","88","2","2","1",".249",".311",".423",".733",".322","3.7","-0.3","2.9","4298"
"Justin Smoak","Blue Jays","108","455","402","96","20","0","16","53","57","45","100","3","1","1",".239",".318",".409",".726",".322","-0.6","-0.6","0.6","9054"
"Jon Singleton","Astros","67","280","241","52","11","1","11","34","34","36","87","1","2","1",".216",".318",".407",".724",".322","-2.3","-0.4","0.4","10441"
"Andre Ethier","Dodgers","50","208","185","48","10","1","4","22","25","19","40","3","1","1",".260",".334",".394",".728",".321","-0.4","-0.3","0.6","6265"
"Chase Utley","Phillies","133","560","499","129","26","5","13","65","64","45","77","10","8","2",".258",".328",".406",".734",".321","3.5","0.3","2.8","1679"
"Yonder Alonso","Padres","117","490","443","118","25","1","11","49","53","40","70","3","6","2",".266",".327",".402",".729",".321","3.2","0.0","1.4","2530"
"Salvador Perez","Royals","122","512","483","133","25","2","14","53","63","21","64","3","1","0",".276",".308",".423",".731",".320","6.4","-0.5","3.7","7304"
"Avisail Garcia","White Sox","135","567","528","141","18","4","18","64","71","28","128","6","10","6",".267",".308",".419",".727",".320","-3.9","-0.7","0.9","5760"
"Denard Span","Nationals","133","560","512","144","29","6","4","70","40","40","60","2","20","7",".281",".333",".387",".720",".320","2.0","0.8","2.6","8347"
"Martin Prado","Marlins","150","630","578","160","31","3","10","68","62","40","71","4","5","3",".277",".326",".396",".721",".320","1.8","-0.7","2.6","3312"
"Colby Rasmus","Astros","140","588","531","125","26","2","23","69","68","48","171","4","4","2",".235",".301",".424",".725",".319","-3.0","-0.4","2.2","9893"
"Derek Norris","Padres","114","480","417","98","19","1","13","51","49","55","106","3","5","2",".236",".328",".384",".712",".319","-2.9","-0.3","2.7","6867"
"Nick Markakis","Braves","147","616","554","150","26","2","11","68","52","52","72","4","4","2",".271",".335",".382",".718",".319","-1.8","-0.6","1.2","5930"
"Kyle Parker","Rockies","7","30","28","7","1","0","1","3","4","2","7","0","0","0",".262",".307",".416",".724",".319","0.0","0.0","0.0","11763"
"Josh Hamilton","Angels","92","385","347","87","18","1","13","43","50","30","103","3","3","2",".250",".311",".421",".733",".319","-0.6","-0.3","1.2","1875"
"Luis Valbuena","Astros","90","378","331","78","18","2","10","43","39","41","80","2","2","2",".237",".323",".394",".717",".318","0.2","-0.7","1.7","4969"
"Shane Victorino","Red Sox","88","371","336","88","18","2","8","45","37","23","56","6","11","3",".263",".319",".398",".717",".318","4.7","1.0","1.5","1677"
"Mike Carp","Nationals","17","70","63","16","3","0","2","8","9","6","16","1","0","0",".248",".317",".398",".716",".318","-0.5","-0.1","0.1","7480"
"Jason Kipnis","Indians","142","595","527","134","27","2","12","73","62","57","114","3","22","6",".254",".329",".385",".714",".318","-5.0","1.4","2.5","9776"
"Tyler Moore","Nationals","25","105","96","23","5","0","4","11","13","8","28","1","0","0",".241",".301",".420",".721",".318","0.2","-0.1","0.2","7244"
"Josmil Pinto","Twins","88","370","332","82","17","1","11","41","40","32","77","2","1","1",".247",".316",".400",".716",".318","-1.1","-0.5","1.0","6806"
"Carl Crawford","Dodgers","111","465","433","119","22","4","9","60","50","23","73","5","18","7",".275",".316",".406",".722",".318","2.0","0.7","1.7","1201"
"Alex Avila","Tigers","99","416","356","82","18","1","11","42","45","53","124","2","2","1",".230",".331",".376",".707",".318","0.8","-0.5","2.4","7476"
"Coco Crisp","Athletics","133","560","495","125","23","4","12","72","53","56","71","1","22","6",".252",".327",".388",".715",".318","-2.2","1.6","1.8","1572"
"Brian Dozier","Twins","150","630","555","134","29","2","16","79","64","60","118","6","15","7",".242",".320",".391",".711",".317","-0.7","-0.3","2.7","9810"
"Corey Hart","Pirates","83","348","316","79","17","2","10","38","40","23","73","5","2","1",".251",".311",".408",".719",".317","-2.3","-0.2","0.5","1945"
"Alejandro De Aza","Orioles","122","511","462","121","23","5","10","60","46","36","106","5","16","9",".262",".321",".395",".716",".317","2.5","-0.6","1.5","3371"
"Daniel Murphy","Mets","142","595","554","156","33","2","9","70","59","33","79","2","11","4",".282",".321",".398",".720",".317","-8.7","0.0","1.7","4316"
"Carlos Ruiz","Phillies","107","448","397","104","24","0","7","44","44","35","60","11","3","2",".261",".335",".377",".712",".317","2.5","-0.4","2.6","2579"
"Steven Souza","Rays","125","525","469","111","21","2","19","59","60","46","141","5","19","9",".237",".308",".408",".717",".316","0.8","-0.1","1.7","5667"
"Cody Asche","Phillies","114","480","440","112","24","2","13","51","55","33","106","3","4","2",".255",".309",".410",".719",".316","-2.6","-0.5","1.4","11997"
"Kennys Vargas","Twins","125","525","479","118","22","1","19","59","68","37","125","4","1","1",".246",".303",".416",".719",".316","-1.0","-0.7","0.5","12101"
"Chris Iannetta","Angels","107","448","374","84","18","0","10","45","45","63","112","6","3","1",".225",".341",".355",".697",".316","-3.4","-0.5","2.5","8267"
"Nick Hundley","Rockies","69","288","265","69","14","1","8","29","37","17","66","2","1","1",".260",".307",".413",".721",".316","-0.5","-0.4","0.8","3376"
"Nori Aoki","Giants","134","562","502","139","22","4","4","64","41","43","47","8","16","8",".276",".341",".360",".701",".316","1.0","-0.3","1.6","13075"
"Jed Lowrie","Astros","133","560","503","129","29","2","12","60","55","46","86","4","1","0",".257",".322",".392",".713",".315","-6.1","-0.4","2.0","4418"
"Leonys Martin","Rangers","142","595","541","145","22","7","11","69","56","39","116","5","31","13",".268",".321",".393",".713",".315","5.9","0.6","2.9","11846"
"Rougned Odor","Rangers","142","595","554","146","25","7","15","64","68","25","105","7","15","9",".263",".301",".417",".719",".315","-2.1","-1.1","1.8","12282"
"Mark Reynolds","Cardinals","60","250","218","47","9","0","10","28","30","28","71","2","2","1",".216",".309",".399",".708",".315","-0.9","-0.3","0.5","7619"
"Tommy La Stella","Cubs","58","245","218","59","12","1","2","24","23","21","26","2","2","1",".269",".337",".367",".704",".315","-1.5","-0.2","0.6","12371"
"Marcus Semien","Athletics","142","595","528","126","26","4","16","71","67","55","120","5","10","4",".238",".314",".394",".708",".315","-7.1","-0.2","2.2","12533"
"Andrew Lambo","Pirates","66","276","253","62","13","1","10","31","34","18","66","2","2","2",".245",".298",".423",".721",".315","-0.7","-0.3","0.6","5386"
"David Freese","Angels","133","560","502","128","24","1","12","56","61","46","130","7","2","2",".255",".323",".381",".704",".315","-6.0","-0.9","1.8","9549"
"Ben Paulsen","Rockies","5","21","19","5","1","0","1","2","3","1","6","0","0","0",".247",".299",".421",".719",".315","0.1","0.0","0.0","9741"
"Dioner Navarro","Blue Jays","63","265","242","64","11","0","7","26","32","18","39","1","1","0",".264",".315",".398",".713",".314","-0.7","-0.2","0.7","3179"
"Andy Wilkins","White Sox","8","35","32","8","2","0","1","4","4","2","8","0","0","0",".240",".290",".428",".718",".314","0.0","0.0","0.0","11251"
"Jonny Gomes","Braves","48","200","171","39","6","0","6","20","22","22","56","3","1","1",".229",".326",".375",".701",".314","-1.5","-0.3","0.3","1845"
"Welington Castillo","Cubs","23","96","86","21","4","0","3","9","10","7","23","2","0","0",".244",".313",".393",".705",".314","-0.2","-0.1","0.4","3256"
"Scooter Gennett","Brewers","132","555","518","144","27","3","10","61","55","25","84","2","8","5",".278",".312",".403",".715",".314","-0.4","-0.7","1.6","10339"
"Mitch Moreland","Rangers","108","455","411","101","21","1","15","48","56","34","99","3","1","1",".246",".305",".409",".714",".314","0.0","-0.4","0.0","3086"
"Miguel Montero","Cubs","99","416","361","88","17","1","9","39","46","45","87","6","1","1",".245",".335",".371",".706",".314","1.1","-0.8","2.0","3364"
"Jacob Lamb","Diamondbacks","58","245","223","55","13","1","7","26","27","17","65","2","2","1",".247",".303",".409",".713",".314","0.2","-0.2","0.8","13329"
"Darin Ruf","Phillies","71","300","268","64","14","1","9","32","32","24","79","5","1","1",".238",".309",".398",".707",".314","-0.9","-0.3","0.4","9929"
"Conor Gillaspie","White Sox","117","490","444","114","21","3","11","52","52","38","80","2","2","2",".256",".316",".395",".711",".313","-3.3","-1.0","0.9","9009"
"Brennan Boesch","Reds","28","119","110","27","5","1","4","13","14","7","26","1","2","1",".244",".290",".426",".715",".313","-2.3","0.0","-0.1","914"
"Nick Swisher","Indians","112","469","410","95","21","1","13","49","53","51","117","2","1","1",".231",".317",".384",".701",".313","-0.1","-0.5","0.5","4599"
"Angel Pagan","Giants","125","525","482","132","26","5","6","66","42","35","68","2","17","7",".275",".324",".383",".707",".313","-5.3","0.2","1.8","2918"
"Zach Walters","Indians","25","105","99","23","5","1","5","12","14","4","31","1","1","1",".234",".270",".449",".718",".313","0.0","-0.2","0.2","10622"
"Aaron Hill","Diamondbacks","125","525","481","124","26","3","12","56","56","33","78","5","5","4",".258",".309",".400",".709",".313","-3.0","-0.9","1.1","6104"
"Alex Rios","Royals","125","525","494","135","27","5","10","58","57","24","86","2","18","7",".273",".308",".407",".715",".313","-0.2","0.5","1.0","2090"
"David Murphy","Indians","67","280","253","65","14","1","6","28","30","22","40","1","3","2",".257",".318",".390",".708",".313","-1.1","-0.5","0.6","6035"
"Ryan Howard","Phillies","117","490","435","100","18","1","19","53","71","46","145","5","0","0",".230",".307",".407",".715",".313","-3.5","-0.4","0.0","2154"
"Gerardo Parra","Brewers","78","329","298","79","15","2","6","37","29","23","57","2","6","4",".264",".320",".390",".710",".313","5.3","-0.6","1.0","8553"
"Chris Young","Yankees","105","441","392","89","21","1","15","51","50","41","102","4","10","4",".226",".304",".402",".706",".312","4.7","0.0","1.5","3882"
"Desmond Jennings","Rays","150","630","557","135","29","4","14","79","51","58","128","6","20","7",".242",".318",".380",".698",".312","-0.4","0.9","2.9","1965"
"Cody Ross","Diamondbacks","55","230","209","53","11","0","6","23","24","17","46","2","1","1",".253",".312",".391",".703",".312","-0.4","-0.2","0.3","1760"
"Javier Baez","Cubs","133","560","517","118","24","3","26","70","75","32","177","5","14","7",".228",".277",".436",".713",".312","-3.5","0.0","1.4","12979"
"Maikel Franco","Phillies","119","500","474","119","25","3","18","58","62","19","79","3","2","2",".252",".283",".429",".712",".311","-0.4","-0.5","1.1","12179"
"Yunel Escobar","Nationals","130","546","492","132","22","1","8","53","48","43","61","4","3","2",".269",".330",".365",".696",".311","-1.4","-0.7","1.6","4191"
"Derek Dietrich","Marlins","24","100","91","22","4","1","3","12","11","5","23","3","1","0",".238",".300",".403",".703",".311","-0.5","-0.1","0.3","10542"
"Mike Moustakas","Royals","133","560","512","125","29","1","17","57","63","37","93","5","3","2",".245",".299",".407",".706",".311","3.4","-0.6","2.3","4892"
"Gregory Polanco","Pirates","125","525","479","122","22","3","12","65","58","38","90","2","21","9",".255",".310",".392",".702",".310","2.0","0.3","1.4","12907"
"Alex Rodriguez","Yankees","92","385","340","79","15","0","12","45","48","36","95","5","5","3",".231",".311",".386",".696",".310","-0.1","-0.4","0.1","1274"
"Jason Castro","Astros","96","403","360","85","19","2","11","43","45","34","109","4","1","0",".236",".306",".393",".700",".310","-1.0","-0.3","2.1","8722"
"James Loney","Rays","125","525","482","132","24","0","9","49","53","35","67","2","3","1",".273",".323",".378",".701",".310","3.4","-0.4","1.3","4556"
"Chris Colabello","Blue Jays","25","105","96","22","5","0","4","11","14","7","29","1","0","0",".234",".292",".411",".703",".310","-0.2","-0.1","0.1","13051"
"Jose Tabata","Pirates","17","70","64","17","3","0","1","8","6","4","10","1","1","1",".269",".325",".367",".692",".310","-0.1","-0.2","0.1","2411"
"Delmon Young","Orioles","75","315","295","77","13","1","9","31","37","14","64","3","1","0",".261",".299",".403",".702",".310","-0.4","-0.2","0.1","2140"
"Jung-ho Kang","Pirates","92","385","348","83","19","1","11","42","43","29","104","4","5","3",".240",".304",".395",".699",".309","-1.9","-0.5","1.2","17182"
"Christian Walker","Orioles","25","105","97","24","4","0","4","11","12","6","25","1","0","0",".247",".297",".403",".700",".309","-0.1","-0.1","0.0","13419"
"Rob Refsnyder","Yankees","42","175","158","39","8","1","4","20","17","14","35","2","3","2",".248",".313",".379",".692",".309","-0.7","-0.2","0.5","sa621680"
"Chris Coghlan","Cubs","121","510","455","113","25","4","8","56","43","45","94","4","9","5",".248",".319",".376",".694",".309","-3.1","-0.4","0.4","6878"
"Dustin Ackley","Mariners","133","560","506","127","25","3","12","68","57","45","97","2","7","3",".250",".313",".383",".696",".309","3.6","-0.4","1.7","10099"
"Wilmer Flores","Mets","129","540","505","130","25","3","16","60","66","24","78","3","2","2",".257",".293",".413",".706",".309","-3.5","-0.8","1.9","5827"
"Shane Peterson","Brewers","17","70","62","15","3","0","1","8","7","6","17","0","1","0",".244",".316",".377",".693",".309","-0.5","0.0","0.0","7423"
"Josh Satin","Reds","15","65","57","14","3","0","1","7","6","7","15","0","0","0",".241",".322",".365",".687",".309","-0.2","-0.1","0.1","6788"
"Lorenzo Cain","Royals","135","567","525","143","29","4","7","61","55","31","119","5","23","7",".272",".316",".382",".698",".309","9.6","1.3","2.8","9077"
"Garin Cecchini","Red Sox","7","28","25","6","1","0","0","3","3","2","6","0","1","0",".257",".324",".366",".690",".309","-0.1","0.0","0.1","11608"
"Brandon Barnes","Rockies","36","150","139","35","8","1","3","16","16","8","40","1","4","2",".255",".299",".399",".698",".308","0.8","-0.3","0.0","629"
"Brad Miller","Mariners","103","434","393","98","17","4","10","52","44","33","87","2","6","3",".249",".308",".387",".696",".308","-0.8","-0.4","1.9","12775"
"Stephen Vogt","Athletics","107","448","414","106","20","3","11","46","50","28","67","1","1","1",".255",".303",".398",".701",".308","-1.2","-0.5","2.3","5000"
"Chris Denorfia","Cubs","64","270","246","64","11","2","4","32","24","20","48","1","6","2",".261",".317",".376",".693",".308","1.1","0.0","0.5","4400"
"Michael Choice","Rangers","45","189","169","40","7","0","5","20","21","15","45","3","1","1",".240",".309",".383",".692",".308","-1.5","-0.2","0.1","11376"
"Jedd Gyorko","Padres","138","581","530","127","25","1","19","65","69","43","129","4","4","2",".239",".299",".397",".696",".308","-3.2","-0.6","1.7","10816"
"Alex Guerrero","Dodgers","24","99","91","23","4","1","3","11","12","6","18","1","1","1",".249",".298",".397",".695",".308","-0.2","-0.2","0.2","15670"
"Jarrod Saltalamacchia","Marlins","107","448","397","91","22","1","14","46","49","44","137","2","2","1",".228",".305",".390",".696",".308","-5.7","-0.5","1.4","5557"
"Asdrubal Cabrera","Rays","142","595","535","130","28","3","13","68","60","45","107","7","9","4",".244",".309",".383",".692",".307","-7.1","-0.1","2.0","4962"
"Jason Rogers","Brewers","8","35","32","8","1","0","1","4","4","3","7","0","0","0",".244",".302",".392",".694",".307","-0.5","0.0","0.0","11773"
"Daniel Descalso","Rockies","73","308","274","71","16","2","3","33","29","26","52","3","5","3",".259",".327",".366",".693",".307","-2.8","-0.5","0.1","8392"
"Ryan Sweeney","Cubs","31","129","118","30","6","1","2","13","12","9","21","1","1","0",".258",".313",".380",".693",".307","-0.3","-0.1","0.2","6352"
"Nate Freiman","Athletics","17","70","64","15","3","0","2","7","9","5","15","1","0","0",".239",".298",".398",".695",".307","0.0","-0.1","0.1","6582"
"Arismendy Alcantara","Cubs","72","301","278","68","14","3","8","35","33","18","77","1","11","4",".243",".290",".408",".699",".307","0.2","0.4","0.8","10711"
"Jesus Montero","Mariners","15","63","58","14","3","0","2","7","8","4","13","0","0","0",".249",".297",".404",".701",".307","-0.1","-0.1","0.0","5514"
"Kolten Wong","Cardinals","125","525","485","126","20","4","11","57","50","29","77","4","19","7",".261",".307",".387",".694",".306","2.9","0.7","2.1","12532"
"Brandon Guyer","Rays","75","315","285","72","14","3","5","36","28","17","57","8","7","2",".253",".313",".372",".685",".306","0.3","0.3","0.7","2636"
"DJ LeMahieu","Rockies","133","560","518","146","23","5","5","53","49","30","90","2","14","9",".281",".321",".374",".695",".306","5.5","-1.0","1.0","9874"
"Chris Johnson","Braves","108","455","427","114","23","1","9","40","50","21","110","3","3","1",".268",".305",".391",".696",".306","-7.4","-0.1","0.4","1191"
"David DeJesus","Rays","100","420","370","87","19","3","7","45","34","39","76","7","4","4",".236",".318",".362",".681",".306","0.2","-0.9","0.7","1825"
"Tommy Medica","Padres","51","215","195","45","10","1","7","25","24","15","59","3","2","1",".228",".292",".398",".689",".306","0.2","-0.1","0.4","11147"
"Justin Ruggiano","Mariners","80","336","304","72","14","1","10","36","36","26","93","3","7","4",".237",".300",".386",".686",".306","-0.4","-0.5","0.6","7620"
"Erick Aybar","Angels","150","630","585","159","32","4","8","71","62","30","66","5","16","7",".272",".311",".381",".691",".305","-1.1","-0.1","2.9","4082"
"Jean Segura","Brewers","125","525","486","131","18","6","8","59","45","26","68","5","24","10",".270",".312",".381",".693",".305","0.0","0.7","1.8","5933"
"Mark Canha","Athletics","58","245","219","52","11","1","6","27","26","19","59","3","1","1",".239",".307",".376",".683",".305","0.0","-0.3","0.3","sa526811"
"Alex Presley","Astros","20","84","77","20","3","1","2","9","8","5","16","0","2","1",".255",".304",".384",".688",".305","-0.4","-0.1","0.1","5305"
"C.J. Cron","Angels","100","420","395","98","19","1","14","43","51","16","84","6","2","2",".248",".285",".408",".694",".305","-0.1","-0.5","0.3","12546"
"Kevin Pillar","Blue Jays","92","385","363","96","22","2","7","42","41","14","65","3","13","6",".265",".297",".397",".693",".305","-0.7","0.0","0.8","12434"
"Brandon Phillips","Reds","125","525","484","126","23","1","12","57","58","27","76","6","5","3",".261",".306",".385",".690",".305","6.3","-0.7","2.0","791"
"Jake Goebbert","Padres","17","70","62","14","3","1","2","8","7","7","15","1","1","0",".228",".306",".379",".685",".304","0.1","-0.1","0.1","9431"
"Chris Owings","Diamondbacks","133","560","529","139","26","6","10","59","53","22","105","3","14","5",".264",".296",".395",".691",".304","1.9","0.6","1.9","10030"
"Rajai Davis","Tigers","102","427","395","105","21","2","6","52","39","21","73","5","33","10",".266",".310",".376",".686",".304","-4.2","2.3","0.9","3708"
"Austin Jackson","Mariners","142","595","534","134","26","5","8","70","44","49","142","3","13","6",".251",".315",".365",".680",".304","-1.5","-0.1","2.1","9848"
"Kevin Kiermaier","Rays","125","525","480","120","20","8","10","55","47","32","102","5","14","7",".251",".303",".385",".688",".304","8.5","-0.3","2.3","11038"
"Addison Russell","Cubs","8","35","32","8","2","0","1","4","4","2","8","0","1","0",".240",".294",".391",".685",".304","0.1","0.0","0.1","sa657862"
"Randal Grichuk","Cardinals","61","255","240","58","12","2","9","28","29","11","54","3","3","3",".241",".279",".415",".693",".304","0.6","-0.5","0.5","10243"
"Byron Buxton","Twins","17","70","64","16","2","1","2","8","7","5","18","1","4","2",".247",".305",".378",".683",".304","0.7","-0.1","0.3","sa657851"
"Sean Rodriguez","Pirates","42","175","157","38","9","1","4","18","21","11","38","3","2","1",".238",".298",".387",".684",".304","-1.0","-0.2","0.4","6589"
"Ramon Flores","Yankees","8","35","32","8","2","0","1","4","4","3","6","0","0","0",".238",".301",".380",".682",".303","-0.2","-0.1","0.0","sa503262"
"Robbie Grossman","Astros","28","119","104","24","5","0","2","13","10","13","30","1","3","2",".235",".324",".345",".669",".303","0.0","-0.3","0.2","5254"
"Peter Bourjos","Cardinals","95","399","360","88","15","5","8","45","37","25","98","7","11","3",".244",".303",".378",".681",".303","5.7","0.5","1.6","2578"
"Devon Travis","Blue Jays","42","175","162","41","7","1","4","20","18","9","28","2","4","2",".251",".296",".389",".686",".303","0.0","-0.1","0.5","sa578013"
"Elvis Andrus","Rangers","150","630","566","153","27","3","3","71","48","47","87","4","29","11",".270",".327",".346",".673",".303","2.2","0.8","2.6","8709"
"Dian Toscano","Braves","25","105","94","24","4","1","1","11","9","10","18","1","1","1",".254",".327",".346",".672",".303","0.0","-0.2","0.2","17199"
"Will Venable","Padres","73","306","279","68","12","3","8","36","30","21","70","3","10","4",".243",".299",".387",".686",".303","-1.8","0.3","0.6","211"
"Casey McGehee","Giants","133","560","503","128","25","1","8","50","58","49","98","2","3","2",".255",".321",".355",".676",".303","-3.4","-0.8","1.3","6086"
"Brock Holt","Red Sox","68","287","261","70","13","2","2","33","23","19","50","2","7","3",".268",".319",".358",".677",".302","-0.2","-0.2","0.5","9345"
"Ryan Hanigan","Red Sox","49","205","177","43","8","0","3","18","20","22","28","3","1","0",".245",".335",".341",".676",".302","2.1","-0.2","1.1","4952"
"Justin Bour","Marlins","44","185","169","42","9","0","5","19","21","13","37","1","1","1",".249",".304",".387",".691",".302","0.1","-0.2","0.1","9744"
"Eric Campbell","Mets","62","260","230","56","11","1","4","26","24","24","53","3","4","2",".243",".319",".349",".668",".302","0.0","-0.1","0.6","6938"
"Rickie Weeks","Mariners","65","273","241","54","12","1","7","30","24","25","73","5","5","2",".223",".308",".361",".670",".302","-2.4","-0.1","0.2","1849"
"Jordy Mercer","Pirates","107","450","411","105","23","2","9","45","45","28","76","4","4","2",".254",".305",".387",".693",".302","-0.9","-0.6","1.4","6547"
"Kelly Johnson","Braves","17","70","62","14","3","0","2","7","7","7","17","1","1","1",".224",".304",".370",".674",".301","-0.5","0.0","0.1","2234"
"Alberto Callaspo","Braves","132","556","493","124","21","0","8","51","51","54","59","2","2","2",".251",".325",".345",".670",".301","-2.8","-0.8","0.8","3336"
"Juan Uribe","Dodgers","117","490","458","118","23","1","12","46","61","24","98","3","2","1",".257",".297",".388",".685",".301","11.6","-0.6","2.6","454"
"Jeff Baker","Marlins","60","250","231","58","12","2","5","25","28","15","59","1","2","1",".251",".299",".386",".684",".301","-1.1","-0.1","0.2","2073"
"J.J. Hardy","Orioles","133","560","521","132","25","0","14","58","59","30","87","2","1","0",".254",".296",".386",".682",".301","6.8","-0.5","2.6","3797"
"Gregor Blanco","Giants","98","410","361","89","15","4","4","43","34","40","79","2","13","6",".247",".325",".345",".669",".301","-0.3","0.2","1.0","3123"
"Danny Valencia","Blue Jays","25","105","98","24","6","0","3","10","13","5","22","0","1","1",".246",".283",".402",".685",".301","-0.4","-0.2","0.1","6364"
"Ben Revere","Phillies","142","595","560","164","16","6","2","68","37","23","53","3","38","11",".293",".323",".354",".677",".301","-3.8","2.9","1.5","4712"
"Alexei Ramirez","White Sox","150","630","592","159","31","2","10","67","62","25","74","5","18","7",".268",".301",".379",".680",".301","0.9","0.4","2.3","5133"
"Andrew Brown"," ","25","105","95","21","4","0","3","12","13","8","27","1","1","0",".226",".290",".390",".679",".301","-0.5","-0.1","0.0","3837"
"Xavier Scruggs","Cardinals","8","35","31","7","1","0","1","4","4","3","10","1","0","0",".220",".296",".374",".670",".300","-0.1","-0.1","0.0","7409"
"Joey Terdoslavich","Braves","19","80","74","18","4","0","2","8","8","5","19","0","0","0",".243",".296",".383",".679",".300","-0.3","-0.1","0.1","10593"
"Jake Smolinski","Rangers","13","56","50","12","2","0","1","6","5","4","11","1","1","0",".237",".306",".364",".670",".300","0.1","0.0","0.0","5408"
"Domingo Santana","Astros","15","63","57","13","3","0","2","7","7","5","21","1","1","1",".221",".292",".380",".672",".300","-0.1","-0.1","0.1","10348"
"Omar Infante","Royals","125","525","490","133","22","3","7","52","51","25","59","2","7","3",".271",".306",".372",".679",".299","0.0","-0.3","1.4","1609"
"Francisco Cervelli","Pirates","91","384","342","85","17","2","4","37","33","28","77","9","4","1",".248",".319",".344",".662",".299","-1.7","0.0","1.5","5275"
"Danny Santana","Twins","117","490","459","122","22","5","6","57","41","20","100","4","17","8",".266",".301",".375",".677",".299","-1.2","0.0","1.6","10322"
"Grady Sizemore","Phillies","107","448","408","97","22","3","9","47","41","34","93","3","6","3",".237",".298",".373",".671",".299","-1.2","-0.4","0.2","2197"
"Yangervis Solarte","Padres","67","280","254","65","12","1","4","28","23","21","32","2","1","1",".254",".312",".359",".670",".299","-0.5","-0.3","0.7","5352"
"Tyler Collins","Tigers","32","133","122","29","5","0","4","14","15","8","29","1","2","1",".238",".291",".384",".675",".299","-0.3","-0.1","0.1","12723"
"A.J. Ellis","Dodgers","50","211","180","41","8","0","4","18","21","26","40","2","0","1",".227",".329",".334",".663",".299","0.7","-0.3","0.9","5677"
"Ryan Ludwick","Rangers","58","245","222","53","11","0","6","23","29","18","57","2","1","1",".237",".297",".376",".673",".299","-2.4","-0.4","-0.3","1260"
"Charlie Culberson","Rockies","5","21","20","5","1","0","0","2","3","1","5","0","0","0",".254",".288",".393",".681",".299","0.0","0.0","0.0","3298"
"Nate McLouth","Nationals","39","165","147","35","7","1","3","17","13","14","28","2","5","2",".236",".311",".353",".664",".298","0.0","0.3","0.3","3190"
"Jimmy Rollins","Dodgers","142","595","536","128","24","3","13","71","52","51","90","1","21","7",".239",".305",".366",".671",".298","1.0","1.0","2.3","971"
"Robinson Chirinos","Rangers","107","448","406","95","19","1","13","48","46","29","93","6","2","1",".235",".294",".377",".671",".298","1.8","-0.5","1.8","3142"
"Kurt Suzuki","Twins","99","416","378","97","22","0","5","37","43","26","50","5","1","1",".257",".312",".360",".672",".298","-1.8","-0.5","1.5","8259"
"Ryan Rua","Rangers","108","455","419","100","19","2","12","46","47","27","100","5","5","2",".240",".292",".378",".671",".298","-0.4","-0.2","-0.1","12409"
"Eugenio Suarez","Reds","45","189","171","41","8","1","4","18","17","13","43","2","3","2",".238",".299",".368",".667",".298","0.6","-0.4","0.5","12552"
"Michael Bourn","Indians","140","588","534","136","22","8","5","70","42","43","137","3","20","8",".255",".313",".354",".667",".298","0.3","0.4","2.0","6387"
"Nick Franklin","Rays","125","525","469","110","21","2","11","57","50","47","120","2","9","4",".234",".304",".362",".666",".297","-0.8","0.0","1.7","10166"
"Mike Zunino","Mariners","114","480","438","96","19","2","19","56","58","26","138","10","2","2",".219",".276",".398",".675",".297","1.0","-0.7","2.3","13265"
"Lyle Overbay"," ","83","350","314","73","17","1","7","32","42","31","77","1","2","1",".234",".303",".364",".667",".297","-0.4","-0.1","-0.2","1617"
"Kirk Nieuwenhuis","Mets","35","149","134","30","7","1","4","16","16","13","44","1","2","1",".221",".290",".382",".672",".297","0.6","-0.1","0.3","6400"
"John Mayberry","Mets","55","230","208","47","11","0","7","24","26","18","53","2","2","1",".226",".291",".377",".668",".297","-0.6","-0.1","0.3","3390"
"Jesus Aguilar","Indians","8","35","32","7","2","0","1","4","4","3","9","0","0","0",".233",".295",".375",".670",".297","0.1","0.0","0.0","11342"
"Ryan Doumit"," ","80","338","309","74","16","1","9","32","38","23","72","2","2","1",".238",".293",".381",".674",".297","-0.8","-0.1","0.2","2113"
"Jose Pirela","Yankees","25","105","97","24","4","1","2","12","10","5","16","1","2","1",".250",".294",".377",".671",".297","-0.2","0.0","0.2","5485"
"Mike Olt","Cubs","61","255","227","47","10","0","10","26","29","24","84","2","1","1",".206",".284",".384",".668",".297","0.2","-0.2","0.2","10698"
"Dean Anna","Cardinals","25","105","93","22","4","1","1","11","10","9","15","1","1","1",".238",".314",".346",".659",".297","0.0","-0.2","0.2","8353"
"Tyler Flowers","White Sox","76","320","291","64","12","1","12","32","34","21","107","5","1","1",".219",".282",".384",".666",".297","-0.8","-0.4","1.1","9134"
"Hank Conger","Astros","53","224","202","47","10","0","6","22","23","17","49","2","1","1",".233",".298",".368",".666",".297","-0.4","-0.4","0.9","2505"
"Andrelton Simmons","Braves","153","644","595","152","26","5","11","62","58","38","63","3","7","6",".256",".301",".370",".671",".296","19.8","-1.2","4.0","10847"
"Nate Schierholtz","Rangers","30","126","116","27","5","1","4","13","15","7","27","1","2","1",".234",".282",".394",".676",".296","0.2","-0.2","0.0","6201"
"Didi Gregorius","Yankees","83","350","318","78","13","3","6","38","32","23","57","4","3","2",".246",".304",".364",".668",".296","0.5","-0.5","1.1","6012"
"Chris Taylor","Mariners","75","315","284","72","14","2","2","35","25","24","69","3","11","4",".255",".316",".343",".659",".296","1.1","0.2","1.3","13757"
"Scott Hairston"," ","67","280","258","58","13","1","10","30","36","15","70","3","4","2",".224",".271",".403",".673",".295","-2.8","-0.1","-0.2","1926"
"Johnny Giavotella","Angels","42","175","161","41","8","1","2","18","17","11","21","1","3","2",".257",".308",".357",".665",".295","-0.8","-0.1","0.5","6740"
"Jordan Danks","Phillies","8","35","31","7","1","0","1","4","3","3","10","0","1","0",".231",".303",".359",".662",".295","-0.1","0.0","0.1","9187"
"Eduardo Escobar","Twins","58","245","227","58","13","1","3","26","21","13","49","1","2","2",".255",".298",".367",".665",".295","-0.8","-0.3","0.6","6153"
"Dee Gordon","Marlins","133","560","517","139","18","9","2","68","36","33","92","4","47","16",".269",".315",".346",".661",".295","-1.6","2.8","1.3","8203"
"Cliff Pennington","Diamondbacks","74","310","278","69","12","2","4","31","23","25","58","2","6","3",".247",".313",".345",".658",".295","0.4","-0.1","0.6","3395"
"Enrique Hernandez","Dodgers","7","28","26","6","1","0","1","3","3","2","4","0","0","0",".244",".293",".372",".665",".295","0.0","0.0","0.1","10472"
"Dilson Herrera","Mets","8","35","32","8","1","0","1","4","4","2","8","0","1","0",".241",".290",".375",".664",".295","0.0","0.0","0.1","14335"
"Rafael Ynoa","Rockies","12","51","47","12","2","0","0","5","5","3","8","0","1","1",".260",".306",".355",".661",".295","0.0","-0.1","0.0","2832"
"Ender Inciarte","Diamondbacks","133","560","520","138","23","4","5","58","42","30","72","2","25","8",".265",".306",".357",".663",".295","8.1","1.4","1.2","4922"
"Grant Green","Angels","45","189","177","45","9","1","3","19","20","8","38","1","2","2",".256",".293",".373",".666",".295","-0.8","-0.4","0.5","10053"
"Luis Jimenez","Brewers","50","210","198","49","11","1","5","22","23","7","37","2","4","2",".247",".278",".394",".672",".294","0.5","-0.1","0.2","6341"
"Steven Moya","Tigers","22","91","87","20","4","1","4","10","11","3","28","0","2","1",".233",".261",".415",".675",".294","0.0","0.0","-0.1","11854"
"Jonathan Schoop","Orioles","125","525","491","114","20","0","19","57","58","21","115","7","3","2",".233",".274",".392",".666",".294","2.7","-0.4","1.4","11265"
"Andrew Susac","Giants","38","158","141","32","6","0","3","16","15","15","41","2","1","0",".227",".304",".347",".651",".294","0.3","-0.2","0.6","13132"
"Billy Hamilton","Reds","125","525","481","122","20","6","6","64","40","35","102","1","53","18",".253",".304",".356",".659",".294","8.9","3.4","2.3","10199"
"B.J. Upton","Braves","83","350","312","68","14","2","10","38","31","32","103","2","12","4",".218",".292",".371",".663",".294","-1.9","0.4","0.5","5015"
"Brandon Crawford","Giants","142","595","530","126","24","6","9","56","60","52","123","4","4","3",".238",".308",".360",".668",".294","3.5","-0.9","2.3","5343"
"Gordon Beckham","White Sox","92","385","352","85","19","0","8","41","35","23","61","5","3","1",".243",".296",".365",".661",".294","-1.1","-0.1","0.6","9015"
"Tyler Austin","Yankees","8","35","32","8","1","0","1","4","4","2","8","0","0","0",".237",".291",".370",".660",".294","-0.1","0.0","0.0","sa549178"
"David Lough","Orioles","67","280","258","65","11","3","5","31","26","13","44","3","8","4",".252",".293",".372",".665",".294","2.8","-0.1","0.5","7215"
"Aaron Hicks","Twins","93","392","343","77","16","3","6","43","34","42","94","1","9","5",".224",".308",".342",".650",".293","-0.8","-0.5","0.6","5297"
"Matt den Dekker","Mets","37","156","142","34","7","1","3","17","15","11","38","1","4","2",".237",".295",".364",".659",".293","-0.3","-0.1","0.2","11385"
"Ryan Flaherty","Orioles","33","140","128","29","6","0","4","15","16","9","32","2","1","0",".228",".286",".376",".662",".293","-0.1","-0.1","0.3","7888"
"Zoilo Almonte","Braves","121","507","472","112","19","2","15","51","57","27","121","3","8","4",".237",".280",".383",".663",".293","-1.8","-0.1","0.0","6732"
"Adam Duvall","Giants","13","56","52","12","2","0","2","6","6","3","13","1","0","0",".224",".276",".384",".660",".292","-0.5","0.0","0.0","10950"
"Matt Davidson","White Sox","23","98","88","19","4","0","4","10","11","7","30","1","0","0",".212",".281",".377",".658",".292","-0.1","-0.1","0.1","7226"
"Anthony Gose","Tigers","100","420","381","93","14","4","5","46","35","30","99","4","23","10",".245",".305",".345",".650",".292","1.4","0.5","1.1","5097"
"Christian Colon","Royals","60","252","231","60","9","1","4","26","22","14","26","2","6","3",".258",".304",".349",".653",".292","-0.3","-0.1","0.5","11145"
"Jose Lobaton","Nationals","38","158","142","34","7","0","2","14","14","14","36","1","0","1",".237",".306",".346",".651",".292","-0.1","-0.3","0.4","4243"
"Maicer Izturis","Blue Jays","93","392","359","91","18","1","5","39","30","25","47","2","8","4",".254",".305",".347",".652",".292","-3.9","-0.2","0.3","2437"
"Austin Barnes","Dodgers","8","32","29","7","1","0","1","3","3","2","5","0","0","0",".236",".301",".349",".650",".292","0.0","0.0","0.1","sa578958"
"Erik Kratz","Royals","23","96","88","21","4","0","3","10","11","6","19","1","0","0",".233",".283",".383",".666",".292","0.1","-0.1","0.4","4403"
"Geovany Soto","White Sox","46","192","172","37","8","0","6","20","21","16","52","1","1","1",".216",".286",".368",".654",".291","-0.2","-0.3","0.6","3707"
"Chris Heisey","Dodgers","32","135","125","30","6","1","4","15","14","6","29","2","3","1",".236",".279",".379",".659",".291","0.2","0.0","0.3","3978"
"Joe Panik","Giants","133","560","513","133","22","4","4","59","46","36","64","3","4","3",".259",".310",".340",".650",".291","0.0","-0.7","1.3","11936"
"Juan Lagares","Mets","142","595","553","142","27","5","7","57","55","28","123","5","13","7",".257",".297",".361",".658",".291","14.1","-0.4","2.8","5384"
"Jason Kubel"," ","92","385","342","75","14","1","10","35","42","38","117","2","2","1",".221",".299",".358",".657",".291","-3.4","-0.5","-0.6","2161"
"Junior Lake","Cubs","25","105","98","24","4","1","3","11","10","5","30","1","3","1",".240",".281",".376",".657",".291","0.2","0.0","0.1","4672"
"Steve Clevenger","Orioles","24","102","93","23","5","0","1","10","9","7","16","0","0","0",".249",".303",".349",".652",".291","-0.3","-0.1","0.0","9542"
"JR Murphy","Yankees","30","128","118","27","6","0","3","13","13","8","26","1","1","0",".233",".282",".373",".656",".291","-0.5","-0.1","0.4","10346"
"Craig Gentry","Athletics","92","385","345","88","13","2","2","43","28","26","67","8","22","6",".254",".320",".325",".645",".291","6.5","1.7","1.7","9571"
"Micah Johnson","White Sox","33","140","129","32","5","1","2","14","12","8","25","1","7","4",".252",".297",".356",".653",".290","-0.4","-0.2","0.2","sa621496"
"Travis Ishikawa","Giants","20","84","76","18","4","0","2","8","9","6","22","1","0","0",".232",".299",".352",".652",".290","0.0","-0.1","0.0","4793"
"Matt Dominguez","Astros","83","350","324","76","14","1","11","35","40","19","63","3","0","1",".235",".280",".377",".658",".290","-0.8","-0.4","0.5","4903"
"Christian Vazquez","Red Sox","91","384","346","85","18","0","5","39","34","29","70","2","3","2",".247",".307",".340",".647",".290","3.8","-0.6","1.6","9774"
"Jose Ramirez","Indians","115","483","444","115","19","3","6","52","41","27","56","1","22","11",".258",".300",".354",".653",".290","3.2","-0.2","1.8","13510"
"Eduardo Nunez","Twins","47","196","183","47","8","2","3","20","18","9","30","1","8","3",".255",".292",".366",".658",".290","-3.2","0.4","0.2","6848"
"Jackie Bradley Jr.","Red Sox","8","35","31","7","2","0","0","4","3","3","9","0","1","0",".231",".302",".344",".646",".290","0.3","0.0","0.1","12984"
"Trayce Thompson","White Sox","3","14","13","3","1","0","0","2","2","1","4","0","0","0",".207",".273",".379",".652",".290","0.0","0.0","0.0","sa500820"
"Dalton Pompey","Blue Jays","108","455","416","99","17","5","7","48","41","32","104","3","23","8",".237",".295",".352",".647",".290","-0.8","1.2","0.7","12797"
"Kevin Frandsen","Nationals","44","185","172","46","8","1","1","17","16","6","19","5","1","1",".266",".305",".344",".649",".290","-0.4","-0.3","0.0","7528"
"Stephen Drew","Yankees","108","455","406","88","21","3","11","45","46","43","114","1","3","2",".216",".290",".361",".651",".289","2.4","-0.4","0.9","4251"
"Abraham Almonte","Padres","11","45","41","10","2","0","1","5","4","3","10","0","1","1",".238",".295",".353",".648",".289","0.0","0.0","0.1","5486"
"Logan Forsythe","Rays","67","280","250","57","10","1","5","29","25","23","61","4","4","1",".228",".300",".343",".643",".289","-2.5","0.1","0.5","7185"
"Ryan Raburn","Indians","45","189","172","38","9","0","5","19","22","13","48","2","0","0",".223",".280",".372",".652",".289","-0.8","-0.2","-0.1","2218"
"Reymond Fuentes","Royals","38","161","145","35","6","1","2","17","14","12","37","1","7","2",".243",".304",".340",".644",".289","0.4","0.3","0.2","10329"
"Michael Taylor","Nationals","98","410","373","84","18","2","9","41","41","29","127","3","17","8",".226",".286",".362",".649",".289","2.0","0.1","0.5","11489"
"Ichiro Suzuki","Marlins","82","345","323","88","12","2","2","36","24","16","47","1","12","3",".272",".307",".345",".652",".289","0.4","0.8","0.2","1101"
"Everth Cabrera","Orioles","50","210","189","47","8","1","2","25","14","16","43","1","13","4",".251",".310",".331",".641",".289","-0.9","0.8","0.4","8155"
"Carlos Corporan","Rangers","38","160","145","33","6","0","4","16","17","10","37","3","1","0",".230",".289",".360",".649",".289","-0.6","-0.1","0.4","5587"
"Cameron Maybin","Padres","8","35","32","8","1","0","1","4","3","3","7","0","1","0",".238",".299",".349",".648",".289","0.0","0.0","0.1","5223"
"Blake Swihart","Red Sox","12","51","48","12","3","0","1","5","5","3","10","0","1","0",".244",".286",".367",".653",".289","0.4","-0.1","0.2","sa597790"
"Kevan Smith","White Sox","3","13","12","3","1","0","0","1","1","1","3","0","0","0",".230",".287",".361",".648",".288","0.0","0.0","0.0","sa599392"
"Ryan Roberts","Royals","22","91","83","19","4","0","2","9","8","7","18","0","1","1",".234",".293",".353",".646",".288","-0.2","-0.2","0.1","5653"
"Tony Sanchez","Pirates","15","64","58","13","3","0","2","6","7","5","16","1","0","0",".223",".287",".357",".644",".288","-0.6","-0.1","0.1","6178"
"J.P. Arencibia","Orioles","8","32","30","6","1","0","1","3","4","2","9","0","0","0",".213",".260",".396",".656",".288","-0.3","0.0","0.1","697"
"Josh Thole","Blue Jays","8","32","29","7","1","0","0","3","3","3","5","0","0","0",".244",".308",".337",".645",".288","-0.4","-0.1","0.0","9689"
"Alcides Escobar","Royals","150","630","590","156","29","5","4","66","52","24","86","5","26","6",".265",".298",".352",".649",".288","1.6","2.3","2.1","6310"
"Wynton Bernard","Tigers","3","14","13","3","1","0","0","1","1","1","3","0","1","0",".249",".296",".349",".646",".288","0.0","0.0","0.0","sa658999"
"Tyler Saladino","White Sox","8","35","32","7","1","0","1","4","3","3","7","0","1","0",".231",".294",".348",".642",".288","0.0","0.0","0.1","sa503153"
"Josh Phegley","Athletics","46","192","179","42","9","1","5","21","24","8","34","2","1","0",".234",".273",".380",".653",".288","0.3","-0.1","0.8","9308"
"Brandon Drury","Diamondbacks","8","35","33","8","2","0","1","4","4","2","7","0","0","0",".234",".277",".374",".651",".287","0.1","0.0","0.0","sa549169"
"Cesar Hernandez","Phillies","75","315","291","75","11","4","2","30","25","19","62","1","9","5",".257",".303",".339",".642",".287","-1.9","-0.6","0.3","10556"
"Adam Rosales","Rangers","53","224","205","48","9","1","4","23","21","14","49","2","2","1",".235",".290",".351",".641",".287","-0.2","-0.2","0.2","9682"
"Donovan Solano","Marlins","12","50","46","12","2","0","0","5","4","3","9","1","0","0",".255",".303",".338",".641",".286","0.1","0.0","0.1","8623"
"Sam Fuld","Athletics","125","525","465","108","18","5","5","54","44","49","81","2","21","8",".232",".306",".328",".634",".286","0.6","0.7","1.1","8254"
"J.B. Shuck","White Sox","25","105","96","24","4","1","1","11","9","7","10","0","2","1",".253",".306",".333",".639",".286","0.0","-0.1","0.0","6677"
"Will Middlebrooks","Padres","92","385","357","81","14","1","12","34","41","21","98","3","3","1",".227",".275",".372",".647",".286","-0.3","-0.1","0.6","7002"
"Collin Cowgill","Angels","52","217","197","46","8","1","4","22","19","15","51","2","3","1",".233",".294",".340",".635",".286","1.5","0.0","0.4","7250"
"Eric Sogard","Athletics","83","350","315","77","14","1","3","37","29","27","43","2","10","4",".245",".307",".327",".634",".286","0.5","0.0","0.8","7927"
"Joey Wendle","Athletics","8","35","32","8","2","0","1","3","3","2","6","0","0","0",".238",".283",".361",".645",".285","0.0","0.0","0.1","sa658022"
"Giovanny Urshela","Indians","10","42","40","10","2","0","1","4","5","2","6","0","0","0",".245",".277",".371",".648",".285","0.0","-0.1","0.1","sa505997"
"Steve Tolleson","Blue Jays","15","63","57","13","3","0","1","6","6","5","15","0","1","1",".235",".295",".340",".636",".285","-0.2","0.0","0.0","4450"
"Tommy Joseph","Phillies","15","64","59","13","2","0","2","7","7","3","14","1","0","0",".222",".267",".378",".645",".285","-1.0","-0.1","0.1","sa500806"
"Ryan Wheeler","Rockies","11","45","42","10","2","0","1","4","5","2","10","0","0","0",".243",".284",".363",".646",".285","0.0","-0.1","-0.1","9312"
"J.T. Realmuto","Marlins","23","96","88","21","4","1","1","10","9","6","17","1","2","1",".239",".290",".351",".640",".285","0.2","0.0","0.3","11739"
"Willie Bloomquist","Mariners","37","154","144","39","6","1","1","15","13","6","26","1","1","1",".268",".302",".341",".643",".285","-1.9","-0.4","0.0","1066"
"Ruben Tejada","Mets","58","245","218","54","10","0","2","22","18","20","37","3","2","1",".246",".315",".320",".635",".285","0.4","-0.3","0.6","5519"
"Martin Maldonado","Brewers","53","224","201","44","8","0","6","20","25","16","57","4","1","1",".220",".287",".349",".636",".285","1.3","-0.4","0.6","6887"
"Jake Marisnick","Astros","138","581","537","127","23","4","12","59","55","25","141","10","21","8",".237",".281",".361",".643",".284","5.6","0.5","1.0","11339"
"Matt Duffy","Giants","23","95","87","21","4","1","1","9","9","6","17","1","3","1",".248",".302",".332",".634",".284","0.0","0.0","0.2","13836"
"Josh Rutledge","Angels","130","546","502","118","24","4","9","55","48","28","129","8","10","5",".236",".285",".354",".638",".284","-4.5","-0.2","0.7","11167"
"Jarrod Dyson","Royals","82","343","309","77","10","4","2","40","25","26","62","2","33","8",".248",".308",".324",".631",".284","5.2","3.4","1.4","4866"
"Emilio Bonifacio","White Sox","113","476","434","108","17","3","4","52","33","33","99","2","28","9",".248",".303",".329",".632",".284","-0.4","1.7","0.5","4054"
"Brayan Pena","Reds","75","314","294","74","14","1","5","24","29","14","36","1","2","2",".253",".288",".354",".642",".284","-1.0","-0.6","0.0","3231"
"Marwin Gonzalez","Astros","30","126","117","29","6","0","2","13","10","6","21","1","2","1",".245",".288",".348",".636",".283","-0.2","-0.2","0.2","5497"
"Christian Bethancourt","Braves","107","448","425","106","19","1","9","41","45","14","85","3","8","4",".251",".276",".366",".642",".283","1.3","-0.2","1.4","10028"
"Todd Cunningham","Braves","15","65","60","15","3","0","1","6","5","3","11","1","2","1",".247",".296",".336",".633",".283","-0.1","0.0","0.0","10822"
"Eury Perez","Braves","18","77","72","19","3","1","1","7","6","2","14","1","4","2",".261",".294",".340",".634",".283","0.7","0.2","0.1","10299"
"Eric Young","Braves","70","295","265","63","11","3","2","28","20","23","56","3","20","7",".239",".304",".323",".627",".283","-2.4","1.1","0.1","7158"
"Zack Cozart","Reds","108","455","423","102","20","3","8","45","40","22","74","3","4","1",".241",".282",".358",".640",".282","5.6","0.1","1.3","2616"
"Logan Schafer","Brewers","53","224","202","47","10","2","3","22","20","16","42","2","4","2",".230",".292",".342",".634",".282","0.0","-0.1","-0.1","7937"
"Cheslor Cuthbert","Royals","10","42","39","9","2","0","1","4","4","2","8","0","1","0",".237",".283",".352",".635",".282","-0.1","0.0","0.0","sa549634"
"Freddy Galvis","Phillies","108","455","424","98","21","4","10","42","47","21","87","2","4","2",".232",".270",".372",".642",".282","-0.9","-0.3","0.6","6609"
"Jorge Polanco","Twins","8","35","32","8","1","0","0","3","3","2","6","0","1","0",".243",".290",".344",".634",".282","0.0","-0.1","0.1","13152"
"Henry Urrutia","Orioles","8","35","33","9","1","0","0","3","3","1","8","0","0","0",".257",".285",".352",".637",".282","-0.2","0.0","0.0","14441"
"Caleb Joseph","Orioles","38","160","148","34","6","0","4","15","17","9","35","1","1","0",".229",".274",".362",".636",".282","0.9","-0.1","0.5","7087"
"Hernan Perez","Tigers","42","175","165","42","7","1","2","17","15","7","23","1","6","2",".256",".286",".350",".636",".282","-0.2","0.2","0.3","5751"
"Francisco Lindor","Indians","50","210","193","46","7","1","4","21","19","13","39","1","7","4",".239",".288",".344",".632",".282","0.6","-0.4","0.5","sa597754"
"David Ross","Cubs","30","128","115","23","5","0","4","12","12","11","43","0","1","1",".201",".270",".365",".635",".282","-0.2","-0.3","0.2","1551"
"Daniel Fields","Tigers","8","35","32","8","1","0","1","3","3","2","9","0","1","0",".234",".284",".347",".631",".282","-0.1","0.0","0.0","sa501512"
"A.J. Pierzynski","Braves","46","192","180","45","7","1","4","15","20","6","30","3","0","0",".247",".281",".359",".640",".281","-1.6","-0.3","0.2","746"
"Jonathan Villar","Astros","13","56","50","11","2","0","1","6","5","4","16","0","3","1",".221",".286",".342",".628",".281","-0.7","0.2","0.1","10071"
"Efren Navarro","Angels","17","70","64","15","3","0","1","7","6","5","13","0","1","0",".241",".297",".332",".629",".281","0.1","-0.1","-0.1","9854"
"Danny Espinosa","Nationals","45","189","172","37","8","1","4","18","17","11","58","4","4","1",".218",".281",".352",".633",".281","0.6","0.1","0.2","9219"
"Donald Lutz","Reds","55","231","215","47","9","1","7","23","25","12","70","3","3","1",".220",".268",".371",".639",".281","-0.3","-0.1","-0.3","10154"
"Jose Iglesias","Tigers","125","525","483","123","17","2","5","50","42","25","76","7","12","5",".255",".299",".325",".625",".281","4.0","-0.2","1.4","10231"
"Rene Rivera","Rays","99","416","380","87","18","1","9","39","43","26","95","4","1","1",".227",".280",".354",".634",".281","5.4","-0.6","2.0","3648"
"Anthony Recker","Mets","19","79","71","15","3","0","3","8","9","6","24","0","1","1",".207",".270",".360",".629",".280","-0.2","-0.2","0.2","4063"
"Jordan Pacheco","Diamondbacks","28","119","111","28","6","1","1","10","11","6","17","1","1","0",".250",".291",".338",".629",".280","-1.1","-0.1","-0.1","2677"
"Elian Herrera","Brewers","30","126","115","28","5","1","1","12","10","8","27","1","3","1",".245",".297",".330",".626",".280","-0.7","0.0","0.0","5432"
"Jeff Francoeur","Phillies","17","70","66","15","3","0","2","7","7","3","16","1","1","0",".233",".272",".368",".639",".280","-0.7","0.0","-0.2","4792"
"Mike Aviles","Indians","65","273","255","63","12","1","5","28","29","10","37","1","7","4",".246",".276",".357",".634",".280","-0.9","-0.2","0.3","5986"
"Steve Lombardozzi","Pirates","17","70","66","17","3","0","0","6","5","3","9","1","1","1",".262",".294",".337",".631",".280","-0.1","-0.1","0.0","5422"
"Carlos Sanchez","White Sox","58","245","226","56","9","2","2","23","19","13","44","2","6","3",".250",".293",".332",".625",".280","1.1","-0.1","0.3","11602"
"Adeiny Hechavarria","Marlins","150","630","587","149","22","8","4","53","51","31","103","2","9","6",".253",".291",".342",".633",".279","-3.3","-1.1","0.4","10459"
"Ramon Santiago","Blue Jays","15","63","56","13","2","0","1","6","5","5","11","1","0","0",".230",".301",".314",".614",".279","-0.3","-0.1","0.0","1417"
"Odubel Herrera","Phillies","107","448","416","106","15","3","2","39","33","24","82","2","11","6",".256",".298",".327",".624",".279","1.2","-0.6","-0.1","sa505987"
"Ryan Brett","Rays","3","14","13","3","1","0","0","1","1","1","3","0","1","0",".244",".281",".349",".630",".279","0.1","0.0","0.0","sa548242"
"Skip Schumaker","Reds","47","196","178","43","8","1","1","17","16","14","34","1","2","1",".242",".301",".317",".618",".279","-2.7","-0.2","-0.4","3704"
"Jimmy Paredes","Orioles","33","140","133","32","6","1","3","14","14","5","35","0","5","2",".240",".271",".361",".632",".278","-0.5","0.1","0.0","5481"
"Eddie Rosario","Twins","12","49","46","11","2","0","1","5","5","2","10","0","1","1",".239",".272",".357",".630",".278","-0.1","-0.1","0.0","sa548299"
"Tim Federowicz","Padres","8","32","29","7","1","0","1","3","3","2","8","0","0","0",".224",".280",".346",".626",".278","0.2","0.0","0.1","8609"
"Luis Sardinas","Brewers","50","210","198","51","9","1","1","19","16","8","32","1","6","3",".260",".291",".333",".623",".278","-0.6","-0.1","0.0","13153"
"Mikie Mahtook","Rays","25","105","97","22","4","1","2","10","9","6","26","1","3","1",".232",".283",".341",".625",".278","-0.4","0.0","0.0","sa577782"
"Alexi Amarista","Padres","112","469","433","105","19","4","6","45","43","26","69","2","8","4",".242",".285",".343",".628",".277","-1.6","-0.1","0.7","9063"
"Gerald Laird","Diamondbacks","37","154","138","32","8","0","1","13","12","12","26","1","1","0",".233",".298",".320",".618",".277","-0.7","-0.1","0.1","1698"
"James McCann","Tigers","8","32","30","7","2","0","0","3","3","1","6","0","0","0",".242",".278",".345",".623",".277","0.2","0.0","0.1","12859"
"Cory Spangenberg","Padres","25","105","98","24","4","2","1","10","9","5","24","1","4","2",".243",".280",".343",".624",".276","-0.6","-0.2","0.0","12294"
"Jose Peraza","Braves","13","56","53","14","2","1","0","6","4","2","8","0","4","2",".256",".285",".338",".623",".276","0.2","0.2","0.1","sa596851"
"Max Kepler","Twins","15","63","58","13","3","1","1","6","6","3","12","0","1","0",".227",".275",".344",".619",".276","-0.2","0.0","-0.1","sa549507"
"Jace Peterson","Braves","67","280","251","58","10","3","2","28","22","23","50","2","11","5",".229",".295",".316",".611",".276","-0.4","0.0","0.1","12325"
"Lane Adams","Royals","3","14","13","3","1","0","0","1","1","1","3","0","1","0",".225",".279",".338",".616",".276","-0.1","0.0","0.0","10767"
"Carlos Moncrief","Indians","3","14","13","3","1","0","0","1","1","1","4","0","0","0",".219",".270",".354",".623",".275","0.0","0.0","0.0","sa392114"
"Delino Deshields","Rangers","25","105","95","21","4","1","2","10","9","8","23","1","7","3",".223",".288",".322",".611",".275","0.0","0.0","0.0","sa548171"
"Phil Gosselin","Braves","37","155","145","36","6","1","2","14","12","6","29","1","2","1",".247",".284",".335",".619",".275","-0.1","-0.1","0.1","10953"
"Rymer Liriano","Padres","12","49","45","10","2","0","1","5","4","3","14","1","1","1",".221",".278",".339",".616",".275","0.1","0.0","0.0","4779"
"Yorman Rodriguez","Reds","17","70","65","15","3","0","1","7","6","4","20","0","1","1",".228",".274",".343",".617",".275","-0.9","-0.1","-0.1","9922"
"Paulo Orlando","Royals","5","21","20","5","1","0","0","2","2","1","4","0","1","0",".246",".284",".333",".617",".275","0.0","0.0","0.0","sa322953"
"Tomas Telis","Rangers","8","32","30","8","1","0","0","3","3","1","4","0","0","0",".253",".280",".341",".620",".274","-0.1","0.0","0.0","10067"
"Adrian Nieto","White Sox","15","64","58","12","2","0","1","6","6","5","18","0","1","0",".214",".279",".329",".609",".274","-0.5","-0.1","0.1","10294"
"Austin Romine","Yankees","15","64","59","13","3","0","1","7","6","4","13","0","0","0",".228",".277",".338",".615",".274","-0.2","0.0","0.1","5491"
"Francisco Pena","Royals","8","32","30","7","1","0","1","3","4","1","6","0","0","0",".224",".262",".358",".621",".274","0.2","-0.1","0.1","8298"
"Curt Casali","Rays","23","96","85","18","4","0","1","9","8","8","23","1","0","0",".211",".289",".310",".599",".273","-0.1","-0.1","0.3","12510"
"Tucker Barnhart","Reds","8","32","29","7","1","0","0","3","3","2","5","0","0","0",".230",".288",".320",".608",".273","0.3","0.0","0.1","10200"
"Nick Ahmed","Diamondbacks","8","35","32","8","2","0","0","3","3","2","6","0","1","0",".237",".281",".330",".611",".272","0.1","0.0","0.0","12147"
"Darwin Barney","Dodgers","20","86","79","18","4","0","1","8","8","5","11","1","1","0",".234",".286",".327",".613",".272","0.5","0.0","0.1","2430"
"Jordan Schafer","Twins","75","315","279","62","11","2","3","33","22","29","76","1","25","9",".223",".297",".304",".601",".272","-1.8","1.5","0.0","9883"
"Dixon Machado","Tigers","7","28","25","6","1","0","0","3","2","2","4","0","0","0",".231",".288",".313",".602",".272","0.2","0.0","0.0","sa505035"
"Hector Sanchez","Giants","8","32","30","7","1","0","1","3","4","2","8","0","0","0",".230",".273",".341",".614",".272","-0.1","-0.1","0.1","10289"
"Juan Perez","Giants","38","158","148","34","8","0","2","13","14","7","32","2","3","2",".232",".270",".339",".609",".271","0.4","-0.2","0.0","5371"
"Oscar Hernandez","Diamondbacks","11","45","42","9","2","0","1","4","5","2","9","0","1","1",".225",".262",".352",".613",".270","0.0","-0.1","0.0","sa546558"
"Chris Herrmann","Twins","15","64","58","13","2","0","1","6","5","5","14","0","1","0",".220",".284",".320",".604",".270","-0.2","-0.1","0.1","9284"
"Joaquin Arias","Giants","56","235","222","56","10","1","2","20","21","8","31","2","2","1",".254",".282",".333",".615",".270","0.2","-0.1","0.2","3817"
"Jason Bourgeois","Reds","33","140","131","32","5","1","1","14","11","7","16","1","4","2",".247",".285",".320",".604",".270","-0.6","0.0","-0.2","2225"
"Bryan Holaday","Tigers","46","192","176","41","8","1","2","17","17","10","37","2","1","1",".233",".278",".325",".604",".270","-0.2","-0.2","0.3","11287"
"Jose Constanza","Braves","11","45","42","11","1","0","0","4","3","2","7","0","2","1",".255",".297",".302",".599",".269","0.0","0.0","0.0","6003"
"Chris Stewart","Pirates","46","192","172","40","7","0","1","16","15","13","28","3","2","1",".235",".295",".301",".596",".269","0.3","-0.2","0.4","3878"
"James Jones","Mariners","5","21","20","5","1","0","0","2","2","1","5","0","1","0",".234",".278",".325",".603",".269","-0.3","0.0","0.0","9767"
"Tim Beckham","Rays","8","35","32","7","1","0","0","3","3","2","8","0","1","0",".232",".279",".322",".600",".269","-0.1","0.0","0.0","7949"
"Kristopher Negron","Reds","72","301","277","59","12","2","6","28","27","15","81","4","7","2",".214",".265",".336",".601",".269","-0.2","0.4","0.0","5306"
"Pete Kozma","Cardinals","67","280","254","57","13","1","3","26","25","20","51","2","4","2",".223",".283",".319",".602",".268","2.3","-0.3","0.2","2539"
"Sandy Leon","Nationals","15","64","58","12","3","0","1","6","5","5","13","0","0","0",".215",".281",".313",".594",".267","0.7","0.0","0.2","5273"
"Carlos Perez","Braves","8","32","29","6","1","0","1","3","3","2","8","0","0","0",".217",".275",".320",".595",".267","0.0","0.0","0.1","sa503632"
"Hector Gomez","Brewers","8","35","33","7","1","0","1","3","3","1","8","0","0","0",".220",".255",".350",".605",".267","-0.1","-0.1","0.0","2264"
"Nevin Ashley","Brewers","8","32","29","6","1","0","0","3","3","2","7","0","0","0",".212",".278",".312",".590",".267","0.1","0.0","0.0","sa326761"
"Wilfredo Tovar","Mets","17","70","65","15","2","0","0","7","5","4","8","1","1","1",".239",".287",".307",".594",".266","0.5","-0.2","0.1","10416"
"Jorge Bonifacio","Royals","3","14","13","3","1","0","0","1","1","1","3","0","0","0",".226",".276",".318",".593",".266","0.0","0.0","0.0","sa547943"
"Rob Brantly","White Sox","12","51","48","11","2","0","1","5","4","3","9","0","0","0",".231",".274",".323",".597",".266","-0.1","-0.1","0.1","10655"
"Andrew Romine","Tigers","60","252","230","54","7","1","2","24","18","16","48","2","8","3",".236",".288",".299",".586",".265","0.4","0.0","0.0","1159"
"Pedro Florimon","Pirates","25","105","96","21","4","1","1","10","9","7","27","1","3","1",".221",".276",".314",".590",".265","0.8","0.0","0.1","8385"
"Juan Centeno","Mets","15","64","59","14","2","0","0","5","5","3","10","0","0","0",".244",".286",".305",".591",".265","0.2","-0.1","0.1","7168"
"Cameron Rupp","Phillies","30","128","118","24","5","0","3","11","12","8","40","1","0","0",".206",".261",".327",".589",".264","0.2","-0.1","0.2","11146"
"Aaron Altherr","Phillies","3","14","13","3","1","0","0","1","1","1","4","0","0","0",".213",".257",".338",".595",".264","0.1","0.0","0.0","11270"
"Orlando Caxito","Royals","7","28","26","6","1","0","0","3","2","1","7","0","1","0",".222",".262",".329",".591",".263","0.0","-0.1","0.0","sa548078"
"Mason Williams","Yankees","8","35","32","7","1","0","0","3","3","2","6","0","1","1",".223",".269",".318",".587",".263","0.1","0.0","0.0","sa548309"
"Ehire Adrianza","Giants","33","140","126","28","6","1","1","13","10","10","28","1","3","2",".220",".279",".303",".583",".262","0.6","-0.1","0.1","8418"
"Tyler Holt","Indians","8","35","32","7","1","0","0","3","2","3","8","0","1","1",".225",".290",".282",".572",".262","-0.3","0.0","0.0","11391"
"Roberto Perez","Indians","30","128","112","22","5","0","2","12","10","12","36","1","1","0",".196",".278",".296",".573",".261","0.6","-0.1","0.3","2900"
"Tony Cruz","Cardinals","53","222","205","46","10","1","2","18","23","12","43","1","1","2",".225",".272",".316",".588",".261","-0.8","-0.8","0.0","2802"
"Ryan Goins","Blue Jays","28","119","111","26","5","1","1","10","10","5","24","0","1","1",".232",".267",".317",".584",".260","0.6","-0.2","-0.1","9807"
"Tuffy Gosewisch","Diamondbacks","91","384","362","79","19","1","6","28","31","14","73","3","2","1",".220",".252",".331",".583",".258","1.5","-0.4","0.2","5277"
"Wil Nieves","Padres","30","128","121","29","6","0","1","9","10","4","27","1","1","0",".237",".266",".315",".581",".258","0.0","0.0","0.1","1556"
"Hak-Ju Lee","Rays","5","21","19","4","1","0","0","2","1","2","5","0","1","0",".215",".275",".291",".565",".257","0.0","0.0","0.0","sa502536"
"Clint Barmes","Padres","67","280","256","56","10","0","4","23","21","15","58","4","1","1",".219",".270",".306",".576",".257","2.1","-0.3","0.2","1830"
"Miguel Rojas","Marlins","17","70","65","15","2","0","1","6","5","4","10","1","1","1",".225",".273",".293",".566",".255","0.2","-0.1","0.0","7802"
"Tony Wolters","Indians","8","32","29","6","1","0","0","3","2","2","7","0","0","0",".220",".273",".290",".563",".254","0.2","-0.1","0.0","sa548197"
"Jonathan Diaz","Blue Jays","7","28","25","5","1","0","0","2","2","2","6","0","0","0",".205",".281",".268",".548",".253","-0.1","0.0","0.0","4142"
"Justin O'Conner","Rays","3","13","12","3","1","0","0","1","1","0","4","0","0","0",".208",".242",".328",".570",".253","0.1","0.0","0.0","sa548314"
"Erik Gonzalez","Indians","3","14","13","3","1","0","0","1","1","1","3","0","0","0",".226",".256",".315",".571",".253","0.0","0.0","0.0","sa506001"
"Leury Garcia","White Sox","8","35","33","7","1","0","0","3","2","2","9","0","2","1",".224",".263",".304",".567",".253","0.1","0.1","0.0","5913"
"Bobby Wilson","Rays","23","96","87","18","3","0","1","8","7","6","18","0","0","0",".211",".265",".296",".560",".252","1.0","-0.2","0.2","6564"
"Brendan Ryan","Yankees","87","364","328","68","13","1","3","33","29","25","77","4","6","3",".208",".270",".279",".549",".250","5.0","-0.3","0.1","6073"
"Jeff Mathis","Marlins","23","96","87","17","4","0","2","7","8","6","30","0","0","0",".198",".256",".301",".556",".248","0.6","-0.1","0.0","3448"
"Jackson Williams","Angels","8","32","29","6","1","0","0","3","3","2","8","0","0","0",".202",".257",".294",".550",".248","0.0","0.0","0.0","8524"
"Jesus Sucre","Mariners","30","128","121","28","4","0","1","11","10","4","22","1","1","1",".227",".254",".291",".545",".243","1.2","-0.1","0.1","5942"
"Drew Butera","Angels","30","128","117","23","5","1","2","11","10","7","29","1","1","0",".197",".250",".285",".536",".242","0.5","-0.1","0.1","3411"
"Erisbel Arruebarrena","Dodgers","3","14","13","3","0","0","0","1","1","1","5","0","0","0",".201",".239",".299",".538",".239","-0.1","0.0","0.0","15809"
"Terrance Gore","Royals","8","35","32","7","1","0","0","3","2","2","9","1","3","1",".206",".264",".247",".511",".236","-0.1","0.2","-0.1","13658"
"John Baker","Mariners","8","32","29","5","1","0","0","2","2","3","9","0","0","0",".188",".260",".242",".502",".229","-0.3","0.0","-0.1","4756"
"Rey Navarro","Reds","0","0","0","0","0","0","0","0","0","0","0","0","0","0",".000",".000",".000",".000",".000","0.0","0.0","0.0","sa390371"
"Mike Ohlman","Orioles","0","0","0","0","0","0","0","0","0","0","0","0","0","0",".000",".000",".000",".000",".000","0.0","0.0","0.0","sa501614"
"Ryan Lavarnway","Red Sox","0","0","0","0","0","0","0","0","0","0","0","0","0","0",".000",".000",".000",".000",".000","0.0","0.0","0.0","8879"
