name,team,age,year,rk,mlb_id
Jurickson Profar,ss/2b,Rangers,2013,1,595777
Dylan Bundy,rhp,Orioles,2013,2,605164
Oscar Taveras,of,Cardinals,2013,3,570805
Wil Myers,of/3b,Rays,2013,4,571976
Jose Fernandez,rhp,Marlins,2013,5,605228
Shelby Miller,rhp,Cardinals,2013,6,571946
Gerrit Cole,rhp,Pirates,2013,7,543037
Xander Bogaerts,ss,Red Sox,2013,8,593428
Miguel Sano,3b,Twins,2013,9,593934
Byron Buxton,of,Twins,2013,10,621439
Zack Wheeler,rhp,Mets,2013,11,554430
Tyler Skaggs,lhp,Diamondbacks,2013,12,572140
Carlos Correa,ss,Astros,2013,13,621043
Trevor Bauer,rhp,Indians,2013,14,545333
Christian Yelich,of,Marlins,2013,15,592885
Javier Baez,ss,Cubs,2013,16,595879
Mike Zunino,c,Mariners,2013,17,572287
Taijuan Walker,rhp,Mariners,2013,18,592836
Jameson Taillon,rhp,Pirates,2013,19,592791
Billy Hamilton,of/ss,Reds,2013,20,571740
Nick Castellanos,3b/of,Tigers,2013,21,592206
Mike Olt,3b/1b,Rangers,2013,22,592609
Travis d'Arnaud,c,Mets,2013,23,518595
Kyle Zimmer,rhp,Royals,2013,24,622092
Archie Bradley,rhp,Diamondbacks,2013,25,605151
Kevin Gausman,rhp,Orioles,2013,26,592332
Jonathan Singleton,1b/of,Astros,2013,27,572138
Francisco Lindor,ss,Indians,2013,28,596019
Danny Hultzen,lhp,Mariners,2013,29,543343
Anthony Rendon,3b,Nationals,2013,30,543685
Jackie Bradley,of,Red Sox,2013,31,598265
Mason Williams,of,Yankees,2013,32,592863
Albert Almora,of,Cubs,2013,33,546991
Jorge Soler,of,Cubs,2013,34,624585
Bubba Starling,of,Royals,2013,35,605490
Chris Archer,rhp,Rays,2013,36,502042
George Springer,of,Astros,2013,37,543807
Carlos Martinez,rhp,Cardinals,2013,38,593372
Trevor Rosenthal,rhp,Cardinals,2013,39,572096
Matt Barnes,rhp,Red Sox,2013,40,598264
Oswaldo Arcia,of,Twins,2013,41,542455
Hyun-Jin Ryu,lhp,Dodgers,2013,42,547943
Andrew Heaney,lhp,Marlins,2013,43,571760
Julio Teheran,rhp,Braves,2013,44,527054
Casey Kelly,rhp,Padres,2013,45,543391
Max Fried,lhp,Padres,2013,46,608331
Yasiel Puig,of,Dodgers,2013,47,624577
Addison Russell,ss,Athletics,2013,48,608365
Allen Webster,rhp,Red Sox,2013,49,543903
Lance McCullers Jr.,rhp,Astros,2013,50,621121
Gregory Polanco,of,Pirates,2013,51,570256
Nolan Arenado,3b,Rockies,2013,52,571448
David Dahl,of,Rockies,2013,53,621311
Noah Syndergaard,rhp,Mets,2013,54,592789
Courtney Hawkins,of,White Sox,2013,55,621445
Robert Stephenson,rhp,Reds,2013,56,596112
Gary Sanchez,c,Yankees,2013,57,596142
Austin Hedges,c,Padres,2013,58,595978
Alex Meyer,rhp,Twins,2013,59,543542
Kaleb Cowart,3b,Angels,2013,60,592230
Alen Hanson,ss,Pirates,2013,61,593700
Taylor Guerrieri,rhp,Rays,2013,62,605260
Slade Heathcott,of,Yankees,2013,63,571761
Jake Marisnick,of,Marlins,2013,64,545350
Aaron Sanchez,rhp,Blue Jays,2013,65,592717
Kyle Crick,rhp,Giants,2013,66,605195
Lucas Giolito,rhp,Nationals,2013,67,608337
Kyle Gibson,rhp,Twins,2013,68,502043
Wily Peralta,rhp,Brewers,2013,69,503449
Brian Goodwin,of,Nationals,2013,70,571718
Jedd Gyorko,3b/2b,Padres,2013,71,576397
Aaron Hicks,of,Twins,2013,72,543305
Adam Eaton,of,Diamondbacks,2013,73,594809
Avisail Garcia,of,Tigers,2013,74,541645
Marcell Ozuna,of,Marlins,2013,75,542303
Michael Wacha,rhp,Cardinals,2013,76,608379
Tyler Austin,of,Yankees,2013,77,592122
Luis Heredia,rhp,Pirates,2013,78,599093
Nick Franklin,ss/2b,Mariners,2013,79,545338
Didi Gregorius,ss,Diamondbacks,2013,80,544369
Martin Perez,lhp,Rangers,2013,81,527048
Tony Cingrani,lhp,Reds,2013,82,571561
Arodys Vizcaino,rhp,Cubs,2013,83,527055
Kolten Wong,2b,Cardinals,2013,84,543939
Yordano Ventura,rhp,Royals,2013,85,570649
Justin Nicolino,lhp,Marlins,2013,86,592593
James Paxton,lhp,Mariners,2013,87,572020
Matt Davidson,3b,Diamondbacks,2013,88,571602
Jesse Biddle,lhp,Phillies,2013,89,592145
Hak-Ju Lee,ss,Rays,2013,90,573349
Henry Owens,lhp,Red Sox,2013,91,596064
Jake Odorizzi,rhp,Rays,2013,92,543606
J.R. Graham,rhp,Braves,2013,93,543242
Daniel Corcino,rhp,Reds,2013,94,542289
Bruce Rondon,rhp,Tigers,2013,95,541652
Trevor Story,ss/3b,Rockies,2013,96,596115
Leonys Martin,of,Rangers,2013,97,547982
Marcus Stroman,rhp,Blue Jays,2013,98,573186
Delino DeShields Jr.,2b,Astros,2013,99,592261
Roman Quinn,ss,Phillies,2013,100,596451
Bryce Harper,of,Nationals,2012,1,547180
Matt Moore,lhp,Rays,2012,2,519043
Mike Trout,of,Angels,2012,3,545361
Yu Darvish,rhp,Rangers,2012,4,506433
Julio Teheran,rhp,Braves,2012,5,527054
Jesus Montero,c,Mariners,2012,6,524968
Jurickson Profar,ss,Rangers,2012,7,595777
Shelby Miller,rhp,Cardinals,2012,8,571946
Trevor Bauer,rhp,Diamondbacks,2012,9,545333
Dylan Bundy,rhp,Orioles,2012,10,605164
Manny Machado,ss,Orioles,2012,11,592518
Gerrit Cole,rhp,Pirates,2012,12,543037
Tyler Skaggs,lhp,Diamondbacks,2012,13,572140
Yoenis Cespedes,of,Athletics,2012,14,493316
Jameson Taillon,rhp,Pirates,2012,15,592791
Devin Mesoraco,c,Reds,2012,16,519023
Travis d'Arnaud,c,Blue Jays,2012,17,518595
Miguel Sano,3b/ss,Twins,2012,18,593934
Anthony Rendon,3b,Nationals,2012,19,543685
Taijuan Walker,rhp,Mariners,2012,20,592836
Danny Hultzen,lhp,Mariners,2012,21,543343
Jacob Turner,rhp,Tigers,2012,22,545363
Mike Montgomery,lhp,Royals,2012,23,543557
Bubba Starling,of,Royals,2012,24,605490
Archie Bradley,rhp,Diamondbacks,2012,25,605151
Jarrod Parker,rhp,Athletics,2012,26,519105
Carlos Martinez,rhp,Cardinals,2012,27,593372
Wil Myers,of,Royals,2012,28,571976
Manny Banuelos,lhp,Yankees,2012,29,544365
Drew Pomeranz,lhp,Rockies,2012,30,519141
Martin Perez,lhp,Rangers,2012,31,527048
Brett Jackson,of,Cubs,2012,32,571804
Yonder Alonso,of/1b,Padres,2012,33,475174
Jonathan Singleton,1b/of,Astros,2012,34,572138
Zack Wheeler,rhp,Mets,2012,35,554430
Brad Peacock,rhp,Athletics,2012,36,502748
Francisco Lindor,ss,Indians,2012,37,596019
Gary Brown,of,Giants,2012,38,518502
Anthony Gose,of,Blue Jays,2012,39,543238
Arodys Vizcaino,rhp,Braves,2012,40,527055
Christian Yelich,of,Marlins,2012,41,592885
Nolan Arenado,3b,Rockies,2012,42,571448
Mike Olt,3b,Rangers,2012,43,592609
Hak-Ju Lee,ss,Rays,2012,44,573349
Nick Castellanos,3b,Tigers,2012,45,592206
Randall Delgado,rhp,Braves,2012,46,517414
Anthony Rizzo,1b,Cubs,2012,47,519203
Billy Hamilton,ss,Reds,2012,48,571740
Rymer Liriano,of,Padres,2012,49,542642
Jarred Cosart,rhp,Astros,2012,50,543054
Will Middlebrooks,3b,Red Sox,2012,51,519025
James Paxton,lhp,Mariners,2012,52,572020
Yasmani Grandal,c,Padres,2012,53,518735
Matt Harvey,rhp,Mets,2012,54,518774
Jean Segura,ss,Angels,2012,55,516416
Wily Peralta,rhp,Brewers,2012,56,503449
A.J. Cole,rhp,Athletics,2012,57,595918
Xander Bogaerts,ss,Red Sox,2012,58,593428
George Springer,of,Astros,2012,59,543807
Josh Bell,of,Pirates,2012,60,605137
Javier Baez,ss,Cubs,2012,61,595879
Zach Lee,rhp,Dodgers,2012,62,545346
Dellin Betances,rhp,Yankees,2012,63,476454
Matt Szczur,of,Cubs,2012,64,519333
Sonny Gray,rhp,Athletics,2012,65,543243
Addison Reed,rhp,White Sox,2012,66,592665
Jake Marisnick,of,Blue Jays,2012,67,545350
Jake Odorizzi,rhp,Royals,2012,68,543606
Trevor May,rhp,Phillies,2012,69,543507
Taylor Jungmann,rhp,Brewers,2012,70,543380
Jed Bradley,lhp,Brewers,2012,71,605152
Blake Swihart,c,Red Sox,2012,72,596119
Starling Marte,of,Pirates,2012,73,516782
Oscar Taveras,of,Cardinals,2012,74,570805
Zack Cozart,ss,Reds,2012,75,446359
Casey Kelly,rhp,Padres,2012,76,543391
Nick Franklin,ss/2b,Mariners,2012,77,545338
Cory Spangenberg,2b,Padres,2012,78,605486
Leonys Martin,of,Rangers,2012,79,547982
Michael Choice,of,Athletics,2012,80,574831
Gary Sanchez,c,Yankees,2012,81,596142
Jonathan Schoop,inf,Orioles,2012,82,570731
Garrett Richards,rhp,Angels,2012,83,572070
Cheslor Cuthbert,3b,Royals,2012,84,596144
Mason Williams,of,Yankees,2012,85,592863
Chad Bettis,rhp,Rockies,2012,86,518452
Wilin Rosario,c,Rockies,2012,87,501647
Zack Cox,3b,Cardinals,2012,88,543059
Chris Archer,rhp,Rays,2012,89,502042
Taylor Guerrieri,rhp,Rays,2012,90,605260
Daniel Norris,lhp,Blue Jays,2012,91,596057
Andrelton Simmons,ss,Braves,2012,92,592743
Kolten Wong,2b,Cardinals,2012,93,543939
Tyrell Jenkins,rhp,Cardinals,2012,94,592433
Allen Webster,rhp,Dodgers,2012,95,543903
Nate Eovaldi,rhp,Dodgers,2012,96,543135
Matt Davidson,3b/1b,Diamondbacks,2012,97,571602
Jedd Gyorko,3b,Padres,2012,98,576397
Joe Benson,of,Twins,2012,99,501994
Christian Villanueva,3b,Rangers,2012,100,570799
Bryce Harper,of,Nationals,2011,1,547180
Mike Trout,of,Angels,2011,2,545361
Jesus Montero,c,Yankees,2011,3,524968
Domonic Brown,of,Phillies,2011,4,502126
Julio Teheran,rhp,Braves,2011,5,527054
Jeremy Hellickson,rhp,Rays,2011,6,476451
Aroldis Chapman,lhp,Reds,2011,7,547973
Eric Hosmer,1b,Royals,2011,8,543333
Mike Moustakas,3b,Royals,2011,9,519058
Wil Myers,of/c,Royals,2011,10,571976
Jameson Taillon,rhp,Pirates,2011,11,592791
Dustin Ackley,2b,Mariners,2011,12,554429
Shelby Miller,rhp,Cardinals,2011,13,571946
Manny Machado,ss,Orioles,2011,14,592518
Matt Moore,lhp,Rays,2011,15,519043
Michael Pineda,rhp,Mariners,2011,16,501381
Freddie Freeman,1b,Braves,2011,17,518692
John Lamb,lhp,Royals,2011,18,543424
Mike Montgomery,lhp,Royals,2011,19,543557
Chris Sale,lhp,White Sox,2011,20,519242
Jacob Turner,rhp,Tigers,2011,21,545363
Desmond Jennings,of,Rays,2011,22,457775
Brandon Belt,1b,Giants,2011,23,474832
Martin Perez,lhp,Rangers,2011,24,527048
Lonnie Chisenhall,3b,Indians,2011,25,502082
Dee Gordon,ss,Dodgers,2011,26,543829
Chris Archer,rhp,Rays,2011,27,502042
Zach Britton,lhp,Orioles,2011,28,502154
Kyle Drabek,rhp,Blue Jays,2011,29,475138
Gary Sanchez,c,Yankees,2011,30,596142
Casey Kelly,rhp,Padres,2011,31,543391
Tyler Matzek,lhp,Rockies,2011,32,554431
Jarrod Parker,rhp,Diamondbacks,2011,33,519105
Kyle Gibson,rhp,Twins,2011,34,502043
Randall Delgado,rhp,Braves,2011,35,517414
Travis d'Arnaud,c,Blue Jays,2011,36,518595
Mike Minor,lhp,Braves,2011,37,501985
Brett Jackson,of,Cubs,2011,38,571804
Jonathan Singleton,1b/of,Phillies,2011,39,572138
Brett Lawrie,2b,Blue Jays,2011,40,543434
Manny Banuelos,lhp,Yankees,2011,41,544365
Jordan Lyles,rhp,Astros,2011,42,543475
Dellin Betances,rhp,Yankees,2011,43,476454
Jenrry Mejia,rhp,Mets,2011,44,516769
Aaron Hicks,of,Twins,2011,45,543305
Tony Sanchez,c,Pirates,2011,46,506997
Alex White,rhp,Indians,2011,47,502229
Trey McNutt,rhp,Cubs,2011,48,571939
Wilin Rosario,c,Rockies,2011,49,501647
Billy Hamilton,ss/2b,Reds,2011,50,571740
Christian Colon,ss,Royals,2011,51,518568
Jose Iglesias,ss,Red Sox,2011,52,578428
Nick Franklin,ss/2b,Mariners,2011,53,545338
Jason Kipnis,2b,Indians,2011,54,543401
Zack Wheeler,rhp,Giants,2011,55,554430
Brody Colvin,rhp,Phillies,2011,56,571573
Jean Segura,2b,Angels,2011,57,516416
Simon Castro,rhp,Padres,2011,58,501563
Wilmer Flores,ss,Mets,2011,59,527038
Miguel Sano,3b/ss,Twins,2011,60,593934
Drew Pomeranz,lhp,Indians,2011,61,519141
Zack Cox,3b,Cardinals,2011,62,543059
Grant Green,ss,Athletics,2011,63,502205
Devin Mesoraco,c,Reds,2011,64,519023
Nick Castellanos,3b,Tigers,2011,65,592206
Danny Espinosa,ss/2b,Nationals,2011,66,457787
Anthony Ranaudo,rhp,Red Sox,2011,67,519168
Danny Duffy,lhp,Royals,2011,68,518633
Jake Odorizzi,rhp,Royals,2011,69,543606
Jarred Cosart,rhp,Phillies,2011,70,543054
Jake McGee,lhp,Rays,2011,71,459429
Derek Norris,c,Nationals,2011,72,519083
Yonder Alonso,1b/of,Reds,2011,73,475174
Jurickson Profar,ss,Rangers,2011,74,595777
Anthony Rizzo,1b,Padres,2011,75,519203
Tyler Chatwood,rhp,Angels,2011,76,543022
Cesar Puello,of,Mets,2011,77,527049
Andrew Brackman,rhp,Yankees,2011,78,457581
Stetson Allie,rhp,Pirates,2011,79,592105
Nolan Arenado,3b,Rockies,2011,80,571448
Matt Dominguez,3b,Marlins,2011,81,518625
Tyler Skaggs,lhp,Diamondbacks,2011,82,572140
Chris Dwyer,lhp,Royals,2011,83,543125
Tanner Scheppers,rhp,Rangers,2011,84,489294
Brent Morel,3b/ss,White Sox,2011,85,543569
Craig Kimbrel,rhp,Braves,2011,86,518886
Andy Oliver,lhp,Tigers,2011,87,501989
Josh Sale,of,Rays,2011,88,592714
Zach Lee,rhp,Dodgers,2011,89,545346
Rubby De la Rosa,rhp,Dodgers,2011,90,523989
Chris Carter,1b/of,Athletics,2011,91,452080
Hak-Ju Lee,ss,Rays,2011,92,573349
Arodys Vizcaino,rhp,Braves,2011,93,527055
Jonathan Villar,ss,Astros,2011,94,542340
Deck McGuire,rhp,Blue Jays,2011,95,592547
Wilson Ramos,c,Nationals,2011,96,467092
Drake Britton,lhp,Red Sox,2011,97,518493
Austin Romine,c,Yankees,2011,98,519222
Matt Davidson,3b,Diamondbacks,2011,99,571602
Joe Benson,of,Twins,2011,100,501994
JASON HEYWARD,OF,BRAVES,2010,1,518792
STEPHEN STRASBURG,RHP,NATIONALS,2010,2,544931
MIKE STANTON,OF,MARLINS,2010,3,122679
JESUS MONTERO,C,YANKEES,2010,4,524968
BRIAN MATUSZ,LHP,ORIOLES,2010,5,451085
DESMOND JENNINGS,OF,RAYS,2010,6,457775
BUSTER POSEY,C,GIANTS,2010,7,457763
PEDRO ALVAREZ,3B,PIRATES,2010,8,476883
NEFTALI FELIZ,RHP,RANGERS,2010,9,491703
CARLOS SANTANA,C,INDIANS,2010,10,467793
DUSTIN ACKLEY,OF/1B,MARINERS,2010,11,554429
ALCIDES ESCOBAR,SS,BREWERS,2010,12,444876
JUSTIN SMOAK,1B,RANGERS,2010,13,475253
MADISON BUMGARNER,LHP,GIANTS,2010,14,518516
DOMONIC BROWN,OF,PHILLIES,2010,15,502126
STARLIN CASTRO,SS,CUBS,2010,16,516770
MARTIN PEREZ,LHP,RANGERS,2010,17,527048
JEREMY HELLICKSON,RHP,RAYS,2010,18,476451
AARON HICKS,OF,TWINS,2010,19,543305
LOGAN MORRISON,1B,MARLINS,2010,20,489149
RYAN WESTMORELAND,OF,RED SOX,2010,21,543910
AROLDIS CHAPMAN,LHP,REDS,2010,22,547973
TYLER MATZEK,LHP,ROCKIES,2010,23,554431
CASEY KELLY,RHP,RED SOX,2010,24,543391
KYLE DRABEK,RHP,BLUE JAYS,2010,25,475138
JACOB TURNER,RHP,TIGERS,2010,26,545363
BRETT WALLACE,3B/1B,BLUE JAYS,2010,27,477165
CHRIS CARTER,OF/1B,ATHLETICS,2010,28,452080
MICHAEL TAYLOR,OF,ATHLETICS,2010,29,446345
MICHAEL SAUNDERS,OF,MARINERS,2010,30,459431
LONNIE CHISENHALL,3B,INDIANS,2010,31,502082
FREDDIE FREEMAN,1B,BRAVES,2010,32,518692
CHRISTIAN FRIEDRICH,LHP,ROCKIES,2010,33,543184
WADE DAVIS,RHP,RAYS,2010,34,451584
MATT MOORE,LHP,RAYS,2010,35,519043
JARROD PARKER,RHP,DIAMONDBACKS,2010,36,519105
JOSH BELL,3B,ORIOLES,2010,37,458679
DEREK NORRIS,C,NATIONALS,2010,38,519083
MIKE MONTGOMERY,LHP,ROYALS,2010,39,543557
AARON CROW,RHP,ROYALS,2010,40,543070
JASON CASTRO,C,ASTROS,2010,41,488771
TANNER SCHEPPERS,RHP,RANGERS,2010,42,489294
TODD FRAZIER,OF/2B,REDS,2010,43,453943
NICK HAGADONE,LHP,INDIANS,2010,44,444935
YONDER ALONSO,1B,REDS,2010,45,475174
DEE GORDON,SS,DODGERS,2010,46,543829
CASEY CROSBY,LHP,TIGERS,2010,47,518582
CHRIS WITHROW,RHP,DODGERS,2010,48,519437
ZACK WHEELER,RHP,GIANTS,2010,49,554430
SHELBY MILLER,RHP,CARDINALS,2010,50,571946
JULIO TEHERAN,RHP,BRAVES,2010,51,527054
GRANT GREEN,SS,ATHLETICS,2010,52,502205
DONAVAN TATE,OF,PADRES,2010,53,545360
REID BRIGNAC,SS,RAYS,2010,54,458582
JARED MITCHELL,OF,WHITE SOX,2010,55,502200
JENNRY MEJIA,RHP,METS,2010,56,516769
SIMON CASTRO,RHP,PADRES,2010,57,501563
WILSON RAMOS,C,TWINS,2010,58,467092
BRETT LAWRIE,2B,BREWERS,2010,59,543434
TYLER FLOWERS,C,WHITE SOX,2010,60,452095
KYLE GIBSON,RHP,TWINS,2010,61,502043
IKE DAVIS,1B,METS,2010,62,113113
ZACH BRITTON,LHP,ORIOLES,2010,63,502154
JASON KNAPP,RHP,INDIANS,2010,64,543405
ALEX WHITE,RHP,INDIANS,2010,65,502229
DAN HUDSON,RHP,WHITE SOX,2010,66,543339
TIM BECKHAM,SS,RAYS,2010,67,542921
ALEX COLOME,RHP,RAYS,2010,68,517008
ARODYS VIZCAINO,RHP,BRAVES,2010,69,527055
JOSH VITTERS,3B,CUBS,2010,70,519388
JHOULYS CHACIN,RHP,ROCKIES,2010,71,468504
MIKE LEAKE,RHP,REDS,2010,72,502190
JIOVANNI MIER,SS,ASTROS,2010,73,545353
BRETT JACKSON,OF,CUBS,2010,74,571804
JOSH REDDICK,OF,RED SOX,2010,75,502210
AUSTIN,OF,TIGERS,2010,76,115161
FERNANDO MARTINEZ,OF,METS,2010,77,494686
CHAD JAMES,LHP,MARLINS,2010,78,545345
TONY SANCHEZ,C,PIRATES,2010,79,506997
MIKE MOUSTAKAS,3B,ROYALS,2010,80,519058
TRAVIS D'ARNAUD,C,BLUE JAYS,2010,81,518595
JAFF DECKER,OF,PADRES,2010,82,543094
ADAM MOORE,C,MARINERS,2010,83,446192
HANK CONGER,C,ANGELS,2010,84,474233
MIKE TROUT,OF,ANGELS,2010,85,545361
AUSTIN ROMINE,C,YANKEES,2010,86,519222
LARS ANDERSON,1B,RED SOX,2010,87,502249
WILMER FLORES,SS,METS,2010,88,527038
MAT GAMEL,3B,BREWERS,2010,89,451143
JAMES DARNELL,3B,PADRES,2010,90,543083
JORDAN LYLES,RHP,ASTROS,2010,91,543475
DREW STOREN,RHP,NATIONALS,2010,92,519322
PHILLIPPE AUMONT,RHP,PHILLIES,2010,93,518418
MIGUEL SANO,SS/3B,TWINS,2010,94,593934
ANDREW CASHNER,RHP,CUBS,2010,95,488768
THOMAS NEAL,OF,GIANTS,2010,96,489166
PETER BOURJOS,OF,ANGELS,2010,97,488721
JAY JACKSON,RHP,CUBS,2010,98,543351
JAKE ARRIETA,RHP,ORIOLES,2010,99,453562
NOEL ARGUELLES,LHP,ROYALS,2010,100,580016
MATT WIETERS,C,ORIOLES,2009,1,446308
DAVID PRICE,LHP,RAYS,2009,2,456034
COLBY RASMUS,OF,CARDINALS,2009,3,458675
TOMMY HANSON,RHP,BRAVES,2009,4,462102
JASON HEYWARD,OF,BRAVES,2009,5,518792
TRAVIS SNIDER,OF,BLUE JAYS,2009,6,501983
BRETT ANDERSON,LHP,ATHLETICS,2009,7,474463
CAMERON MAYBIN,OF,MARLINS,2009,8,457727
MADISON BUMGARNER,LHP,GIANTS,2009,9,518516
NEFTALI FELIZ,RHP,RANGERS,2009,10,491703
TREVOR CAHILL,RHP,ATHLETICS,2009,11,502239
PEDRO ALVAREZ,3B,PIRATES,2009,12,476883
MIKE MOUSTAKAS,3B,ROYALS,2009,13,519058
BUSTER POSEY,C,GIANTS,2009,14,457763
DEXTER FOWLER,OF,ROCKIES,2009,15,451594
MIKE STANTON,OF,MARLINS,2009,16,122679
LARS ANDERSON,1B,RED SOX,2009,17,502249
LOGAN MORRISON,1B,MARLINS,2009,18,489149
ALCIDES ESCOBAR,SS,BREWERS,2009,19,444876
GORDON BECKHAM,SS,WHITE SOX,2009,20,493596
RICK PORCELLO,RHP,TIGERS,2009,21,519144
CHRIS TILLMAN,RHP,ORIOLES,2009,22,501957
JUSTIN SMOAK,1B,RANGERS,2009,23,475253
ERIC HOSMER,1B,ROYALS,2009,24,543333
BRIAN MATUSZ,LHP,ORIOLES,2009,25,451085
CARLOS SANTANA,C,INDIANS,2009,26,467793
MATT LaPORTA,OF/1B,INDIANS,2009,27,453181
TIM BECKHAM,SS,RAYS,2009,28,542921
JARROD PARKER,RHP,DIAMONDBACKS,2009,29,519105
FERNANDO MARTINEZ,OF,METS,2009,30,494686
DEREK HOLLAND,LHP,RANGERS,2009,31,502706
WADE DAVIS,RHP,RAYS,2009,32,451584
ANDREW McCUTCHEN,OF,PIRATES,2009,33,457705
MAT GAMEL,3B,BREWERS,2009,34,451143
YONDER ALONSO,1B,REDS,2009,35,475174
AUSTIN JACKSON,OF,YANKEES,2009,36,457706
ELVIS ANDRUS,SS,RANGERS,2009,37,462101
JESUS MONTERO,C,YANKEES,2009,38,524968
AARON HICKS,OF,TWINS,2009,39,543305
BRETT WALLACE,3B,CARDINALS,2009,40,477165
JORDAN ZIMMERMANN,RHP,NATIONALS,2009,41,519455
JORDAN SCHAFER,OF,BRAVES,2009,42,457788
J.P. ARENCIBIA,C,BLUE JAYS,2009,43,450317
ANGEL VILLALONA,1B,GIANTS,2009,44,505830
TIM ALDERSON,RHP,GIANTS,2009,45,518396
JHOULYS CHACIN,RHP,ROCKIES,2009,46,468504
WILMER FLORES,SS,METS,2009,47,527038
DOMINIC BROWN,OF,PHILLIES,2009,48,502126
ANDREW LAMBO,OF,DODGERS,2009,49,518911
KYLE BLANKS,1B,PADRES,2009,50,452035
JOSH VITTERS,3B,CUBS,2009,51,519388
CARLOS CARRASCO,RHP,PHILLIES,2009,52,471911
JASON CASTRO,C,ASTROS,2009,53,488771
MICHAEL INOA,RHP,ATHLETICS,2009,54,548068
AARON CUNNINGHAM,OF,ATHLETICS,2009,55,488811
JAMES McDONALD,RHP,DODGERS,2009,56,457428
GREG HALMAN,OF,MARINERS,2009,57,471897
NICK WEGLARZ,OF,INDIANS,2009,58,475676
BEN REVERE,OF,TWINS,2009,59,519184
TODD FRAZIER,SS/3B,REDS,2009,60,453943
DAYAN VICIEDO,3B/OF,White Sox,2009,61,493364
GORKYS HERNANDEZ,OF,BRAVES,2009,62,491676
AARON POREDA,LHP,WHITE SOX,2009,63,519145
MATT DOMINGUEZ,3B,MARLINS,2009,64,518625
MICHAEL SAUNDERS,OF,MARINERS,2009,65,459431
LOU MARSON,C,PHILLIES,2009,66,453974
JAKE ARRIETA,RHP,ORIOLES,2009,67,453562
NICK ADENHART,RHP,ANGELS,2009,68,444440
JASON DONALD,SS,PHILLIES,2009,69,453228
JORDAN WALDEN,RHP,ANGELS,2009,70,477229
WILSON RAMOS,C,TWINS,2009,71,467092
BRETT CECIL,LHP,BLUE JAYS,2009,72,446399
TAYLOR TEAGARDEN,C,RANGERS,2009,73,460003
ADRIAN CARDENAS,SS/2B,ATHLETICS,2009,74,502133
JOSE TABATA,OF,PIRATES,2009,75,467798
CHRIS CARTER,1B/3B,ATHLETICS,2009,76,452080
JONATHON NIESE,LHP,METS,2009,77,477003
REID BRIGNAC,SS,RAYS,2009,78,458582
JEFF SAMARDZIJA,RHP,CUBS,2009,79,502188
DESMOND JENNINGS,OF,RAYS,2009,80,457775
BRETT LAWRIE,C/3B,BREWERS,2009,81,543434
ADAM MILLER,RHP,INDIANS,2009,82,449089
MICHAEL BOWDEN,RHP,RED SOX,2009,83,476601
MAX RAMIREZ,C,RANGERS,2009,84,445615
KYLE SKIPWORTH,C,MARLINS,2009,85,543788
MARTIN PEREZ,LHP,RANGERS,2009,86,527048
FREDDIE FREEMAN,1B,BRAVES,2009,87,518692
GERARDO PARRA,OF,DIAMONDBACKS,2009,88,467827
CARLOS TRIUNFEL,SS/2B,MARINERS,2009,89,508892
DANIEL CORTES,RHP,ROYALS,2009,90,451135
CHRIS PEREZ,RHP,CARDINALS,2009,91,453198
ANDREW BRACKMAN,RHP,YANKEES,2009,92,457581
PHILLIPPE AUMONT,RHP,MARINERS,2009,93,518418
BRAD HOLT,RHP,METS,2009,94,475747
CHRISTIAN FRIEDRICH,LHP,ROCKIES,2009,95,543184
SEAN WEST,LHP,MARLINS,2009,96,476811
GIO GONZALEZ,LHP,ATHLETICS,2009,97,461829
DANIEL BARD,RHP,RED SOX,2009,98,453268
TYLER FLOWERS,C,WHITE SOX,2009,99,452095
JEREMY JEFFRESS,RHP,BREWERS,2009,100,502026
JAY BRUCE,OF,REDS,2008,1,457803
EVAN LONGORIA,3B,RAYS,2008,2,446334
JOBA CHAMBERLAIN,RHP,YANKEES,2008,3,501955
CLAY BUCHHOLZ,RHP,RED SOX,2008,4,453329
COLBY RASMUS,OF,CARDINALS,2008,5,458675
CAMERON MAYBIN,OF,MARLINS,2008,6,457727
CLAYTON KERSHAW,LHP,DODGERS,2008,7,477132
FRANKLIN MORALES,LHP,ROCKIES,2008,8,462985
HOMER BAILEY,RHP,REDS,2008,9,456701
DAVID PRICE,LHP,RAYS,2008,10,456034
TRAVIS SNIDER,OF,BLUE JAYS,2008,11,501983
MATT WIETERS,C,ORIOLES,2008,12,446308
JACOBY ELLSBURY,OF,RED SOX,2008,13,453056
ANDREW McCUTCHEN,OF,PIRATES,2008,14,457705
JAKE McGEE,LHP,RAYS,2008,15,459429
BRANDON WOOD,3B/SS,ANGELS,2008,16,457420
WADE DAVIS,RHP,RAYS,2008,17,451584
MIKE MOUSTAKAS,SS,ROYALS,2008,18,519058
ELVIS ANDRUS,SS,RANGERS,2008,19,462101
FERNANDO MARTINEZ,OF,METS,2008,20,494686
RICK PORCELLO,RHP,TIGERS,2008,21,519144
CARLOS GONZALEZ,OF,ATHLETICS,2008,22,471865
MATT LAPORTA,OF,BREWERS,2008,23,453181
NICK ADENHART,RHP,ANGELS,2008,24,444440
JORDAN SCHAFER,OF,BRAVES,2008,25,457788
GIO GONZALEZ,LHP,ATHLETICS,2008,26,461829
CHRIS MARRERO,1B/OF,NATIONALS,2008,27,502029
JASON HEYWARD,OF,BRAVES,2008,28,518792
ADAM MILLER,RHP,INDIANS,2008,29,449089
KOSUKE FUKUDOME,OF,CUBS,2008,30,493120
ANDY LAROCHE,3B,DODGERS,2008,31,451188
CHASE HEADLEY,3B/OF,PADRES,2008,32,452104
ANGEL VILLALONA,3B/1B,GIANTS,2008,33,505830
JOHNNY CUETO,RHP,REDS,2008,34,456501
DEOLIS GUERRA,RHP,TWINS,2008,35,500610
BRETT ANDERSON,LHP,ATHLETICS,2008,36,474463
JOSE TABATA,OF,YANKEES,2008,37,467798
IAN STEWART,3B,ROCKIES,2008,38,456655
REID BRIGNAC,SS,RAYS,2008,39,458582
LARS ANDERSON,1B,REDS SOX,2008,40,502249
AUSTIN JACKSON,OF,YANKEES,2008,41,457706
JEFF CLEMENT,C,MARINERS,2008,42,459943
JOSH VITTERS,3B,CUBS,2008,43,519388
JOEY VOTTO,1B,REDS,2008,44,458015
IAN KENNEDY,RHP,YANKEES,2008,45,453178
JARROD PARKER,RHP,DIAMONDBACKS,2008,46,519105
GEOVANY SOTO,C,CUBS,2008,47,434567
DARIC BARTON,1B,ATHLETICS,2008,48,435558
JAIR JURRJENS,RHP,BRAVES,2008,49,457453
MATT ANTONELLI,2B,PADRES,2008,50,453327
ROSS DETWILER,LHP,NATIONALS,2008,51,446321
CARLOS GOMEZ,OF,TWINS,2008,52,460576
J.R. TOWLES,C,ASTROS,2008,53,453525
CARLOS CARRASCO,RHP,PHILLIES,2008,54,471911
CHIN-LUNG HU,SS,DODGERS,2008,55,464341
NICK BLACKBURN,RHP,TWINS,2008,56,448147
DANIEL CORTES,RHP,ROYALS,2008,57,451135
CHRIS VOLSTAD,RHP,MARLINS,2008,58,458690
DESMOND JENNINGS,OF,RAYS,2008,59,457775
FAUTINO DE LOS SANTOS,RHP,ATHLETICS,2008,60,501745
NEIL WALKER,3B,PIRATES,2008,61,435522
CARLOS TRIUNFEL,SS,MARINERS,2008,62,508892
LUKE HOCHEVAR,RHP,ROYALS,2008,63,460024
JUSTIN MASTERSON,RHP,RED SOX,2008,64,475416
CHRIS DAVIS,3B/1B,RANGERS,2008,65,448801
MAX SCHERZER,RHP,DIAMONDBACKS,2008,66,453286
CHRIS TILLMAN,RHP,ORIOLES,2008,67,501957
BRETT SINKBEIL,RHP,MARLINS,2008,68,446213
RADHAMES LIZ,RHP,ORIOLES,2008,69,467785
BRANDON JONES,OF,BRAVES,2008,70,447761
CHUCK LOFGREN,LHP,INDIANS,2008,71,455111
MANNY PARRA,LHP,BREWERS,2008,72,448159
JED LOWRIE,SS,RED SOX,2008,73,476704
DEXTER FOWLER,OF,ROCKIES,2008,74,451594
TYLER COLVIN,OF,CUBS,2008,75,502125
ADRIAN CARDENAS,2B,PHILLIES,2008,76,502133
ERIC HURLEY,RHP,RANGERS,2008,77,457922
TROY PATTON,LHP,ORIOLES,2008,78,461856
HANK CONGER,C,ANGELS,2008,79,474233
TAYLOR TEAGARDEN,C,RANGERS,2008,80,460003
JORDAN WALDEN,RHP,ANGELS,2008,81,477229
SEAN GALLAGHER,RHP,CUBS,2008,82,451595
PHILLIPPE AUMONT,RHP,MARINERS,2008,83,518418
TIM ALDERSON,RHP,GIANTS,2008,84,518396
BRYAN ANDERSON,C,CARDINALS,2008,85,457762
COLLIN BALESTER,RHP,NATIONALS,2008,86,444446
BEAU MILLS,3B/1B,INDIANS,2008,87,460699
SCOTT ELBERT,LHP,DODGERS,2008,88,455092
STEVE PEARCE,1B/OF,PIRATES,2008,89,456665
JOE SAVERY,LHP,PHILLIES,2008,90,456045
NOLAN REIMOLD,OF,ORIOLES,2008,91,460099
GORKYS HERNANDEZ,OF,BRAVES,2008,92,491676
NEFTALI FELIZ,RHP,RANGERS,2008,93,491703
MICHAEL BOWDEN,RHP,RED SOX,2008,94,476601
HECTOR GOMEZ,SS,ROCKIES,2008,95,467143
RYAN KALISH,OF,RED SOX,2008,96,501888
CHRIS PEREZ,RHP,CARDINALS,2008,97,453198
GREG REYNOLDS,RHP,ROCKIES,2008,98,453353
JEFF NIEMANN,RHP,RAYS,2008,99,435298
DREW STUBBS,OF,REDS,2008,100,453211
DAISUKE MATSUZAKA,rhp,Red Sox,2007,1,493137
ALEX GORDON,3b,Royals,2007,2,460086
DELMON YOUNG,of,Devil Rays,2007,3,430321
PHILIP HUGHES,rhp,Yankees,2007,4,461833
HOMER BAILEY,rhp,Reds,2007,5,456701
CAMERON MAYBIN,of,Tigers,2007,6,457727
EVAN LONGORIA,3b,Devil Rays,2007,7,446334
BRANDON WOOD,ss,Angels,2007,8,457420
JUSTIN UPTON,of,Diamondbacks,2007,9,457708
ANDREW MILLER,lhp,Tigers,2007,10,453192
TIM LINCECUM,rhp,Giants,2007,11,453311
CHRIS YOUNG,of,Diamondbacks,2007,12,432934
ANDREW McCUTCHEN,of,Pirates,2007,13,457705
JAY BRUCE,of,Reds,2007,14,457803
TROY TULOWITZKI,ss,Rockies,2007,15,453064
YOVANI GALLARDO,rhp,Brewers,2007,16,451596
REID BRIGNAC,ss,Devil Rays,2007,17,458582
CARLOS GONZALEZ,of,Diamondbacks,2007,18,471865
ANDY LaROCHE,3b,Dodgers,2007,19,451188
MIKE PELFREY,rhp,Mets,2007,20,460059
MATT GARZA,rhp,Twins,2007,21,490063
FERNANDO MARTINEZ,of,Mets,2007,22,494686
ADAM MILLER,rhp,Indians,2007,23,449089
CLAYTON KERSHAW,lhp,Dodgers,2007,24,477132
BILLY BUTLER,of,Royals,2007,25,456714
RYAN BRAUN,3b,Brewers,2007,26,460075
JOSE TABATA,of,Yankees,2007,27,467798
ADAM JONES,of,Mariners,2007,28,430945
COLBY RASMUS,of,Cardinals,2007,29,458675
FRANKLIN MORALES,lhp,Rockies,2007,30,462985
SCOTT ELBERT,lhp,Dodgers,2007,31,455092
LUKE HOCHEVAR,rhp,Royals,2007,32,460024
JACOBY ELLSBURY,of,Red Sox,2007,33,453056
NICK ADENHART,rhp,Angels,2007,34,444440
JEFF NIEMANN,rhp,Devil Rays,2007,35,435298
JARROD SALTALAMACCHIA,c,Braves,2007,36,457454
JACOB McGEE,lhp,Devil Rays,2007,37,459429
HUNTER PENCE,of,Astros,2007,38,452254
ADAM LIND,of,Blue Jays,2007,39,452252
CHRIS VOLSTAD,rhp,Marlins,2007,40,458690
CARLOS CARRASCO,rhp,Phillies,2007,41,471911
JASON HIRSH,rhp,Rockies,2007,42,444865
JOEY VOTTO,1b,Reds,2007,43,458015
JAMES LONEY,1b,Dodgers,2007,44,425766
JOSH FIELDS,3b,White Sox,2007,45,435222
IAN STEWART,3b,Rockies,2007,46,456655
BILL ROWELL,3b,Orioles,2007,47,475728
DEXTER FOWLER,of,Rockies,2007,48,451594
FELIX PIE,of,Cubs,2007,49,429712
TRAVIS BUCK,of,Athletics,2007,50,459941
CLAY BUCHHOLZ,rhp,Red Sox,2007,51,453329
DONALD VEAL,lhp,Cubs,2007,52,453264
TRAVIS SNIDER,of,Blue Jays,2007,53,501983
CHUCK LOFGREN,lhp,Indians,2007,54,455111
RYAN SWEENEY,of,White Sox,2007,55,435220
JOHN DANKS,lhp,White Sox,2007,56,433579
HUMBERTO SANCHEZ,rhp,Yankees,2007,57,458008
TROY PATTON,lhp,Astros,2007,58,461856
JONATHAN SANCHEZ,lhp,Giants,2007,59,456043
CARLOS GOMEZ,of,Mets,2007,60,460576
ERICK AYBAR,ss,Angels,2007,61,430947
JEFF CLEMENT,c,Mariners,2007,62,459943
MIGUEL MONTERO,c,Diamondbacks,2007,63,471083
TREVOR CROWE,of,Indians,2007,64,460067
ELVIS ANDRUS,ss,Braves,2007,65,462101
GLEN PERKINS,lhp,Twins,2007,66,450282
DARIC BARTON,1b,Athletics,2007,67,435558
ERIC HURLEY,rhp,Rangers,2007,68,457922
BRAD LINCOLN,rhp,Pirates,2007,69,453184
JAIME GARCIA,lhp,Cardinals,2007,70,448802
KEVIN SLOWEY,rhp,Twins,2007,71,458713
GIO GONZALEZ,lhp,White Sox,2007,72,461829
PHILIP HUMBER,rhp,Mets,2007,73,458950
NEIL WALKER,3b,Pirates,2007,74,435522
JOBA CHAMBERLAIN,rhp,Yankees,2007,75,501955
GREG REYNOLDS,rhp,Rockies,2007,76,453353
BRETT SINKBEIL,rhp,Marlins,2007,77,446213
BRANDON ERBE,rhp,Orioles,2007,78,476258
ELIJAH DUKES,of,Devil Rays,2007,79,452668
JEFF SAMARDZIJA,rhp,Cubs,2007,80,502188
DANIEL BARD,rhp,Red Sox,2007,81,453268
ALBERTO CALLASPO,2b,Diamondbacks,2007,82,430948
MICHAEL BOWDEN,rhp,Red Sox,2007,83,476601
UBALDO JIMENEZ,rhp,Rockies,2007,84,434622
MATT ALBERS,rhp,Astros,2007,85,458006
BRIAN BARTON,of,Indians,2007,86,446382
BRANDON MORROW,rhp,Mariners,2007,87,453344
DREW STUBBS,of,Reds,2007,88,453211
KURT SUZUKI,c,Athletics,2007,89,435559
MATT HARRISON,lhp,Braves,2007,90,457448
WILL INMAN,rhp,Brewers,2007,91,488989
CHRIS IANNETTA,c,Rockies,2007,92,455104
BRENT LILLIBRIDGE,ss,Braves,2007,93,452121
CHRIS PARMELEE,of/1b,Twins,2007,94,476633
COLLIN BALESTER,rhp,Nationals,2007,95,444446
SEAN WEST,lhp,Marlins,2007,96,476811
WADE DAVIS,rhp,Devil Rays,2007,97,451584
MICAH OWINGS,rhp,Diamondbacks,2007,98,452249
PEDRO BEATO,rhp,Orioles,2007,99,474039
DELLIN BETANCES,rhp,Yankees,2007,100,476454
DELMON YOUNG,of,Devil Rays,2006,1,430321
JUSTIN UPTON,ss,Diamondbacks,2006,2,457708
BRANDON WOOD,ss,Angels,2006,3,457420
JEREMY HERMIDA,of,Marlins,2006,4,435181
STEPHEN DREW,ss,Diamondbacks,2006,5,452220
FRANCISCO LIRIANO,lhp,Twins,2006,6,434538
CHAD BILLINGSLEY,rhp,Dodgers,2006,7,451532
JUSTIN VERLANDER,rhp,Tigers,2006,8,434378
LASTINGS MILLEDGE,of,Mets,2006,9,451186
MATT CAIN,rhp,Giants,2006,10,430912
PRINCE FIELDER,1b,Brewers,2006,11,425902
HOWIE KENDRICK,2b,Angels,2006,12,435062
ALEX GORDON,3b,Royals,2006,13,460086
ANDY MARTE,3b,Indians,2006,14,429708
RYAN ZIMMERMAN,3b,Nationals,2006,15,475582
IAN STEWART,3b,Rockies,2006,16,456655
CONOR JACKSON,1b,Diamondbacks,2006,17,433582
JARROD SALTALAMACCHIA,c,Braves,2006,18,457454
ANDY LaROCHE,3b,Dodgers,2006,19,451188
CARLOS QUENTIN,of,Diamondbacks,2006,20,435041
NICK MARKAKIS,of,Orioles,2006,21,455976
JON LESTER,lhp,Red Sox,2006,22,452657
CHRIS YOUNG,of,Diamondbacks,2006,23,432934
BOBBY JENKS,rhp,White Sox,2006,24,408057
TROY TULOWITZKI,ss,Rockies,2006,25,453064
JOEL GUZMAN,ss/3b,Dodgers,2006,26,433591
FELIX PIE,of,Cubs,2006,27,429712
DARIC BARTON,1b,Athletics,2006,28,435558
BILLY BUTLER,of,Royals,2006,29,456714
HANLEY RAMIREZ,ss,Marlins,2006,30,434670
CAMERON MAYBIN,of,Tigers,2006,31,457727
CARLOS GONZALES,of,Diamondbacks,2006,32,471865
JEFF CLEMENT,c,Mariners,2006,33,459943
SCOTT OLSEN,lhp,Marlins,2006,34,435179
JOEL ZUMAYA,rhp,Tigers,2006,35,451491
MIKE PELFREY,rhp,Mets,2006,36,460059
JONATHAN PAPELBON,rhp,Red Sox,2006,37,449097
HOMER BAILEY,rhp,Reds,2006,38,456701
PHILIP HUGHES,rhp,Yankees,2006,39,461833
ANIBAL SANCHEZ,rhp,Marlins,2006,40,434671
ANTHONY REYES,rhp,Cardinals,2006,41,435039
RUSSELL MARTIN,c,Dodgers,2006,42,431145
NEIL WALKER,c,Pirates,2006,43,435522
MARK ROGERS,rhp,Brewers,2006,44,449161
ADAM LOEWEN,lhp,Orioles,2006,45,429400
ERICK AYBAR,ss,Angels,2006,46,430947
ADAM MILLER,rhp,Indians,2006,47,449089
DUSTIN McGOWAN,rhp,Blue Jays,2006,48,430661
RYAN BRAUN,3b,Brewers,2006,49,460075
ANDREW McCUTCHEN,of,Pirates,2006,50,457705
BRIAN ANDERSON,of,White Sox,2006,51,435042
JASON HIRSH,rhp,Astros,2006,52,444865
JEREMY SOWERS,lhp,Indians,2006,53,460265
CRAIG HANSEN,rhp,Red Sox,2006,54,475022
SCOTT ELBERT,lhp,Dodgers,2006,55,455092
EDISON VOLQUEZ,rhp,Rangers,2006,56,450172
JERED WEAVER,rhp,Angels,2006,57,450308
JASON KUBEL,of,Twins,2006,58,430585
JOHN DANKS,lhp,Rangers,2006,59,433579
JEFF MATHIS,c,Angels,2006,60,425772
ELVIS ANDRUS,ss,Braves,2006,61,462101
TROY PATTON,lhp,Astros,2006,62,461856
JONATHAN BROXTON,rhp,Dodgers,2006,63,455009
ADAM JONES,of/ss,Mariners,2006,64,430945
MARCUS SANDERS,ss/2b,Giants,2006,65,448773
KENJI JOHJIMA,c,Mariners,2006,66,492706
DUSTIN NIPPERT,rhp,Diamondbacks,2006,67,430962
COLE HAMELS,lhp,Phillies,2006,68,430935
YUSMEIRO PETIT,rhp,Marlins,2006,69,433589
JEFF NIEMANN,rhp,Devil Rays,2006,70,435298
BRAD SNYDER,of,Indians,2006,71,430957
THOMAS DIAMOND,rhp,Rangers,2006,72,435080
GIO GONZALEZ,lhp,Phillies,2006,73,461829
JAVIER HERRERA,of,Athletics,2006,74,464268
MATT MOSES,3b,Twins,2006,75,456420
JAY BRUCE,of,Reds,2006,76,457803
DUSTIN PEDROIA,2b/ss,Red Sox,2006,77,456030
KENDRY MORALES,1b,Angels,2006,78,434778
JASON HAMMEL,rhp,Devil Rays,2006,79,434628
JOSH JOHNSON,rhp,Marlins,2006,80,435178
HAYDEN PENN,rhp,Orioles,2006,81,435140
BLAKE DeWITT,3b,Dodgers,2006,82,455088
CLIFF PENNINGTON,ss,Athletics,2006,83,460060
JUSTIN HUBER,1b,Royals,2006,84,408311
MARK PAWELEK,lhp,Cubs,2006,85,476263
ERIC DUNCAN,3b/1b,Yankees,2006,86,449080
RICKY ROMERO,lhp,Blue Jays,2006,87,460069
CESAR CARRILLO,rhp,Padres,2006,88,460044
ANDRE ETHIER,of,Dodgers,2006,89,444843
NICK ADENHART,rhp,Angels,2006,90,444440
GLEN PERKINS,lhp,Twins,2006,91,450282
RYAN SWEENEY,of,White Sox,2006,92,435220
ANTHONY LEREW,rhp,Braves,2006,93,434679
RONNY CEDENO,ss,Cubs,2006,94,430592
TOM GORZELANNY,lhp,Pirates,2006,95,452733
MATT KEMP,of,Dodgers,2006,96,461314
CHRIS VOLSTAD,rhp,Marlins,2006,97,458690
CHUCK JAMES,lhp,Braves,2006,98,460580
NOLAN REIMOLD,of,Orioles,2006,99,460099
ANTHONY SWARZAK,rhp,Twins,2006,100,461872
Joe Mauer,c,Twins,2005,1,408045
Felix Hernandez,rhp,Mariners,2005,2,433587
Delmon Young,of,Devil Rays,2005,3,430321
Ian Stewart,3b,Rockies,2005,4,456655
Joel Guzman,ss,Dodgers,2005,5,433591
Casey Kotchman,1b,Angels,2005,6,425773
Scott Kazmir,lhp,Devil Rays,2005,7,431148
Rickie Weeks,2b,Brewers,2005,8,430001
Andy Marte,3b,Braves,2005,9,429708
Hanley Ramirez,ss,Red Sox,2005,10,434670
Lastings Milledge,of,Mets,2005,11,451186
Dallas McPherson,3b,Angels,2005,12,425774
Matt Cain,rhp,Giants,2005,13,430912
Jeff Francoeur,of,Braves,2005,14,425796
Prince Fielder,1b,Brewers,2005,15,425902
Adam Miller,rhp,Indians,2005,16,449089
Jason Kubel,of,Twins,2005,17,430585
Jeremy Hermida,of,Marlins,2005,18,435181
Chad Billingsley,rhp,Dodgers,2005,19,451532
Jeff Niemann,rhp,Devil Rays,2005,20,435298
Brian Dopirak,1b,Cubs,2005,21,460590
Carlos Quentin,of,Diamondbacks,2005,22,435041
Jeff Francis,lhp,Rockies,2005,23,433585
Nick Swisher,of,Athletics,2005,24,430897
Jose Capellan,rhp,Brewers,2005,25,430642
Chris Nelson,ss,Rockies,2005,26,455126
Ryan Howard,1b,Phillies,2005,27,429667
J.J. Hardy,ss,Brewers,2005,28,429666
Mike Hinckley,lhp,Nationals,2005,29,434479
Edwin Jackson,rhp,Dodgers,2005,30,429719
Felix Pie,of,Cubs,2005,31,429712
Daric Barton,1b,Athletics,2005,32,435558
Jeremy Reed,of,Mariners,2005,33,430598
Zach Duke,lhp,Pirates,2005,34,435043
Gavin Floyd,rhp,Phillies,2005,35,425856
Eric Duncan,3b,Yankees,2005,36,449080
Brian Anderson,of,White Sox,2005,37,435042
Scott Olsen,lhp,Marlins,2005,38,435179
Erick Aybar,ss,Angels,2005,39,430947
Conor Jackson,of,Diamondbacks,2005,40,433582
Michael Aubrey,1b,Indians,2005,41,430956
Ryan Sweeney,of,White Sox,2005,42,435220
Dan Meyer,lhp,Athletics,2005,43,119009
Brian McCann,c,Braves,2005,44,435263
Josh Barfield,2b,Padres,2005,45,429662
Yusmeiro Petit,rhp,Mets,2005,46,433589
Anthony Reyes,rhp,Cardinals,2005,47,435039
Homer Bailey,rhp,Reds,2005,48,456701
Brandon McCarthy,rhp,White Sox,2005,49,435221
Philip Humber,rhp,Mets,2005,50,458950
Shin-Soo Choo,of,Mariners,2005,51,425783
Thomas Diamond,rhp,Rangers,2005,52,435080
Kyle Davies,rhp,Braves,2005,53,434678
Franklin Gutierrez,of,Indians,2005,54,429711
Mark Rogers,rhp,Brewers,2005,55,449161
Edwin Encarnacion,3b,Reds,2005,56,429665
Curtis Granderson,of,Tigers,2005,57,434158
Merkin Valdez,rhp,Giants,2005,58,429723
John Danks,lhp,Rangers,2005,59,433579
Chris Burke,2b,Astros,2005,60,429663
Sergio Santos,ss,Diamondbacks,2005,61,435045
James Loney,1b,Dodgers,2005,62,425766
Jesse Crain,rhp,Twins,2005,63,430884
Aaron Hill,ss,Blue Jays,2005,64,431094
Nick Markakis,of,Orioles,2005,65,455976
Ryan Harvey,of,Cubs,2005,66,458243
Jeff Mathis,c,Angels,2005,67,425772
Javier Herrera,of,Athletics,2005,68,464268
Brandon League,rhp,Blue Jays,2005,69,434181
J.D. Durbin,rhp,Twins,2005,70,429716
Cole Hamels,lhp,Phillies,2005,71,430935
Brandon Moss,of,Red Sox,2005,72,461235
Clint Nageotte,rhp,Mariners,2005,73,425788
Andy LaRoche,3b,Dodgers,2005,74,451188
Billy Butler,3b,Royals,2005,75,456714
Kendry Morales,of,Angels,2005,76,434778
Joaquin Arias,ss,Rangers,2005,77,435078
Fred Lewis,of,Giants,2005,78,117733
Guillermo Quiroz,c,Blue Jays,2005,79,425565
Ezequiel Astacio,rhp,Astros,2005,80,430586
Neil Walker,c,Pirates,2005,81,435522
Ubaldo Jimenez,rhp,Rockies,2005,82,434622
Brandon Wood,ss,Angels,2005,83,457420
Brad Snyder,of,Indians,2005,84,430957
Mark Teahen,3b,Royals,2005,85,433597
Kyle Sleeth,rhp,Tigers,2005,86,433580
Joey Gathright,of,Devil Rays,2005,87,431157
Angel Guzman,rhp,Cubs,2005,88,425768
Russell Martin,c,Dodgers,2005,89,431145
Jeremy Sowers,lhp,Indians,2005,90,460265
Jon Papelbon,rhp,Red Sox,2005,91,449097
Jake Stevens,lhp,Braves,2005,92,457466
Richie Gardner,rhp,Reds,2005,93,451200
Hayden Penn,rhp,Orioles,2005,94,435140
Josh Fields,3b,White Sox,2005,95,435222
Tadahito Iguchi,2b,White Sox,2005,96,435338
Huston Street,rhp,Athletics,2005,97,434718
Ian Kinsler,ss,Rangers,2005,98,435079
Anthony Lerew,rhp,Braves,2005,99,434679
Greg Miller,lhp,Dodgers,2005,100,431141
Joe Mauer,c,Twins,2004,1,408045
Upton,ss,Devil Rays,2004,2,425834
Delmon Young,of,Devil Rays,2004,3,430321
Edwin Jackson,rhp,Dodgers,2004,4,429719
Rickie Weeks,2b,Brewers,2004,5,430001
Alexis Rios,of,Blue Jays,2004,6,425567
Kazuo Matsui,ss,Mets,2004,7,430565
Greg Miller,lhp,Dodgers,2004,8,431141
Grady Sizemore,of,Indians,2004,9,429713
Prince Fielder,1b,Brewers,2004,10,425902
Andy Marte,3b,Braves,2004,11,429708
Scott Kazmir,lhp,Mets,2004,12,431148
Adam Loewen,lhp,Orioles,2004,13,429400
Zack Greinke,rhp,Royals,2004,14,425844
Casey Kotchman,1b,Angels,2004,15,425773
Justin Morneau,1b,Twins,2004,16,408047
Cole Hamels,lhp,Phillies,2004,17,430935
Dustin McGowan,rhp,Blue Jays,2004,18,430661
J.J. Hardy,ss,Brewers,2004,19,429666
Josh Barfield,2b,Padres,2004,20,429662
David Wright,3b,Mets,2004,21,431151
Jeff Mathis,c,Angels,2004,22,425772
Gavin Floyd,rhp,Phillies,2004,23,425856
Chin-Hui Tsao,rhp,Rockies,2004,24,425835
Jeremy Reed,of,White Sox,2004,25,430598
Angel Guzman,rhp,Cubs,2004,26,425768
Jeff Francoeur,of,Braves,2004,27,425796
Jeremy Hermida,of,Marlins,2004,28,435181
Ervin Santana,rhp,Angels,2004,29,429722
Felix Hernandez,rhp,Mariners,2004,30,433587
Franklin Gutierrez,of,Dodgers,2004,31,429711
Bobby Crosby,ss,Athletics,2004,32,425853
Dallas McPherson,3b,Angels,2004,33,425774
Scott Hairston,2b,Diamondbacks,2004,34,430668
Guillermo Quiroz,c,Blue Jays,2004,35,425565
Kyle Sleeth,rhp,Tigers,2004,36,433580
Sergio Santos,ss,Diamondbacks,2004,37,435045
JohnVan Benschoten,rhp,Pirates,2004,38,429724
Hanley Ramirez,ss,Red Sox,2004,39,434670
Merkin Valdez,rhp,Giants,2004,40,429723
Dioner Navarro,c,Yankees,2004,41,425900
James Loney,1b,Dodgers,2004,42,425766
Joe Blanton,rhp,Athletics,2004,43,430599
Jeff Allison,rhp,Marlins,2004,44,456414
Clint Nageotte,rhp,Mariners,2004,45,425788
Ryan Wagner,rhp,Reds,2004,46,429842
Blake Hawksworth,rhp,Cardinals,2004,47,458003
Brad Nelson,of/1b,Brewers,2004,48,434525
Adam Wainwright,rhp,Cardinals,2004,49,425794
Taylor Buchholz,rhp,Astros,2004,50,430587
Jason Stokes,1b,Marlins,2004,51,434593
Adrian Gonzalez,1b,Rangers,2004,52,408236
Jeremy Guthrie,rhp,Indians,2004,53,425386
John Maine,rhp,Orioles,2004,54,429720
Kris Honel,rhp,White Sox,2004,55,425841
Justin Jones,lhp,Cubs,2004,56,455000
Ian Stewart,3b,Rockies,2004,57,456655
Clint Everts,rhp,Expos,2004,58,425847
Denny Bautista,rhp,Orioles,2004,59,429714
Mike Hinckley,lhp,Expos,2004,60,434479
Khalil Greene,ss,Padres,2004,61,425867
Bobby Jenks,rhp,Angels,2004,62,408057
Travis Blackley,lhp,Mariners,2004,63,429715
Sean Burnett,lhp,Pirates,2004,64,430634
Ryan Harvey,of,Cubs,2004,65,458243
J.D. Durbin,rhp,Twins,2004,66,429716
Scott Olsen,lhp,Marlins,2004,67,435179
Chris Lubanski,of,Royals,2004,68,455957
Manny Parra,lhp,Brewers,2004,69,448159
Jose Lopez,ss/2b,Mariners,2004,70,430946
Alberto Callaspo,2b,Angels,2004,71,430948
Gabe Gross,of,Blue Jays,2004,72,408212
Adam LaRoche,1b,Braves,2004,73,425560
Jason Bay,of,Pirates,2004,74,424726
Bubba Nelson,rhp,Braves,2004,75,425793
Fausto Carmona,rhp,Indians,2004,76,433584
Andy Sisco,lhp,Cubs,2004,77,434878
Kelly Shoppach,c,Red Sox,2004,78,431159
Michael Aubrey,1b,Indians,2004,79,430956
John Danks,lhp,Rangers,2004,80,433579
Matt Moses,3b,Twins,2004,81,456420
Dan Meyer,lhp,Braves,2004,82,119009
Dustin Nippert,rhp,Diamondbacks,2004,83,430962
Mike Jones,rhp,Brewers,2004,84,116710
Felix Pie,of,Cubs,2004,85,429712
Lastings Milledge,of,Mets,2004,86,451186
Francisco Rosario,rhp,Blue Jays,2004,87,425564
Matt Peterson,rhp,Mets,2004,88,431149
Jesse Crain,rhp,Twins,2004,89,430884
Nick Markakis,of,Orioles,2004,90,455976
Matt Cain,rhp,Giants,2004,91,430912
Bobby Brownlie,rhp,Cubs,2004,92,458222
Jeff Francis,lhp,Rockies,2004,93,433585
Jayson Nix,2b,Rockies,2004,94,434624
Joey Gathright,of,Devil Rays,2004,95,431157
Aaron Hill,ss,Blue Jays,2004,96,431094
Bryan Bullington,rhp,Pirates,2004,97,425860
Brent Clevlen,of,Tigers,2004,98,459334
Jake Dittler,rhp,Indians,2004,99,434618
Jason Lane,of,Astros,2004,100,407835
Mark Teixeira,3b,Rangers,2003,1,407893
Rocco Baldelli,of,Devil Rays,2003,2,408306
Jose Reyes,ss,Mets,2003,3,408314
Joe Mauer,c,Twins,2003,4,408045
Jesse Foppert,rhp,Giants,2003,5,425817
Jose Contreras,rhp,Yankees,2003,6,425747
Brandon Phillips,2b/ss,Indians,2003,7,408252
Hideki Matsui,of,Yankees,2003,8,425686
Gavin Floyd,rhp,Phillies,2003,9,425856
Francisco Rodriguez,rhp,Angels,2003,10,408061
Scott Kazmir,lhp,Mets,2003,11,431148
Miguel Cabrera,3b,Marlins,2003,12,408234
Casey Kotchman,1b,Angels,2003,13,425773
Justin Morneau,1b,Twins,2003,14,408047
Jason Stokes,1b,Marlins,2003,15,434593
Victor Martinez,c,Indians,2003,16,400121
Michael Cuddyer,of,Twins,2003,17,150212
Adam Wainwright,rhp,Braves,2003,18,425794
Hanley Ramirez,ss,Red Sox,2003,19,434670
Jeremy Bonderman,rhp,Tigers,2003,20,425827
Upton,ss,Devil Rays,2003,21,425834
Hee Seop Choi,1b,Cubs,2003,22,400292
Brad Nelson,1b,Brewers,2003,23,434525
John VanBenschoten,rhp,Pirates,2003,24,429724
Sean Burnett,lhp,Pirates,2003,25,430634
Scott Hairston,2b,Diamondbacks,2003,26,430668
Rafael Soriano,rhp,Mariners,2003,27,400089
Joe Borchard,of,White Sox,2003,28,400021
Rich Harden,rhp,Athletics,2003,29,425848
Cliff Lee,lhp,Indians,2003,30,117599
Adrian Gonzalez,1b,Marlins,2003,31,408236
Colby Lewis,rhp,Rangers,2003,32,407890
Josh Hamilton,of,Devil Rays,2003,33,285078
James Loney,1b,Dodgers,2003,34,425766
Jonathan Figueroa,lhp,Dodgers,2003,35,467004
Dustin McGowan,rhp,Blue Jays,2003,36,430661
Michael Restovich,of,Twins,2003,37,282879
Jose Lopez,ss,Mariners,2003,38,430946
Chris Snelling,of,Mariners,2003,39,421684
Andy Marte,3b,Braves,2003,40,429708
Aaron Cook,rhp,Rockies,2003,41,346871
Franklyn German,rhp,Tigers,2003,42,407883
Dontrelle Willis,lhp,Marlins,2003,43,425883
Xavier Nady,of,Padres,2003,44,294558
Aaron Heilman,rhp,Mets,2003,45,408310
Travis Hafner,1b,Indians,2003,46,400098
Angel Guzman,rhp,Cubs,2003,47,425768
Jeff Mathis,c,Angels,2003,48,425772
Wilson Betemit,3b,Braves,2003,49,400140
Jerome Williams,rhp,Giants,2003,50,425532
Johan Santana,rhp,Angels,2003,51,276371
Bryan Bullington,rhp,Pirates,2003,52,425860
Andy Sisco,lhp,Cubs,2003,53,434878
Zack Greinke,rhp,Royals,2003,54,425844
Juan Rivera,of,Yankees,2003,55,407487
Mike Jones,rhp,Brewers,2003,56,116710
Khalil Greene,ss,Padres,2003,57,425867
Bubba Nelson,rhp,Braves,2003,58,425793
Mike Gosling,lhp,Diamondbacks,2003,59,428420
Bobby Jenks,rhp,Angels,2003,60,408057
Shin-Soo Choo,of,Mariners,2003,61,425783
Clint Everts,rhp,Expos,2003,62,425847
Marlon Byrd,of,Phillies,2003,63,407781
Kurt Ainsworth,rhp,Giants,2003,64,215128
Lyle Overbay,1b,Diamondbacks,2003,65,407489
Justin Huber,c,Mets,2003,66,408311
John Buck,c,Astros,2003,67,407833
Macay McBride,lhp,Braves,2003,68,434680
Bobby Basham,rhp,Reds,2003,69,428460
Jeremy Guthrie,rhp,Indians,2003,70,425386
Josh Karp,rhp,Expos,2003,71,408247
Felix Pie,of,Cubs,2003,72,429712
Kris Honel,rhp,White Sox,2003,73,425841
Dewon Brazelton,rhp,Devil Rays,2003,74,407376
David Wright,3b,Mets,2003,75,431151
Clint Nageotte,rhp,Mariners,2003,76,425788
Chris Gruler,rhp,Reds,2003,77,459303
Prince Fielder,1b,Brewers,2003,78,425902
John Patterson,rhp,Diamondbacks,2003,79,120292
Ben Kozlowski,lhp,Rangers,2003,80,420684
Chase Utley,3b/2b,Phillies,2003,81,400284
Todd Linden,of,Giants,2003,82,425821
Francisco Liriano,lhp,Giants,2003,83,434538
Mark Phillips,lhp,Padres,2003,84,460660
Laynce Nix,of,Rangers,2003,85,425556
Jose Castillo,ss,Pirates,2003,86,425489
Wily Mo Pena,of,Reds,2003,87,276377
Taylor Buchholz,rhp,Phillies,2003,88,430587
Donald Levinski,rhp,Marlins,2003,89,408248
Ben Hendrickson,rhp,Brewers,2003,90,430608
Corey Hart,3b/1b,Brewers,2003,91,430611
Jon Rauch,rhp,White Sox,2003,92,400010
Chin-Hui Tsao,rhp,Rockies,2003,93,425835
Jayson Werth,of/c,Blue Jays,2003,94,150029
Jeff Francoeur,of,Braves,2003,95,425796
Mike Hinckley,lhp,Expos,2003,96,434479
Jason Arnold,rhp,Blue Jays,2003,97,424365
Seth McClung,rhp,Devil Rays,2003,98,425528
Edwin Jackson,rhp,Dodgers,2003,99,429719
Nic Jackson,of,Cubs,2003,100,425482
Josh Beckett,rhp,Marlins,2002,1,277417
Mark Prior,rhp,Cubs,2002,2,407578
Hank Blalock,3b,Rangers,2002,3,408213
Sean Burroughs,3b,Padres,2002,4,284568
Carlos Pena,1b,Athletics,2002,5,150289
Juan Cruz,rhp,Cubs,2002,6,407297
Joe Mauer,c,Twins,2002,7,408045
Wilson Betemit,ss,Braves,2002,8,400140
Drew Henson,3b,Yankees,2002,9,408214
Mark Teixeira,3b,Rangers,2002,10,407893
Austin Kearns,of,Reds,2002,11,400290
Joe Borchard,of,White Sox,2002,12,400021
Nick Johnson,1b,Yankees,2002,13,276376
Ryan Anderson,lhp,Mariners,2002,14,284571
Angel Berroa,ss,Royals,2002,15,407556
Dennis Tankersley,rhp,Padres,2002,16,407807
Nick Neugebauer,rhp,Brewers,2002,17,400302
Josh Hamilton,of,Devil Rays,2002,18,285078
Jerome Williams,rhp,Giants,2002,19,425532
Brandon Phillips,ss,Expos,2002,20,408252
Justin Morneau,1b,Twins,2002,21,408047
Casey Kotchman,1b,Angels,2002,22,425773
Jon Rauch,rhp,White Sox,2002,23,400010
Carlos Hernandez,lhp,Astros,2002,24,115815
Ty Howington,lhp,Reds,2002,25,280058
Marlon Byrd,of,Phillies,2002,26,407781
Michael Cuddyer,3b/of,Twins,2002,27,150212
Jake Peavy,rhp,Padres,2002,28,408241
Boof Bonser,rhp,Giants,2002,29,425818
Rafael Soriano,rhp,Mariners,2002,30,400089
Adrian Gonzalez,1b,Marlins,2002,31,408236
Corwin Malone,lhp,White Sox,2002,32,408096
Brett Myers,rhp,Phillies,2002,33,408206
Jose Reyes,ss,Mets,2002,34,408314
Kazuhisa Ishii,lhp,Dodgers,2002,35,408193
Josh Phelps,c,Blue Jays,2002,36,150482
Brandon Claussen,lhp,Yankees,2002,37,407799
Miguel Cabrera,ss,Marlins,2002,38,408234
Xavier Nady,1b,Padres,2002,39,294558
Hee Seop Choi,1b,Cubs,2002,40,400292
House,c,Pirates,2002,41,407399
Adam Wainwright,rhp,Braves,2002,42,425794
John Buck,c,Astros,2002,43,407833
Jimmy Journell,rhp,Cardinals,2002,44,407867
David Kelton,3b,Cubs,2002,45,407778
Chris Snelling,of,Mariners,2002,46,421684
Kelly Johnson,ss,Braves,2002,47,430637
Bobby Hill,2b,Cubs,2002,48,407930
Mario Ramos,lhp,Rangers,2002,49,407398
Jimmy Gobble,lhp,Royals,2002,50,425471
Chris Burke,ss,Astros,2002,51,429663
Antonio Perez,ss,Mariners,2002,52,407815
Jason Lane,of,Astros,2002,53,407835
Mark Phillips,lhp,Padres,2002,54,460660
Nate Cornejo,rhp,Tigers,2002,55,407074
Gavin Floyd,rhp,Phillies,2002,56,425856
Dewon Brazelton,rhp,Devil Rays,2002,57,407376
Kurt Ainsworth,rhp,Giants,2002,58,215128
Carl Crawford,of,Devil Rays,2002,59,408307
Seung Song,rhp,Red Sox,2002,60,424705
Chin-Hui Tsao,rhp,Rockies,2002,61,425835
Brad Wilkerson,of,Expos,2002,62,150415
Mike Restovich,of,Twins,2002,63,282879
Chin-Feng Chen,of,Dodgers,2002,64,282600
Wily Mo Pena,of,Reds,2002,65,276377
Brett Evert,rhp,Braves,2002,66,425559
Juan Rivera,of,Yankees,2002,67,407487
Nic Jackson,of,Cubs,2002,68,425482
Ricardo Rodriguez,rhp,Dodgers,2002,69,400156
Jayson Werth,c,Blue Jays,2002,70,150029
Alex Escobar,of,Indians,2002,71,276510
Clint Nageotte,rhp,Mariners,2002,72,425788
Corey Smith,3b,Indians,2002,73,430647
Bobby Jenks,rhp,Angels,2002,74,408057
Gabe Gross,of,Blue Jays,2002,75,408212
John-Ford Griffin,of,Yankees,2002,76,424366
Jake Gautreau,2b,Padres,2002,77,425866
Aaron Heilman,rhp,Mets,2002,78,408310
Kenny Baugh,rhp,Tigers,2002,79,408297
Carlos Zambrano,rhp,Cubs,2002,80,407296
Orlando Hudson,2b,Blue Jays,2002,81,407861
Colby Lewis,rhp,Rangers,2002,82,407890
Tony Torcato,of,Giants,2002,83,407378
Mike Jones,rhp,Brewers,2002,84,116710
Adam Johnson,rhp,Twins,2002,85,407053
Chris Narveson,lhp,Cardinals,2002,86,429780
Denny Bautista,rhp,Marlins,2002,87,429714
J.D. Martin,rhp,Indians,2002,88,455605
Jon VanBenschoten,rhp,Pirates,2002,89,429724
Erik Bedard,lhp,Orioles,2002,90,407853
Eric Byrnes,of,Athletics,2002,91,291565
Ramon Vazquez,ss,Padres,2002,92,407496
Tony Blanco,3b,Red Sox,2002,93,433592
Joe Crede,3b,White Sox,2002,94,150317
Omar Infante,ss,Tigers,2002,95,408299
Matt Belisle,rhp,Braves,2002,96,279571
Victor Martinez,c,Indians,2002,97,400121
Dustin McGowan,rhp,Blue Jays,2002,98,430661
Ryan Dittfurth,rhp,Rangers,2002,99,407888
Jack Cust,of,Rockies,2002,100,400091
Josh Hamilton,of,Devil Rays,2001,1,285078
Corey Patterson,of,Cubs,2001,2,279913
Josh Beckett,rhp,Marlins,2001,3,277417
Jon Rauch,rhp,White Sox,2001,4,400010
Ben Sheets,rhp,Brewers,2001,5,282656
Sean Burroughs,3b,Padres,2001,6,284568
C.C. Sabathia,lhp,Indians,2001,7,282332
Ryan Anderson,lhp,Mariners,2001,8,284571
Ichiro Suzuki,of,Mariners,2001,9,400085
Nick Johnson,1b,Yankees,2001,10,276376
Carlos Pena,1b,Rangers,2001,11,150289
Vernon Wells,of,Blue Jays,2001,12,150484
Roy Oswalt,rhp,Astros,2001,13,400061
Drew Henson,3b,Reds,2001,14,408214
Chin-Hui Tsao,rhp,Rockies,2001,15,425835
Antonio Perez,ss,Mariners,2001,16,407815
Juan Cruz,rhp,Cubs,2001,17,407297
Alex Escobar,of,Mets,2001,18,276510
Jerome Williams,rhp,Giants,2001,19,425532
Bobby Bradley,rhp,Pirates,2001,20,425490
R House,c,Pirates,2001,21,407399
Hee Seop Choi,1b,Cubs,2001,22,400292
Joe Borchard,of,White Sox,2001,23,400021
Austin Kearns,of,Reds,2001,24,400290
Chris George,lhp,Royals,2001,25,114703
Donnie Bridges,rhp,Expos,2001,26,400110
Alfonso Soriano,ss,Yankees,2001,27,150093
Matt Belisle,rhp,Braves,2001,28,279571
Wilson Betemit,ss,Braves,2001,29,400140
Kurt Ainsworth,rhp,Giants,2001,30,215128
Jimmy Rollins,ss,Phillies,2001,31,276519
Felipe Lopez,ss,Blue Jays,2001,32,150479
Adam Dunn,of,Reds,2001,33,276055
Jose Ortiz,2b,Athletics,2001,34,120076
Brad Wilkerson,of,Expos,2001,35,150415
Joe Crede,3b,White Sox,2001,36,150317
Ben Christensen,rhp,Cubs,2001,37,279908
Jack Cust,of/1b,Diamondbacks,2001,38,400091
Bud Smith,lhp,Cardinals,2001,39,406873
Jacob Peavy,rhp,Padres,2001,40,408241
Adam Johnson,rhp,Twins,2001,41,407053
Albert Pujols,3b,Cardinals,2001,42,405395
Aubrey Huff,3b,Devil Rays,2001,43,333492
Matt Ginter,rhp,White Sox,2001,44,215197
Wes Anderson,rhp,Marlins,2001,45,346860
Angelo Jimenez,ss,Yankees,2001,46,150090
Brett Myers,rhp,Phillies,2001,47,408206
Dee Brown,of,Royals,2001,48,150202
Tim Redding,rhp,Astros,2001,49,400062
Joe Torres,lhp,Angels,2001,50,445229
Matt McClendon,rhp,Braves,2001,51,407909
Jason Standridge,rhp,Devil Rays,2001,52,285075
Wascar Serrano,rhp,Padres,2001,53,150444
Marcus Giles,2b,Braves,2001,54,279578
Michael Cuddyer,3b,Twins,2001,55,150212
Kevin Mench,of,Rangers,2001,56,407891
Wilfredo Rodriguez,lhp,Astros,2001,57,276360
Mike Bynum,lhp,Padres,2001,58,407803
Jason Hart,1b,Athletics,2001,59,400071
Tony Torcato,3b,Giants,2001,60,407378
Dan Wright,rhp,White Sox,2001,61,216106
Alex Cintron,ss,Diamondbacks,2001,62,400090
Pat Strange,rhp,Mets,2001,63,407882
Brian Cole,of,Mets,2001,64,444021
Jovanny Cedeno,rhp,Rangers,2001,65,400097
Adrian Hernandez,rhp,Yankees,2001,66,406324
Brandon Inge,c,Tigers,2001,67,276346
Carlos Zambrano,rhp,Cubs,2001,68,407296
Jesus Colome,rhp,Devil Rays,2001,69,400125
Eric Munson,1b,Tigers,2001,70,276347
Francisco Rodriguez,rhp,Angels,2001,71,408061
Carl Crawford,of,Devil Rays,2001,72,408307
Luis Montanez,ss,Cubs,2001,73,428642
Dane Sardinha,c,Reds,2001,74,400154
Abraham Nunez,of,Marlins,2001,75,346863
Brad Baker,rhp,Red Sox,2001,76,434580
Dernell Stenson,1b/of,Red Sox,2001,77,275932
Brad Baisley,rhp,Phillies,2001,78,407780
Mike MacDougal,rhp,Royals,2001,79,213680
Joel Pineiro,rhp,Mariners,2001,80,334492
Ryan Ludwick,of,Athletics,2001,81,407886
Xavier Nady,3b,Padres,2001,82,294558
Nick Neugebauer,rhp,Brewers,2001,83,400302
Justin Miller,rhp,Athletics,2001,84,277405
Lance Niekro,3b,Giants,2001,85,408067
Chin-Feng Chen,of,Dodgers,2001,86,282600
Tony Blanco,3b,Red Sox,2001,87,433592
Danys Baez,rhp,Indians,2001,88,276056
Adrian Gonzalez,1b,Marlins,2001,89,408236
David Espinosa,ss/2b,Reds,2001,90,400153
Miguel Cabrera,ss,Marlins,2001,91,408234
Jason Marquis,rhp,Braves,2001,92,150302
Luis Rivas,2b,Twins,2001,93,276372
Juan Uribe,ss,Rockies,2001,94,346874
Ramon Santiago,ss,Tigers,2001,95,421124
Keith Reed,of,Orioles,2001,96,407910
Adam Wainwright,rhp,Braves,2001,97,425794
Chris Snelling,of,Mariners,2001,98,421684
Joe Lawrence,c,Blue Jays,2001,99,150478
Matt White,rhp,Devil Rays,2001,100,285076
Rick Ankiel,lhp,Cardinals,2000,1,150449
Pat Burrell,1b/of,Phillies,2000,2,150100
Corey Patterson,of,Cubs,2000,3,279913
Vernon Wells,of,Blue Jays,2000,4,150484
Nick Johnson,1b,Yankees,2000,5,276376
Ruben Mateo,of,Rangers,2000,6,150288
Sean Burroughs,3b,Padres,2000,7,284568
Rafael Furcal,ss,Braves,2000,8,279577
Ryan Anderson,lhp,Mariners,2000,9,284571
John Patterson,rhp,Diamondbacks,2000,10,120292
Dee Brown,of,Royals,2000,11,150202
Mark Mulder,lhp,Athletics,2000,12,150426
Josh Hamilton,of,Devil Rays,2000,13,285078
Kip Wells,rhp,White Sox,2000,14,150337
Matt Riley,lhp,Orioles,2000,15,235494
Alfonso Soriano,ss,Yankees,2000,16,150093
Chin-Feng Chen,of,Dodgers,2000,17,282600
Michael Cuddyer,3b,Twins,2000,18,150212
Josh Beckett,rhp,Marlins,2000,19,277417
Burnett,rhp,Marlins,2000,20,150359
Gookie Dawkins,ss,Reds,2000,21,235194
Brad Penny,rhp,Marlins,2000,22,207267
Eric Munson,1b/c,Tigers,2000,23,276347
Drew Henson,3b,Reds,2000,24,408214
Wilfredo Rodriguez,lhp,Astros,2000,25,276360
Michael Restovich,of,Twins,2000,26,282879
Tony Armas,rhp,Expos,2000,27,110318
Ramon Ortiz,rhp,Angels,2000,28,150009
Francisco Cordero,rhp,Rangers,2000,29,150188
Abraham Nunez,of,Marlins,2000,30,346863
Jack Cust,of,Diamondbacks,2000,31,400091
Jon Garland,rhp,White Sox,2000,32,279782
Chad Hermansen,of,Pirates,2000,33,150252
Alex Escobar,of,Mets,2000,34,276510
Ben Petrick,c,Rockies,2000,35,150052
Milton Bradley,of,Expos,2000,36,150396
Lance Berkman,of,Astros,2000,37,204020
Felipe Lopez,ss,Blue Jays,2000,38,150479
Danys Baez,rhp,Indians,2000,39,276056
Chris George,lhp,Royals,2000,40,114703
Barry Zito,lhp,Athletics,2000,41,217096
Choo Freeman,of,Rockies,2000,42,425551
Wes Anderson,rhp,Marlins,2000,43,346860
Matthew LeCroy,c,Twins,2000,44,150220
Chad Hutchinson,rhp,Cardinals,2000,45,150454
George Lombard,of,Braves,2000,46,136601
Jason Standridge,rhp,Devil Rays,2000,47,285075
Jayson Werth,c,Orioles,2000,48,150029
Eric Gagne,rhp,Dodgers,2000,49,150378
Steve Lomasney,c,Red Sox,2000,50,206565
Luis Rivera,rhp,Braves,2000,51,121248
Brad Baisley,rhp,Phillies,2000,52,407780
Jesus Colome,rhp,Athletics,2000,53,400125
Wascar Serrano,rhp,Padres,2000,54,150444
Ed Yarnall,lhp,Reds,2000,55,150097
Adam Dunn,of,Reds,2000,56,276055
C.C. Sabathia,lhp,Indians,2000,57,282332
Kurt Ainsworth,rhp,Giants,2000,58,215128
Rob Bell,rhp,Reds,2000,59,150174
Julio Ramirez,of,Marlins,2000,60,150369
Peter Bergeron,of,Expos,2000,61,150395
Pablo Ozuna,2b/ss,Marlins,2000,62,150367
Aaron Myette,rhp,White Sox,2000,63,150329
Adam Eaton,rhp,Padres,2000,64,284566
Ben Sheets,rhp,Brewers,2000,65,282656
Dernell Stenson,1b,Red Sox,2000,66,275932
Cesar Izturis,ss,Blue Jays,2000,67,285131
Jason Romano,2b,Rangers,2000,68,400099
Wade Miller,rhp,Astros,2000,69,150063
Kyle Snyder,rhp,Royals,2000,70,216897
Mike Lamb,3b,Rangers,2000,71,150286
Jackson Melian,of,Reds,2000,72,367893
Carlos Guillen,3b,Mariners,2000,73,136722
Marcus Giles,2b,Braves,2000,74,279578
Dan Reichert,rhp,Royals,2000,75,150209
Adam Everett,ss,Astros,2000,76,276361
Hee Seop Choi,1b,Cubs,2000,77,400292
Pat Strange,rhp,Mets,2000,78,407882
Garbe,of,Twins,2000,79,408049
Chip Ambres,of,Marlins,2000,80,407876
Byung-Hyun Kim,rhp,Diamondbacks,2000,81,218294
Russ Branyan,3b,Indians,2000,82,137140
Orber Moreno,rhp,Royals,2000,83,150205
Grant Roberts,rhp,Mets,2000,84,150241
Ryan Christianson,c,Mariners,2000,85,284573
Luis Rivas,2b,Twins,2000,86,276372
Jason Jennings,rhp,Rockies,2000,87,407298
Wily Mo Pena,of,Yankees,2000,88,276377
D'Angelo Jimenez,ss,Yankees,2000,89,150090
Mario Encarnacion,of,Athletics,2000,90,276512
Tim Drew,rhp,Indians,2000,91,282328
Ramon Santiago,ss,Tigers,2000,92,421124
Adam Piatt,3b,Athletics,2000,93,276516
Sun Woo Kim,rhp,Red Sox,2000,94,279615
Jimmy Rollins,ss,Phillies,2000,95,276519
Joe Crede,3b,White Sox,2000,96,150317
Davis,of,Pirates,2000,97,121288
Aubrey Huff,3b,Devil Rays,2000,98,333492
Wilson Betemit,ss,Braves,2000,99,400140
Kenny Kelly,of,Devil Rays,2000,100,220305
J.D. Drew,of,Cardinals,1999,1,114774
Rick Ankiel,lhp,Cardinals,1999,2,150449
Eric Chavez,3b,Athletics,1999,3,136767
Bruce Chen,lhp,Braves,1999,4,136600
Brad Penny,rhp,Diamondbacks,1999,5,207267
Michael Barrett,3b/c,Expos,1999,6,136664
Ryan Anderson,lhp,Mariners,1999,7,284571
Pablo Ozuna,ss,Marlins,1999,8,150367
Ruben Mateo,of,Rangers,1999,9,150288
Matt Clement,rhp,Padres,1999,10,136725
Alex Escobar,of,Mets,1999,11,276510
Roy Halladay,rhp,Blue Jays,1999,12,136880
Lance Berkman,of,Astros,1999,13,204020
Carlos Beltran,of,Royals,1999,14,136860
John Patterson,rhp,Diamondbacks,1999,15,120292
Corey Patterson,of,Cubs,1999,16,279913
Alex Gonzalez,ss,Marlins,1999,17,136460
Nick Johnson,1b,Yankees,1999,18,276376
Pat Burrell,1b,Phillies,1999,19,150100
Matt Riley,lhp,Orioles,1999,20,235494
Burnett,rhp,Marlins,1999,21,150359
Dernell Stenson,of,Red Sox,1999,22,275932
Braden Looper,rhp,Marlins,1999,23,131702
Ben Davis,c,Padres,1999,24,150433
Ryan Bradley,rhp,Yankees,1999,25,136420
George Lombard,of,Braves,1999,26,136601
Mark Mulder,lhp,Athletics,1999,27,150426
Carlos Lee,3b,White Sox,1999,28,150324
Russell Branyan,3b,Indians,1999,29,137140
Carlos Febles,2b,Royals,1999,30,136866
Odalis Perez,lhp,Braves,1999,31,136602
Matt White,rhp,Devil Rays,1999,32,285076
Billy Koch,rhp,Blue Jays,1999,33,150477
Gabe Kapler,of,Tigers,1999,34,137002
Rob Bell,rhp,Reds,1999,35,150174
Michael Cuddyer,ss/3b,Twins,1999,36,150212
Chad Hermansen,of,Pirates,1999,37,150252
Calvin Pickering,1b,Orioles,1999,38,136730
Alfonso Soriano,ss,Yankees,1999,39,150093
Peter Bergeron,of,Expos,1999,40,150395
Angel Pena,c,Dodgers,1999,41,136723
Chad Hutchinson,rhp,Cardinals,1999,42,150454
Mitch Meluskey,c,Astros,1999,43,136581
Jason Grilli,rhp,Giants,1999,44,276351
Octavio Dotel,rhp,Mets,1999,45,136734
Joe Crede,3b,White Sox,1999,46,150317
Kevin McGlinchy,rhp,Braves,1999,47,150304
Julio Ramirez,of,Marlins,1999,48,150369
Ron Belliard,2b,Brewers,1999,49,150071
Michael Restovich,of,Twins,1999,50,282879
Jeff Weaver,rhp,TIgers,1999,51,213711
Jayson Werth,c,Orioles,1999,52,150029
Eric DuBose,lhp,Athletics,1999,53,276511
Brent Butler,ss,Cardinals,1999,54,150450
Jeff Austin,rhp,Royals,1999,55,406953
John Curtice,lhp,Red Sox,1999,56,441300
Orber Moreno,rhp,Royals,1999,57,150205
Mike Lowell,3b,Marlins,1999,58,136780
Kris Benson,rhp,Pirates,1999,59,150249
Rafael Furcal,ss,Braves,1999,60,279577
Freddy Garcia,rhp,Mariners,1999,61,114587
Junior Herndon,rhp,Padres,1999,62,400146
Luis Rivas,ss,Twins,1999,63,276372
Jeremy Giambi,of,Royals,1999,64,136605
Kelly Dransfeldt,2b/ss,Rangers,1999,65,150278
Ted Lilly,lhp,Expos,1999,66,150404
Felipe Lopez,ss,Blue Jays,1999,67,150479
Cristian Guzman,ss,Twins,1999,68,150217
Vernon Wells,of,Blue Jays,1999,69,150484
Ricky Ledee,of,Yankees,1999,70,133342
Luis Rivera,rhp,Braves,1999,71,121248
Jackson Melian,of,Yankees,1999,72,367893
Gary Matthews Jr,of,Padres,1999,73,150439
Darnell McDonald,of,Orioles,1999,74,150021
Choo Freeman,of,Rockies,1999,75,425551
Austin Kearns,of,Reds,1999,76,400290
Aaron Myette,rhp,White Sox,1999,77,150329
Gil Meche,rhp,Mariners,1999,78,219194
Grant Roberts,rhp,Mets,1999,79,150241
Wade Miller,rhp,Astros,1999,80,150063
Derrick Gibson,of,Rockies,1999,81,136763
Sean Burroughs,3b,Padres,1999,82,284568
Marlon Anderson,2b,Phillies,1999,83,136724
Warren Morris,2b,Pirates,1999,84,150255
Ben Petrick,c,Rockies,1999,85,150052
Milton Bradley,of,Expos,1999,86,150396
Carlos Guillen,2b,Mariners,1999,87,136722
Guillermo Mota,rhp,Expos,1999,88,150407
Jason Marquis,rhp,Braves,1999,89,150302
Tony Armas Jr,rhp,Expos,1999,90,150393
Wes Anderson,rhp,Marlins,1999,91,346860
Dermal Brown,of,Royals,1999,92,150202
Carlos Pena,1b,Rangers,1999,93,150289
Mike Darr,of,Padres,1999,94,113056
Chad Harville,rhp,Athletics,1999,95,150420
Randy Wolf,lhp,Phillies,1999,96,150116
Scott Williamson,rhp,Reds,1999,97,150182
Adam Kennedy,2b,Cardinals,1999,98,150456
Trot Nixon,of,Red Sox,1999,99,119811
Drew Henson,3b,Yankees,1999,100,408214
Ben Grieve,of,Athletics,1998,1,115132
Paul Konerko,1b/3b,Dodgers,1998,2,117244
Adrian Beltre,3b,Dodgers,1998,3,134181
Kerry Wood,rhp,Cubs,1998,4,134268
Aramis Ramirez,3b,Pirates,1998,5,133380
Matt White,rhp,Devil Rays,1998,6,285076
Kris Benson,rhp,Pirates,1998,7,150249
Travis Lee,1b,Diamondbacks,1998,8,134162
Carl Pavano,rhp,Expos,1998,9,134321
Miguel Tejada,ss,Athletics,1998,10,123173
Todd Helton,1b,Rockies,1998,11,115732
Mark Kotsay,of,Marlins,1998,12,117276
Chad Hermansen,2b,Pirates,1998,13,150252
Brad Fullmer,1b,Expos,1998,14,114485
Juan Encarnacion,of,Tigers,1998,15,113845
Matt Clement,rhp,Padres,1998,16,136725
Ruben Mateo,of,Rangers,1998,17,150288
Rick Ankiel,lhp,Cardinals,1998,18,150449
Richard Hidalgo,of,Astros,1998,19,115902
Sean Casey,1b,Indians,1998,20,112087
Darnell McDonald,of,Orioles,1998,21,150021
Brian Rose,rhp,Red Sox,1998,22,121450
Ryan Anderson,lhp,Mariners,1998,23,284571
Matt Anderson,rhp,Tigers,1998,24,150183
Eric Milton,lhp,Twins,1998,25,132980
Russell Branyan,3b,Indians,1998,26,137140
Bruce Chen,lhp,Braves,1998,27,136600
Scott Elarton,rhp,Astros,1998,28,134003
Grant Roberts,rhp,Mets,1998,29,150241
Eric Chavez,3b,Athletics,1998,30,136767
Cesar King,c,Rangers,1998,31,462602
Dermal Brown,of,Royals,1998,32,150202
Eli Marrero,c,Cardinals,1998,33,118305
Mike Caruso,ss,White Sox,1998,34,134267
Ryan Minor,3b,Orioles,1998,35,136861
Troy Glaus,3b,Angels,1998,36,136267
Rolando Arrojo,rhp,Devil Rays,1998,37,134361
Roy Halladay,rhp,Blue Jays,1998,38,136880
Braden Looper,rhp,Cardinals,1998,39,131702
Ruben Rivera,of,Padres,1998,40,121252
Francisco Cordero,rhp,Tigers,1998,41,150188
Hinch,c,Athletics,1998,42,134460
Carlos Lee,3b,White Sox,1998,43,150324
Luis Rivera,rhp,Braves,1998,44,121248
John Patterson,rhp,Diamondbacks,1998,45,120292
Ricky Ledee,of,Yankees,1998,46,133342
Derrek Lee,1b,Marlins,1998,47,117601
Alex Gonzalez,ss,Marlins,1998,48,136460
Ben Davis,c,Padres,1998,49,150433
Willie Martinez,rhp,Indians,1998,50,150346
Michael Coleman,of,Red Sox,1998,51,112482
Vernon Wells,of,Blue Jays,1998,52,150484
Ben Petrick,c,Rockies,1998,53,150052
Jason Grilli,rhp,Giants,1998,54,276351
Luis Rivas,ss,Twins,1998,55,276372
Magglio Ordonez,of,White Sox,1998,56,120044
Julio Ramirez,of,Marlins,1998,57,150369
Ryan Brannan,rhp,Phillies,1998,58,443913
Mike Judd,rhp,Dodgers,1998,59,116781
Ed Yarnall,lhp,Mets,1998,60,150097
Enrique Wilson,2b,Indians,1998,61,124388
Damian Jackson,ss,Reds,1998,62,116423
Corey Lee,lhp,Rangers,1998,63,150287
Lance Berkman,of,Astros,1998,64,204020
Abraham Nunez,ss,Pirates,1998,65,346863
Joe Fontenot,rhp,Marlins,1998,66,133227
Shawn Chacon,rhp,Rockies,1998,67,276336
Robbie Bell,rhp,Braves,1998,68,150174
Brent Butler,ss,Cardinals,1998,69,150450
Preston Wilson,of,Mets,1998,70,133343
Mike Lowell,3b,Yankees,1998,71,136780
Rafael Medina,rhp,Marlins,1998,72,133241
Jarrod Washburn,lhp,Angels,1998,73,132220
Ramon Hernandez,c,Athletics,1998,74,115831
Ramon Oritz,rhp,Angels,1998,75,150009
Wade Miller,rhp,Astros,1998,76,150063
Karim Garcia,of,Diamondbacks,1998,77,114588
Sidney Ponson,rhp,Orioles,1998,78,132260
Robinson Checo,rhp,Red Sox,1998,79,112226
Lorenzo Barcelo,rhp,White Sox,1998,80,150311
Derrick Gibson,of,Rockies,1998,81,136763
Gil Meche,rhp,Mariners,1998,82,219194
Javier Vazquez,rhp,Expos,1998,83,134320
David Ortiz,1b,Twins,1998,84,120074
Nelson Lara,rhp,Marlins,1998,85,150365
Juan Melo,ss,Padres,1998,86,150440
Todd Dunwoody,of,Marlins,1998,87,113646
Chris Reitsma,rhp,Red Sox,1998,88,277410
Valerio de los Santos,lhp,Brewers,1998,89,136304
Jeff Wallace,lhp,Pirates,1998,90,123862
Dennis Reyes,lhp,Dodgers,1998,91,121096
Orlando Cabrera,2b,Expos,1998,92,111851
George Lombard,of,Braves,1998,93,136601
Lariel Gonzalez,rhp,Rockies,1998,94,136764
Geoff Jenkins,of,Brewers,1998,95,132961
Geoff Goetz,lhp,Mets,1998,96,346861
Daryle Ward,1b,Astros,1998,97,132880
Jackson Melian,of,Yankees,1998,98,367893
Kevin Witt,1b,Blue Jays,1998,99,136901
Chris Enochs,rhp,Athletics,1998,100,434758
Andruw Jones,of,Braves,1997,1,116662
Vladimir Guerrero,of,Expos,1997,2,115223
Kerry Wood,rhp,Cubs,1997,3,134268
Matt White,rhp,Devil Rays,1997,4,285076
Travis Lee,1b,Diamondbacks,1997,5,134162
Miguel Tejeda,ss,Athletics,1997,6,123173
Todd Walker,3b,Twins,1997,7,123842
Kris Benson,rhp,Pirates,1997,8,150249
Ruben Rivera,of,Yankees,1997,9,121252
Nomar Garciaparra,ss,Red Sox,1997,10,114596
Paul Konerko,1b,Dodgers,1997,11,117244
Jose Cruz Jr,of,Mariners,1997,12,112903
Scott Rolen,3b,Phillies,1997,13,121409
Bartolo Colon,rhp,Indians,1997,14,112526
Derrek Lee,1b,Padres,1997,15,117601
Todd Helton,1b,Rockies,1997,16,115732
Carl Pavano,rhp,Red Sox,1997,17,134321
Ben Grieve,of,Athletics,1997,18,115132
Richard Hidalgo,of,Astros,1997,19,115902
Karim Garcia,of,Dodgers,1997,20,114588
Chad Hermansen,ss,Pirates,1997,21,150252
Jaret Wright,rhp,Indians,1997,22,124605
Roy Halladay,rhp,Blue Jays,1997,23,136880
Jose Guillen,of,Pirates,1997,24,115229
Matt Morris,rhp,Cardinals,1997,25,119403
Aramis Ramirez,3b,Pirates,1997,26,133380
Carlos Guillen,ss,Astros,1997,27,136722
Chris Carpenter,rhp,Blue Jays,1997,28,112020
Dmitri Young,1b,Cardinals,1997,29,124693
Adrian Beltre,3b,Dodgers,1997,30,134181
Mike Cameron,of,White Sox,1997,31,111904
Braden Looper,rhp,Cardinals,1997,32,131702
Neifi Perez,ss,Rockies,1997,33,120413
Jay Payton,of,Mets,1997,34,134341
Mike Drumright,rhp,Tigers,1997,35,436703
Juan Melo,ss,Padres,1997,36,150440
Eli Marrero,c,Cardinals,1997,37,118305
Bob Abreu,of,Astros,1997,38,110029
Kevin McGlinchy,rhp,Braves,1997,39,150304
Jackson Melian,of,Yankees,1997,40,367893
John Patterson,rhp,Diamondbacks,1997,41,120292
Kevin Orie,3b,Cubs,1997,42,120047
Felix Heredia,lhp,Marlins,1997,43,115803
Brian Rose,rhp,Red Sox,1997,44,121450
Joe Fontenot,rhp,Giants,1997,45,133227
Chris Reitsma,rhp,Red Sox,1997,46,277410
Willie Martinez,rhp,Indians,1997,47,150346
Ron Wright,1b,Pirates,1997,48,150263
Wilton Guerrero,2b,Dodgers,1997,49,115224
Hiram Bocachica,ss,Expos,1997,50,150375
Donnie Sadler,2b,Red Sox,1997,51,132620
Valerio de los Santos,lhp,Brewers,1997,52,136304
Eric Chavez,3b,Athletics,1997,53,136767
Alex Gonzalez,ss,Marlins,1997,54,136460
Seth Greisinger,rhp,Tigers,1997,55,133960
Jim Pittsley,rhp,Royals,1997,56,120609
Shannon Stewart,of,Blue Jays,1997,57,122784
Derrick Gibson,of,Rockies,1997,58,136763
Ben Davis,c,Padres,1997,59,150433
Jeff Suppan,rhp,Red Sox,1997,60,122987
Dan Kolb,rhp,Rangers,1997,61,150285
Ben Petrick,c,Rockies,1997,62,150052
Terrence Long,of,Mets,1997,63,150239
Rafael Medina,rhp,Yankees,1997,64,133241
Brad Fullmer,1b,Expos,1997,65,114485
Jarrod Washburn,lhp,Angels,1997,66,132220
Kelvim Escobar,rhp,Blue Jays,1997,67,113898
Manuel Aybar,rhp,Cardinals,1997,68,110403
Abraham Nunez,ss,Pirates,1997,69,119865
Luis Rivas,ss,Twins,1997,70,276372
Edgard Velasquez,of,Rockies,1997,71,568129
Pat Cline,c,Cubs,1997,72,438623
Enrique Wilson,ss,Indians,1997,73,124388
Billy Koch,rhp,Blue Jays,1997,74,150477
Jake Westbrook,rhp,Rockies,1997,75,150414
Vladimir Nunez,rhp,Diamondbacks,1997,76,136727
Mark Kotsay,of,Marlins,1997,77,117276
Geoff Jenkins,of,Brewers,1997,78,132961
Torii Hunter,of,Twins,1997,79,116338
Jeff Abbott,of,White Sox,1997,80,110010
Aaron Boone,3b,Reds,1997,81,111213
Bobby Seay,lhp,Devil Rays,1997,82,150144
Bruce Chen,lhp,Braves,1997,83,136600
Brett Tomko,rhp,Reds,1997,84,123387
Katsuhiro Maeda,rhp,Yankees,1997,85,466063
Wes Helms,3b,Braves,1997,86,136500
Russ Branyan,3b,Indians,1997,87,137140
Jimmy Anderson,lhp,Pirates,1997,88,150247
Glendon Rusch,lhp,Royals,1997,89,121556
Todd Dunwoody,of,Marlins,1997,90,113646
Brad Rigby,rhp,Athletics,1997,91,121197
Dante Powell,of,Giants,1997,92,120720
Carlos Beltran,of,Royals,1997,93,136860
George Lombard,of,Braves,1997,94,136601
Onan Masaoka,lhp,Dodgers,1997,95,150385
Nerio Rodriguez,rhp,Orioles,1997,96,121361
Bobby Estalella,c,Phillies,1997,97,113911
Sidney Ponson,rhp,Orioles,1997,98,132260
Chad Green,of,Brewers,1997,99,440162
Livan Hernandez,rhp,Marlin,1997,100,115817
Andruw Jones,of,Braves,1996,1,116662
Paul Wilson,rhp,Mets,1996,2,124417
Ruben Rivera,of,Yankees,1996,3,121252
Darin Erstad,of,Angels,1996,4,113889
Alan Benes,rhp,Cardinals,1996,5,110853
Derek Jeter,ss,Yankees,1996,6,116539
Karim Garcia,of,Dodgers,1996,7,114588
Livan Hernandez,rhp,Marlins,1996,8,115817
Vladimir Guerrero,of,Expos,1996,9,115223
Ben Davis,c,Padres,1996,10,150433
Jason Schmidt,rhp,Braves,1996,11,121834
Matt Drews,rhp,Yankees,1996,12,441723
Derrick Gibson,of,Rockies,1996,13,136763
Billy Wagner,lhp,Astros,1996,14,123790
Bartolo Colon,rhp,Indians,1996,15,112526
Kerry Wood,rhp,Cubs,1996,16,134268
Rey Ordonez,ss,Mets,1996,17,120045
Chan Ho Park,rhp,Dodgers,1996,18,120221
Rocky Coppinger,rhp,Orioles,1996,19,112662
Richard Hidalgo,of,Astros,1996,20,115902
Jay Payton,of,Mets,1996,21,134341
Todd Walker,3b,Twins,1996,22,123842
Jose Cruz Jr,of,Mariners,1996,23,112903
Jim Pittsley,rhp,Royals,1996,24,120609
Jeff D'Amico,rhp,Brewers,1996,25,113026
Jason Kendall,c,Pirates,1996,26,116974
Scott Rolen,3b,Phillies,1996,27,121409
Donnie Sadler,ss,Red Sox,1996,28,132620
Bob Abreu,of,Astros,1996,29,110029
Jermaine Dye,of,Braves,1996,30,113679
Jaime Jones,of,Marlins,1996,31,437702
Todd Helton,1b,Rockies,1996,32,115732
Edgar Renteria,ss,Marlins,1996,33,121074
Jaret Wright,rhp,Indians,1996,34,124605
Jeff Suppan,rhp,Red Sox,1996,35,122987
Nomar Garciaparra,ss,Red Sox,1996,36,114596
Ben Grieve,of,Athletics,1996,37,115132
Jimmy Haynes,rhp,Orioles,1996,38,115649
Trot Nixon,of,Red Sox,1996,39,119811
Marty Janzen,rhp,Blue Jays,1996,40,116495
Derrek Lee,1b,Padres,1996,41,117601
Paul Konerko,1b,Dodgers,1996,42,117244
Alex Ochoa,of,Mets,1996,43,119913
Todd Hollandsworth,of,Dodgers,1996,44,116075
Andy Yount,rhp,Red Sox,1996,45,436714
Shannon Stewart,of,Blue Jays,1996,46,122784
Brooks Kieschnick,of,Cubs,1996,47,117044
Ugueth Urbina,rhp,Expos,1996,48,123584
Geoff Jenkins,of,Brewers,1996,49,132961
Richie Sexson,1b,Indians,1996,50,122027
Jason Varitek,c,Mariners,1996,51,123660
Chris Snopek,3b,White Sox,1996,52,122494
Dustin Hermanson,rhp,Padres,1996,53,115812
Chad Hermansen,ss,Pirates,1996,54,150252
Andrew Vessel,of,Rangers,1996,55,438865
Matt Morris,rhp,Cardinals,1996,56,119403
Roger Cedeno,of,Dodgers,1996,57,112155
Jose Valentin,c,Twins,1996,58,123610
Todd Greene,c,Angels,1996,59,115103
Pokey Reese,ss,Reds,1996,60,121009
Wilton Guerrero,ss,Dodgers,1996,61,115224
Mike Drumright,rhp,Tigers,1996,62,436703
Neifi Perez,ss,Rockies,1996,63,120413
Terrell Wade,lhp,Braves,1996,64,123773
Enrique Wilson,ss,Indians,1996,65,124388
Jamey Wright,rhp,Rockies,1996,66,124604
Jay Powell,rhp,Marlins,1996,67,120717
Brad Fullmer,1b-3b,Expos,1996,68,114485
Doug Million,lhp,Rockies,1996,69,438549
LaTroy Hawkins,rhp,Twins,1996,70,115629
Steve Gibralter,of,Reds,1996,71,114746
Shawn Estes,lhp,Giants,1996,72,113915
Hiram Bocachica,ss,Expos,1996,73,150375
Carlos Guillen,ss,Astros,1996,74,136722
Robert Smith,3b,Braves,1996,75,134360
Dan Serafini,lhp,Twins,1996,76,122007
Scott Elarton,rhp,Astros,1996,77,134003
Brian Rose,rhp,Red Sox,1996,78,121450
Luis Castillo,2b,Marlins,1996,79,112116
Julio Santana,rhp,Rangers,1996,80,121690
Antone Williamson,3b,Brewers,1996,81,124349
Chris Carpenter,rhp,Blue Jays,1996,82,112020
Glendon Rusch,lhp,Royals,1996,83,121556
John Wasdin,rhp,Athletics,1996,84,123955
Brad Rigby,rhp,Athletics,1996,85,121197
Danny Graves,rhp,Indians,1996,86,115056
Steve Cox,1b,Athletics,1996,87,150132
Miguel Tejeda,ss,Athletics,1996,88,123173
Desi Relaford,2b,Mariners,1996,89,121058
Trey Beamon,of,Pirates,1996,90,110730
Jeff Abbott,of,White Sox,1996,91,110010
Gabe Alvarez,ss,Padres,1996,92,134080
Jose Pett,rhp,Blue Jays,1996,93,465122
Preston Wilson,of,Mets,1996,94,133343
Damon Hollins,of,Braves,1996,95,132360
Joe Fontenot,rhp,Giants,1996,96,133227
John Frascatore,rhp,Cardinals,1996,97,114388
Michael Coleman,of,Red Sox,1996,98,112482
Billy Percibal,rhp,Orioles,1996,99,445892
Josh Booty,3b,Marlins,1996,100,111225
Alex Rodriguez,ss,Mariners,1995,1,121347
Ruben Rivera,of,Yankees,1995,2,121252
Chipper Jones,ss,Braves,1995,3,116706
Derek Jeter,ss,Yankees,1995,4,116539
Brian Hunter,of,Astros,1995,5,116326
Shawn Green,of,Blue Jays,1995,6,115094
Charles Johnson,c,Marlins,1995,7,116569
Alex Gonzalez,ss,Blue Jays,1995,8,114924
Johnny Damon,of,Royals,1995,9,113028
Ben Grieve,of,Athletics,1995,10,115132
Armando Benitez,rhp,Orioles,1995,11,110859
Bill Pulsipher,lhp,Mets,1995,12,120802
Todd Hollandsworth,of,Dodgers,1995,13,116075
Alan Benes,rhp,Cardinals,1995,14,110853
Antonio Osuna,rhp,Dodgers,1995,15,120107
Paul Wilson,rhp,Mets,1995,16,124417
Billy Wagner,lhp,Astros,1995,17,123790
Dustin Hermanson,rhp,Padres,1995,18,115812
Doug Million,lhp,Rockies,1995,19,438549
Rey Ordonez,ss,Mets,1995,20,120045
Andruw Jones,of,Braves,1995,21,116662
Nomar Garciaparra,ss,Red Sox,1995,22,114596
Scott Ruffcorn,rhp,White Sox,1995,23,121544
Josh Booty,3b,Marlins,1995,24,111225
James Baldwin,rhp,White Sox,1995,25,110503
Roger Cedeno,of,Dodgers,1995,26,112155
Ugueth Urbina,rhp,Expos,1995,27,123584
Ray Durham,2b,White Sox,1995,28,113660
Marc Newfield,of,Mariners,1995,29,119737
LaTroy Hawkins,rhp,Twins,1995,30,115629
Edgardo Alfonzo,3b,Mets,1995,31,110135
Michael Tucker,of,Royals,1995,32,123494
Jose Silva,rhp,Blue Jays,1995,33,122231
Richard Hidalgo,of,Astros,1995,34,115902
Alex Ochoa,of,Orioles,1995,35,119913
Frank Rodriguez,rhp,Red Sox,1995,36,470059
Jason Isringhausen,rhp,Mets,1995,37,116414
Paul Konerko,c,Dodgers,1995,38,117244
Jim Pittsley,rhp,Royals,1995,39,120609
Todd Walker,2b,Twins,1995,40,123842
Chan Ho Park,rhp,Dodgers,1995,41,120221
Jason Schmidt,rhp,Braves,1995,42,121834
Trey Beamon,of,Pirates,1995,43,110730
Julio Santana,rhp,Rangers,1995,44,121690
Jimmy Haynes,rhp,Orioles,1995,45,115649
Trot Nixon,of,Red Sox,1995,46,119811
Brian Barber,rhp,Cardinals,1995,47,110548
Pokey Reese,ss,Reds,1995,48,121009
Andy Pettitte,lhp,Yankees,1995,49,120485
Jeff Suppan,rhp,Red Sox,1995,50,122987
Orlando Miller,ss,Astros,1995,51,119101
Bob Abreu,of,Astros,1995,52,110029
John Wasdin,rhp,Athletics,1995,53,123955
Terrell Wade,lhp,Braves,1995,54,123773
Juan Acevedo,rhp,Rockies,1995,55,110032
Andy Larkin,rhp,Marlins,1995,56,117500
Benji Gil,ss,Rangers,1995,57,114768
Everett Stull,rhp,Expos,1995,58,122904
Phil Nevin,3b,Astros,1995,59,119732
Raul Casanova,c,Padres,1995,60,112077
Sergio Nunez,2b,Royals,1995,61,471250
Ron Villone,lhp,Mariners,1995,62,123725
Scott Elarton,rhp,Astros,1995,63,134003
Antone Williamson,3b,Brewers,1995,64,124349
Hiram Bocachica,ss,Expos,1995,65,150375
Jaret Wright,rhp,Indians,1995,66,124605
Paul Shuey,rhp,Indians,1995,67,122201
Curtis Goodwin,of,Orioles,1995,68,114957
Marc Kroon,rhp,Padres,1995,69,117327
Marc Barcelo,rhp,Twins,1995,70,443370
Andrew Lorraine,lhp,Angels,1995,71,117929
Shannon Stewart,of,Blue Jays,1995,72,122784
Phillips,1b,Giants,1995,73,120182
Jeff Granger,lhp,Royals,1995,74,115040
Jimmy Hurst,of,White Sox,1995,75,116353
Glenn Williams,ss,Braves,1995,76,435403
Angel Martinez,c,Blue Jays,1995,77,118359
Russ Davis,3b,Yankees,1995,78,113137
Matt Drews,rhp,Yankees,1995,79,441723
Daron Kirkreit,rhp,Indians,1995,80,443368
Derrek Lee,1b,Padres,1995,81,117601
Brooks Kieschnick,1b-of,Cubs,1995,82,117044
Pat Watkins,of,Reds,1995,83,123980
Bret Wagner,lhp,Cardinals,1995,84,439135
Vladimir Guerrero,of,Expos,1995,85,115223
Tony Clark,1b,Tigers,1995,86,112316
Nitkowski,lhp,Reds,1995,87,119809
Jermaine Dye,of,Braves,1995,88,113679
Marc Valdes,rhp,Marlins,1995,89,123596
Dante Powell,of,Giants,1995,90,120720
Scott Rolen,3b,Phillies,1995,91,121409
Desi Relaford,ss,Mariners,1995,92,121058
Garrett Anderson,of,Angels,1995,93,110236
Jose Malave,of,Red Sox,1995,94,118187
Carl Everett,of,Mets,1995,95,113946
Jay Payton,of,Mets,1995,96,134341
Jose Herrera,of,Athletics,1995,97,115841
Karim Garcia,of,Dodgers,1995,98,114588
Damon Hollins,of,Braves,1995,99,132360
Chris Carpenter,rhp,Blue Jays,1995,100,112020
Cliff Floyd,1b,Expos,1994,1,114260
Chipper Jones,ss,Braves,1994,2,116706
Jeffrey Hammonds,of,Orioles,1994,3,115394
Alex Gonzalez,ss,Blue Jays,1994,4,114924
Carlos Delgado,c,Blue Jays,1994,5,113232
Alex Rodriguez,ss,Mariners,1994,6,121347
Manny Ramirez,of,Indians,1994,7,120903
James Baldwin,rhp,White Sox,1994,8,110503
Rondell White,of,Expos,1994,9,124185
Jose Silva,rhp,Blue Jays,1994,10,122231
Darren Dreifort,rhp,Dodgers,1994,11,113554
Steve Karsay,rhp,Athletics,1994,12,116853
Trot Nixon,of,Red Sox,1994,13,119811
Chan Ho Park,rhp,Dodgers,1994,14,120221
Ryan Klesko,1b-of,Braves,1994,15,117148
Derek Jeter,ss,Yankees,1994,16,116539
Javy Lopez,c,Braves,1994,17,117919
Brien Taylor,lhp,Yankees,1994,18,447688
Jeff Granger,lhp,Royals,1994,19,115040
Charles Johnson,c,Marlins,1994,20,116569
Bill Pulsipher,lhp,Mets,1994,21,120802
Salomon Torres,rhp,Giants,1994,22,123415
Benji Gil,ss,Rangers,1994,23,114768
Phil Nevin,3b,Astros,1994,24,119732
Michael Tucker,2b,Royals,1994,25,123494
Russ Davis,3b,Yankees,1994,26,113137
Todd Hollandsworth,of,Dodgers,1994,27,116075
Shawn Gree,of,Blue Jays,1994,28,115094
Terrell Wade,lhp,Braves,1994,29,123773
Brian Barber,rhp,Cardinals,1994,30,110548
Johnny Damon,of,Royals,1994,31,113028
Scott Ruffcorn,rhp,White Sox,1994,32,121544
Midre Cummings,of,Pirates,1994,33,112937
Makato Suzuki,rhp,Mariners,1994,34,123010
Marc Newfield,of,Mariners,1994,35,119737
Tyler Green,rhp,Phillies,1994,36,115095
Rich Becker,of,Twins,1994,37,110772
Roger Cedeno,of,Dodgers,1994,38,112155
Frank Rodriguez,rhp,Red Sox,1994,39,470059
Joey Eischen,lhp,Expos,1994,40,113784
Pokey Reese,ss,Reds,1994,41,121009
Alex Ochoa,of,Orioles,1994,42,119913
Preston Wilson,3b,Mets,1994,43,133343
Brooks Kieschnick,of,Cubs,1994,44,117044
Rick Helling,rhp,Rangers,1994,45,115727
Orlando Miller,ss,Astros,1994,46,119101
Brian Hunter,of,Astros,1994,47,116326
Chad Mottola,of,Reds,1994,48,119456
John Burke,rhp,Rockies,1994,49,111721
Dmitri Young,1b,Cardinals,1994,50,124693
Raul Mondesi,of,Dodgers,1994,51,119247
Carl Everett,of,Marlins,1994,52,113946
Johnny Ruffin,rhp,Reds,1994,53,121546
Tyrone Hill,lhp,Brewers,1994,54,439586
Ray McDavid,of,Padres,1994,55,118627
Brian Anderson,lhp,Angels,1994,56,110230
Joey Hamilton,rhp,Padres,1994,57,115383
Mike Kelly,of,Braves,1994,58,116952
Kirk Presley,rhp,Mets,1994,59,441739
Arquimedez Pozo,2b,Mariners,1994,60,120739
Julian Tavarez,rhp,Indians,1994,61,123118
Kurt Miller,rhp,Marlins,1994,62,119092
Derek Lowe,rhp,Mariners,1994,63,117955
Glenn Williams,ss,Braves,1994,64,435403
Manny Alexander,ss,Orioles,1994,65,110129
Boston,1b,Blue Jays,1994,66,438975
Brad Fullmer,3b,Expos,1994,67,114485
Ricky Bottalico,rhp,Phillies,1994,68,111262
Melvin Nieves,of,Padres,1994,69,119798
Butch Huskey,3b,Mets,1994,70,116357
Armando Benitez,rhp,Orioles,1994,71,110859
James Mouton,2b,Astros,1994,72,119463
Todd Ritchie,rhp,Twins,1994,73,121234
Edgardo Alfonzo,ss,Mets,1994,74,110135
Rick Gorecki,rhp,Dodgers,1994,75,114973
Ruben Rivera,of,Yankees,1994,76,121252
Robert Ellis,rhp,White Sox,1994,77,113819
Billy Wagner,lhp,Astros,1994,78,123790
Justin Thompson,lhp,Tigers,1994,79,123294
Nigel Wilson,of,Marlins,1994,80,124415
Gabe White,lhp,Expos,1994,81,124171
Jim Pittsley,rhp,Royals,1994,82,120609
Phillips,1b,Giants,1994,83,120182
Sterling Hitchcock,lhp,Yankees,1994,84,115982
Terrell Lowery,of,Rangers,1994,85,117961
Luis Ortiz,3b,Red Sox,1994,86,120077
Robbie Beckett,lhp,Padres,1994,87,110775
Rod Henderson,rhp,Expos,1994,88,115750
Mark Thompson,rhp,Rockies,1994,89,123296
Danny Bautista,of,Tigers,1994,90,110712
Ron Villone,lhp,Mariners,1994,91,123725
LaTroy Hawkins,rhp,Twins,1994,92,115629
Albie Lopez,rhp,Indians,1994,93,117913
Wallace,lhp,Expos,1994,94,440292
Jeff D'Amico,rhp,Brewers,1994,95,113026
Wayne Gomes,rhp,Phillies,1994,96,114908
Jose Herrera,of,Athletics,1994,97,115841
Curtis Shaw,lhp,Athletics,1994,98,442360
Paul Spoljaric,lhp,Blue Jays,1994,99,122605
Roger Salkeld,rhp,Mariners,1994,100,121635
Chipper Jones,ss,Braves,1993,1,116706
Brien Taylor,lhp,Yankees,1993,2,447688
Cliff Floyd,of,Expos,1993,3,114260
Carlos Delgado,c,Blue Jays,1993,4,113232
Tim Salmon,of,Angels,1993,5,121640
Wil Cordero,ss,Expos,1993,6,112680
Todd Van Poppel,rhp,Athletics,1993,7,123650
Jason Bere,rhp,White Sox,1993,8,110891
Allen Watson,lhp,Cardinals,1993,9,123982
Tyrone Hill,lhp,Brewers,1993,10,439586
Kurt Miller,rhp,Rangers,1993,11,119092
Dmitri Young,3b,Cardinals,1993,12,124693
Manny Ramirez,of,Indians,1993,13,120903
Ray McDavid,of,Padres,1993,14,118627
Rondell White,of,Expos,1993,15,124185
David McCarty,1b-of,Twins,1993,16,118560
Tavo Alvarez,rhp,Expos,1993,17,110204
Brad Pennington,lhp,Orioles,1993,18,120384
Jeffrey Hammonds,of,Orioles,1993,19,115394
Javy Lopez,c,Braves,1993,20,117919
Benji Gil,ss,Rangers,1993,21,114768
Johnny Damon,of,Royals,1993,22,113028
David Nied,rhp,Rockies,1993,23,119780
Willie Greene,3b,Reds,1993,24,115104
Frank Rodriguez,rhp,Red Sox,1993,25,470059
Ryan Klesko,1b,Braves,1993,26,117148
Alex Gonzalez,ss,Blue Jays,1993,27,114924
Bobby Jones,rhp,Mets,1993,28,116719
Troy Percival,rhp,Angels,1993,29,120401
Phil Nevin,3b,Astros,1993,30,119732
Tyler Green,rhp,Phillies,1993,31,115095
Jim Pittsley,rhp,Royals,1993,32,120609
Calvin Murray,of,Giants,1993,33,150273
Mike Kelly,of,Braves,1993,34,116952
Kevin Young,3b-1b,Pirates,1993,35,124704
John Roper,rhp,Reds,1993,36,121441
Nigel Wilson,of,Marlins,1993,37,124415
Mike Piazza,c,Dodgers,1993,38,120536
Melvin Nieves,of,Braves,1993,39,119798
Michael Tucker,2b-of,Royals,1993,40,123494
Jessie Hollins,rhp,Cubs,1993,41,116084
Todd Jones,rhp,Astros,1993,42,116734
Marc Newfield,of,Mariners,1993,43,119737
Derek Jeter,ss,Yankees,1993,44,116539
Carlos Garcia,2b,Pirates,1993,45,114583
Midre Cummings,of,Pirates,1993,46,112937
Shawn Green,of,Blue Jays,1993,47,115094
Calvin Reese,ss,Reds,1993,48,121009
Alan Embree,lhp,Indians,1993,49,113833
Kevin Rogers,lhp,Giants,1993,50,121380
Edgar Renteria,ss,Marlins,1993,51,121074
Gerald Williams,of,Yankees,1993,52,124314
Mike Trombley,rhp,Twins,1993,53,123472
Brian Barber,rhp,Cardinals,1993,54,110548
Steve Karsay,rhp,Blue Jays,1993,55,116853
Brent Gates,2b,Athletics,1993,56,114654
Manny Alexander,ss,Orioles,1993,57,110129
Joey Hamilton,rhp,Padres,1993,58,115383
Matt Whisenant,lhp,Marlins,1993,59,124150
Russ Davis,3b,Yankees,1993,60,113137
Jeromy Burnitz,of,Mets,1993,61,111742
Pedro Martinez,rhp,Dodgers,1993,62,118376
Ron Villone,lhp,Mariners,1993,63,123725
Brook Fordyce,c,Mets,1993,64,114309
Joe Rosselli,lhp,Giants,1993,65,121482
James Baldwin,rhp,White Sox,1993,66,110503
Mike Lieberthal,c,Phillies,1993,67,117759
Jose Martinez,rhp,Marlins,1993,68,118370
Carl Everett,of,Marlins,1993,69,113946
Derek Lowe,rhp,Mariners,1993,70,117955
Chad Mottola,of,Reds,1993,71,119456
Greg Blosser,of,Red Sox,1993,72,111114
Dan Smith,lhp,Rangers,1993,73,122368
Al Shirley,of,Mets,1993,74,440954
Jose Pett,rhp,Blue Jays,1993,75,465122
Curtis Shaw,lhp,Athletics,1993,76,442360
Mark Thompson,rhp,Rockies,1993,77,123296
Rich Becker,of,Twins,1993,78,110772
Steve Gibralter,of,Reds,1993,79,114746
Scott Ruffcorn,rhp,White Sox,1993,80,121544
Paul Shuey,rhp,Indians,1993,81,122201
Raul Mondesi,of,Dodgers,1993,82,119247
Steve Hosey,of,Giants,1993,83,116166
Aaron Sele,rhp,Red Sox,1993,84,121986
Roger Cedeno,of,Dodgers,1993,85,112155
Ron Watson,rhp,Angels,1993,86,442183
Brian Hunter,of,Astros,1993,87,116326
Larry Thomas,lhp,White Sox,1993,88,123255
Alex Ochoa,of,Orioles,1993,89,119913
Sterling Hitchcock,lhp,Yankees,1993,90,115982
Dan Wilson,c,Reds,1993,91,124383
Butch Huskey,3b,Mets,1993,92,116357
Preston Wilson,of,Mets,1993,93,133343
Greg Gohr,rhp,Tigers,1993,94,114891
Bob Abreu,of,Astros,1993,95,110029
Aaron Holbert,ss,Cardinals,1993,96,116058
Bret Boone,2b,Mariners,1993,97,111214
J.T. Snow,1b,Angels,1993,98,122497
Russ Springer,rhp,Angels,1993,99,122620
Rene Arocha,rhp,Cardinals,1993,100,110338
Brien Taylor,lhp,Yankees,1992,1,447688
Todd Van Poppel,rhp,Athletics,1992,2,123650
Roger Salkeld,rhp,Mariners,1992,3,121635
Chipper Jones,ss,Braves,1992,4,116706
Arthur Rhodes,lhp,Orioles,1992,5,121125
Royce Clayton,ss,Giants,1992,6,112381
Wilfredo Cordero,ss,Expos,1992,7,112680
Ryan Klesko,1b,Braves,1992,8,117148
Frank Rodriguez,rhp-s,Red Sox,1992,9,470059
Pedro Martinez,rhp,Dodgers,1992,10,118376
Reggie Sanders,of,Reds,1992,11,121672
Rondell White,of,Expos,1992,12,124185
Mark Wohlers,rhp,Braves,1992,13,124498
Kurt Miller,rhp,Rangers,1992,14,119092
Derek Bell,of,Blue Jays,1992,15,110818
Jeff McNeely,of,Red Sox,1992,16,118853
Marc Newfield,of,Mariners,1992,17,119737
Todd Hundley,c,Mets,1992,18,116316
Mike Kelly,of,Braves,1992,19,116952
Tyrone Hill,lhp,Brewers,1992,20,439586
Raul Mondesi,of,Dodgers,1992,21,119247
David McCarty,of,Twins,1992,22,118560
Lance Dickson,lhp,Cubs,1992,23,113345
Brian Williams,rhp,Astros,1992,24,124291
Pat Mahomes,rhp,Twins,1992,25,118163
Tyler Green,rhp,Phillies,1992,26,115095
Jeff Juden,rhp,Astros,1992,27,116785
Kenny Lofton,of,Indians,1992,28,117863
Dave Nilsson,c,Brewers,1992,29,119804
Salomon Torres,rhp,Giants,1992,30,123415
Dmitri Young,3b,Cardinals,1992,31,124693
Carl Everett,of,Yankees,1992,32,113946
Midre Cummings,of,Twins,1992,33,112937
Cliff Floyd,1b,Expos,1992,34,114260
Donovan Osborne,lhp,Cardinals,1992,35,120085
Joey Hamilton,rhp,Padres,1992,36,115383
Manny Ramirez,of,Indians,1992,37,120903
Troy Percival,rhp,Angels,1992,38,120401
Manny Alexander,ss,Orioles,1992,39,110129
Terrell Lowery,of,Rangers,1992,40,117961
Dan Wilson,c,Reds,1992,41,124383
Pedro Castellano,3b,Cubs,1992,42,112102
Mike Neill,of,Athletics,1992,43,136261
Shawn Estes,lhp,Mariners,1992,44,113915
Roberto Hernandez,rhp,White Sox,1992,45,115832
Nigel Wilson,of,Blue Jays,1992,46,124415
Tom Nevers,ss,Astros,1992,47,436780
Benji Gil,ss,Rangers,1992,48,114768
Reggie Jefferson,1b,Indians,1992,49,116515
Jeromy Burnitz,of,Mets,1992,50,111742
Jim Thome,3b,Indians,1992,51,123272
Stephen Cooke,lhp,Pirates,1992,52,112633
John Roper,rhp,Reds,1992,53,121441
Butch Huskey,3b,Mets,1992,54,116357
Anthony Young,rhp,Mets,1992,55,124685
David Nied,rhp,Braves,1992,56,119780
Mark Smith,of,Orioles,1992,57,122431
Russ Springer,rhp,Yankees,1992,58,122620
Joel Johnston,rhp,Royals,1992,59,116644
Ray McDavid,of,Padres,1992,60,118627
Steve Hosey,of,Giants,1992,61,116166
Alex Gonzalez,ss,Blue Jays,1992,62,114924
Tavo Alvarez,rhp,Expos,1992,63,110204
Allen Watson,lhp,Cardinals,1992,64,123982
David Zancanaro,lhp,Athletics,1992,65,442379
Brian Jordan,of,Cardinals,1992,66,116747
Carlos Delgado,c,Blue Jays,1992,67,113232
Willie Banks,rhp,Twins,1992,68,110536
Duane Singleton,of,Brewers,1992,69,122270
Howard Battle,3b,Blue Jays,1992,70,110693
Aaron Sele,rhp,Red Sox,1992,71,121986
Tim Salmon,of,Angels,1992,72,121640
Ryan Hawblitzel,rhp,Cubs,1992,73,115623
Johnny Ruffin,rhp,White Sox,1992,74,121546
Calvin Reese,ss,Reds,1992,75,121009
Gary Scott,3b,Cubs,1992,76,121931
Darren Burton,of,Royals,1992,77,439001
Javier Lopez,c,Braves,1992,78,425657
Greg Gohr,rhp,Tigers,1992,79,114891
Luis Mercedes,of,Orioles,1992,80,118961
Hector Fajardo,rhp,Rangers,1992,81,113985
Eddie Zosky,ss,Blue Jays,1992,82,124784
Mark Hutton,rhp,Yankees,1992,83,116373
Justin Thompson,lhp,Tigers,1992,84,123294
Cal Eldred,rhp,Brewers,1992,85,113793
Scott Cooper,3b,Red Sox,1992,86,112659
Rico Brogna,1b,Tigers,1992,87,111502
Scott Erwin,rhp,Athletics,1992,88,436981
Keith Mitchell,of,Braves,1992,89,119194
Mike Robertson,1b,White Sox,1992,90,121292
Jon Hurst,rhp,Expos,1992,91,116354
Julian Vasquez,rhp,Mets,1992,92,471990
Doug Glanville,of,Cubs,1992,93,114844
Mo Sanford,rhp,Reds,1992,94,121685
Derek Reid,of,Giants,1992,95,436987
Alan Newman,lhp,Twins,1992,96,150141
Eduardo Perez,of-3b,Angels,1992,97,120408
Todd Ritchie,rhp,Twins,1992,98,121234
D.J. Dozier,of,Mets,1992,99,113536
Kevin Young,3b,Pirates,1992,100,124704
Todd Van Poppel,rhp,Athletics,1991,1,123650
Andujar Cedeno,ss,Astros,1991,2,112152
Ryan Klesko,1b,Braves,1991,3,117148
Jose Offerman,ss,Dodgers,1991,4,119948
Roger Salkeld,rhp,Mariners,1991,5,121635
Arthur Rhodes,lhp,Orioles,1991,6,121125
Ivan Rodriguez,c,Rangers,1991,7,121358
Reggie Sanders,of,Reds,1991,8,121672
Mark Lewis,ss,Indians,1991,9,117740
Maurice Vaughn,1b,Red Sox,1991,10,123678
Bernie Williams,of,Yankees,1991,11,124288
Wilfredo Cordero,ss,Expos,1991,12,112680
Rondell White,of,Expos,1991,13,124185
Raul Mondesi,of,Dodgers,1991,14,119247
Willie Banks,rhp,Twins,1991,15,110536
Rich Garces,rhp,Twins,1991,16,114581
Tim Costo,1b,Indians,1991,17,112715
Tino Martinez,1b,Mariners,1991,18,118362
Mike Mussina,rhp,Orioles,1991,19,119608
Jeff McNeely,of,Red Sox,1991,20,118853
Reid Cornelius,rhp,Expos,1991,21,112692
Eddie Zosky,ss,Blue Jays,1991,22,124784
Royce Clayton,ss,Giants,1991,23,112381
Kurt Miller,rhp,Pirates,1991,24,119092
Mark Whiten,of,Blue Jays,1991,25,124207
Anthony Young,rhp,Mets,1991,26,124685
Kirk Dressendorfer,rhp,Athletics,1991,27,113559
Tyler Houston,c,Braves,1991,28,116191
Henry Rodriguez,1b-of,Dodgers,1991,29,121357
Hensley Meulens,of,Yankees,1991,30,119004
Marc Newfield,1b-of,Mariners,1991,31,119737
Jeff Bagwell,3b,Astros,1991,32,110432
Pete Schourek,lhp,Mets,1991,33,121860
Darryl Kile,rhp,Astros,1991,34,117046
Rico Brogna,1b,Tigers,1991,35,111502
Rafael Valdez,rhp,Padres,1991,36,123604
Willie Greene,3b,Expos,1991,37,115104
Steve Karsay,rhp,Blue Jays,1991,38,116853
Gary Scott,3b,Cubs,1991,39,121931
Jamie McAndrew,rhp,Dodgers,1991,40,118508
Lance Dickson,lhp,Cubs,1991,41,113345
Donovan Osborne,lhp,Cardinals,1991,42,120085
Kiki Jones,rhp,Dodgers,1991,43,442422
D.J. Dozier,of,Mets,1991,44,113536
Jeff Conine,1b,Royals,1991,45,112559
Tim Naehring,ss,Red Sox,1991,46,119634
Brook Fordyce,c,Mets,1991,47,114309
Jeff Juden,rhp,Astros,1991,48,116785
Chipper Jones,ss,Braves,1991,49,116706
Robbie Beckett,lhp,Padres,1991,50,110775
Ray Lankford,of,Cardinals,1991,51,117484
Steve Decker,c,Giants,1991,52,113189
Marcus Moore,rhp,Blue Jays,1991,53,119311
Don Peters,rhp,Athletics,1991,54,440376
Wes Chamberlain,of,Phillies,1991,55,112173
Charles Nagy,rhp,Indians,1991,56,119640
Brian Barnes,lhp,Expos,1991,57,110576
Johnny Ruffin,rhp,White Sox,1991,58,121546
Todd Hundley,c,Mets,1991,59,116316
Dean Palmer,3b,Rangers,1991,60,120194
Leo Gomez,3b,Orioles,1991,61,114911
Carlos Garcia,ss,Pirates,1991,62,114583
Chris Hammond,lhp,Reds,1991,63,115391
Greg Blosser,of,Red Sox,1991,64,111114
Kerry Woodson,rhp,Mariners,1991,65,124568
John Ericks,rhp,Cardinals,1991,66,113876
Kerwin Moore,of,Royals,1991,67,119309
Pat Kelly,2b,Yankees,1991,68,116940
Mike Timlin,rhp,Blue Jays,1991,69,123348
Dave Staton,1b,Padres,1991,70,122696
Dan Opperman,rhp,Dodgers,1991,71,454429
Chuck Knoblauch,2b,Twins,1991,72,117197
Tim Salmon,of,Angels,1991,73,121640
Tom Goodwin,of,Dodgers,1991,74,114961
Kenny Lofton,of,Astros,1991,75,117863
Narciso Elvira,lhp,Brewers,1991,76,113830
Johnny Ard,rhp,Giants,1991,77,448586
Reggie Jefferson,1b,Reds,1991,78,116515
Willie Smith,rhp,Yankees,1991,79,122471
Mike Milchin,lhp,Cardinals,1991,80,119048
Angel Miranda,lhp,Brewers,1991,81,119183
Ricky Gutierrez,ss,Orioles,1991,82,115263
Steve Hosey,of,Giants,1991,83,116166
Kyle Abbott,lhp,Angels,1991,84,110012
Greg Colbrunn,c,Expos,1991,85,112461
Robb Nen,rhp,Rangers,1991,86,119718
Earl Cunningham,of,Cubs,1991,87,442956
Carl Everett,of,Yankees,1991,88,113946
Kevin Rogers,lhp,Giants,1991,89,121380
Mike Zimmerman,rhp,Pirates,1991,90,527090
Wilson Alvarez,lhp,White Sox,1991,91,110209
William Suero,2b,Blue Jays,1991,92,122929
Jim Thome,3b,Indians,1991,93,123272
Eric Karros,1b,Dodgers,1991,94,116852
Dan Wilson,c,Reds,1991,95,124383
Willie Ansley,of,Astros,1991,96,459498
Dan Smith,lhp,Rangers,1991,97,122368
Julio Valera,rhp,Mets,1991,98,123620
Bret Boone,2b,Mariners,1991,99,111214
Dan Peltier,of,Rangers,1991,100,120363
Steve Avery,lhp,Braves,1990,1,110397
Ben McDonald,rhp,Orioles,1990,2,118648
John Olerud,1b/lh,Blue Jays,1990,3,119976
Juan Gonzalez,of,Rangers,1990,4,114932
Sandy Alomar Jr,c,Indians,1990,5,110184
Kiki Jones,rhp,Dodgers,1990,6,442422
Todd Zeile,c,Cardinals,1990,7,124755
Eric Anthony,of,Astros,1990,8,110285
Greg Vaughn,of,Brewers,1990,9,123675
Jose Offerman,ss,Dodgers,1990,10,119948
Darryl Kile,rhp,Astros,1990,11,117046
Delino DeShields,2b,Expos,1990,12,113291
Willie Banks,rhp,Twins,1990,13,110536
Mike Harkey,rhp,Cubs,1990,14,115476
Robin Ventura,3b,White Sox,1990,15,123697
Roger Salkeld,rhp,Mariners,1990,16,121635
Marquis Grissom,of,Expos,1990,17,115174
Mike Stanton,lhp,Braves,1990,18,122679
Ray Lankford,of,Cardinals,1990,19,117484
Pat Combs,lhp,Phillies,1990,20,112535
Rafael Valdez,rhp,Padres,1990,21,123604
Ty Griffin,3b,Cubs,1990,22,469867
Narciso Elvira,lhp,Brewers,1990,23,113830
Mark Lewis,ss,Indians,1990,24,117740
Wes Chamberlain,of,Phillies,1990,25,112173
Wilson Alvarez,lhp,White Sox,1990,26,110209
Charles Nagy,rhp,Indians,1990,27,119640
Reggie Jefferson,1b,Reds,1990,28,116515
Frank Thomas,1b,White Sox,1990,29,123245
Tom Goodwin,of,Dodgers,1990,30,114961
Bob Hamelin,1b,Royals,1990,31,115376
John Ericks,rhp,Cardinals,1990,32,113876
Dean Palmer,3b,Rangers,1990,33,120194
Braulio Castillo,of,Dodgers,1990,34,112110
Mel Rojas,rhp,Expos,1990,35,121404
Brian Lane,3b,Reds,1990,36,451975
Moises Alou,of,Pirates,1990,37,110189
Willie Ansley,of,Astros,1990,38,459498
Travis Fryman,ss,Tigers,1990,39,114465
Tino Martinez,1b,Mariners,1990,40,118362
Mickey Morandini,2b,Phillies,1990,41,119347
Larry Walker,of,Expos,1990,42,123833
Donald Harris,of,Rangers,1990,43,115519
Earl Cunningham,of,Cubs,1990,44,442956
Brian Bohanon,lhp,Rangers,1990,45,111155
Johnny Ard,rhp,Twins,1990,46,448586
Kent Mercker,lhp,Braves,1990,47,118967
Willie Smith,rhp,Yankees,1990,48,122471
Glenallen Hill,of,Blue Jays,1990,49,115935
Dennis Burlingame,rhp,Braves,1990,50,471991
Alex Sanchez,rhp,Blue Jays,1990,51,121657
Steve Hosey,of,Giants,1990,52,116166
Deion Sanders,of,Yankees,1990,53,121668
Felix Jose,of,Athletics,1990,54,116768
Andujar Cedeno,ss,Astros,1990,55,112152
Julio Valera,rhp,Mets,1990,56,123620
Rico Brogna,1b,Tigers,1990,57,111502
Tom Redington,3b,Braves,1990,58,451982
Manny Alexander,ss,Orioles,1990,59,110129
Kyle Abbott,lhp,Angels,1990,60,110012
Kevin Morton,lhp,Red Sox,1990,61,119427
Wilfredo Cordero,ss,Expos,1990,62,112680
Eric Wedge,c,Red Sox,1990,63,124029
Joe Slusarski,rhp,Athletics,1990,64,122330
Todd Hundley,c,Mets,1990,65,116316
Willie Greene,ss,Pirates,1990,66,115104
Carlos Baerga,3b,Indians,1990,67,110427
Scott Cooper,3b,Red Sox,1990,68,112659
Howard Farmer,rhp,Expos,1990,69,114013
Rick Wilkins,c,Cubs,1990,70,124271
Darren Lewis,of,Athletics,1990,71,117731
Derrick May,of,Cubs,1990,72,118471
Keith Richardson,rhp,Pirates,1990,73,454299
Den Peltier,of,Rangers,1990,74,120363
Derek Bell,of,Blue Jays,1990,75,110818
Maurice Vaughn,1b,Red Sox,1990,76,123678
Bernie Williams,of,Yankees,1990,77,124288
Scott Radinsky,lhp,White Sox,1990,78,120877
Mickey Pina,of,Red Sox,1990,79,447178
Tommy Greene,rhp,Braves,1990,80,115099
Jim Newlin,rhp,Mariners,1990,81,436977
Kevin Belcher,of,Rangers,1990,82,110808
Phil Plantier,of,Red Sox,1990,83,120618
Eric Karros,1b,Dodgers,1990,84,116852
Eric Gunderson,lhp,Giants,1990,85,115249
Kevin Appier,rhp,Royals,1990,86,110293
Mike Milchin,lhp,Cardinals,1990,87,119048
Kevin Tapani,rhp,Twins,1990,88,123090
Tom Howard,of,Padres,1990,89,437833
Jeff Juden,rhp,Astros,1990,90,116785
Paul Sorrento,1b,Twins,1990,91,122541
Tyler Houston,c,Braves,1990,92,116191
David Segui,1b,Orioles,1990,93,121977
Scott Coolbaugh,3b,Rangers,1990,94,112635
Cullen Hartzog,rhp,Yankees,1990,95,458291
Russ Springer,rhp,Yankees,1990,96,122620
Brian Jordan,of,Cardinals,1990,97,116747
Scott Aldred,lhp,Tigers,1990,98,110118
Jose Vizcaino,2b,Dodgers,1990,99,123743
Reid Cornelius,rhp,Expos,1990,100,112692
