"Name","Team","Age","G","IP","TBF","Balls","Strikes","Pitches","O-Swing% (pfx)","Z-Swing% (pfx)","Swing% (pfx)","O-Contact% (pfx)","Z-Contact% (pfx)","Contact% (pfx)","Zone% (pfx)","FA% (pfx)","FT% (pfx)","FC% (pfx)","FS% (pfx)","FO% (pfx)","SI% (pfx)","SL% (pfx)","CU% (pfx)","KC% (pfx)","EP% (pfx)","CH% (pfx)","SC% (pfx)","KN% (pfx)","UN% (pfx)","vFA (pfx)","vFT (pfx)","vFC (pfx)","vFS (pfx)","vFO (pfx)","vSI (pfx)","vSL (pfx)","vCU (pfx)","vKC (pfx)","vEP (pfx)","vCH (pfx)","vSC (pfx)","vKN (pfx)","FA-X (pfx)","FT-X (pfx)","FC-X (pfx)","FS-X (pfx)","FO-X (pfx)","SI-X (pfx)","SL-X (pfx)","CU-X (pfx)","KC-X (pfx)","EP-X (pfx)","CH-X (pfx)","SC-X (pfx)","KN-X (pfx)","FA-Z (pfx)","FT-Z (pfx)","FC-Z (pfx)","FS-Z (pfx)","FO-Z (pfx)","SI-Z (pfx)","SL-Z (pfx)","CU-Z (pfx)","KC-Z (pfx)","EP-Z (pfx)","CH-Z (pfx)","SC-Z (pfx)","KN-Z (pfx)","wFA (pfx)","wFT (pfx)","wFC (pfx)","wFS (pfx)","wFO (pfx)","wSI (pfx)","wSL (pfx)","wCU (pfx)","wKC (pfx)","wEP (pfx)","wCH (pfx)","wSC (pfx)","wKN (pfx)","wFA/C (pfx)","wFT/C (pfx)","wFC/C (pfx)","wFS/C (pfx)","wFO/C (pfx)","wSI/C (pfx)","wSL/C (pfx)","wCU/C (pfx)","wKC/C (pfx)","wEP/C (pfx)","wCH/C (pfx)","wSC/C (pfx)","wKN/C (pfx)","playerid"
"Ubaldo Jimenez","Orioles","31","2","10.2","37","64","91","155","13.6 %","51.4 %","31.6 %","45.5 %","89.5 %","79.6 %","47.7 %","36.1 %","34.2 %"," ","12.3 %"," "," ","10.3 %","5.8 %"," "," ","0.7 %"," "," ","0.7 %","89.9","89.2"," ","82.7"," "," ","81.2","74.7"," "," ","84.3"," "," ","-4.8","-8.1"," ","-6.8"," "," ","6.7","8.6"," "," ","-5.3"," "," ","10.6","8.1"," ","5.9"," "," ","2.7","-4.8"," "," ","6.7"," "," ","2.1","2.2"," ","1.3"," "," ","0.0","-0.1"," "," ","0.2"," "," ","3.75","4.20"," ","6.86"," "," ","-0.11","-1.29"," "," ","20.99"," "," ","3374"
"Ian Kennedy","Padres","30","1","2.1","10","12","21","33","23.1 %","60.0 %","42.9 %","33.3 %","88.9 %","75.0 %","53.6 %","64.3 %"," "," "," "," "," ","3.6 %"," ","21.4 %"," ","10.7 %"," "," "," ","91.1"," "," "," "," "," ","86.1"," ","77.8"," ","83.4"," "," ","-6.2"," "," "," "," "," ","2.6"," ","6.6"," ","-5.5"," "," ","10.8"," "," "," "," "," ","4.2"," ","-8.0"," ","6.2"," "," ","-0.2"," "," "," "," "," ","0.0"," ","-0.5"," ","0.7"," "," ","-1.27"," "," "," "," "," ","2.78"," ","-7.95"," ","23.24"," "," ","6986"
"Christian Bergman","Rockies","27","1","4.0","18","30","55","85","25.6 %","66.7 %","45.9 %","63.6 %","85.7 %","79.5 %","49.4 %","40.0 %","15.3 %"," "," "," "," ","11.8 %","10.6 %"," "," ","22.4 %"," "," "," ","88.3","88.6"," "," "," "," ","83.7","77.4"," "," ","80.9"," "," ","-6.8","-9.1"," "," "," "," ","1.5","3.5"," "," ","-7.5"," "," ","8.1","6.4"," "," "," "," ","4.8","-5.0"," "," ","3.8"," "," ","0.1","-0.3"," "," "," "," ","0.4","0.2"," "," ","-0.1"," "," ","0.40","-2.24"," "," "," "," ","3.95","2.46"," "," ","-0.29"," "," ","10925"
"Shane Greene","Tigers","26","3","23.0","80","82","186","268","32.8 %","61.5 %","48.1 %","68.3 %","87.5 %","81.4 %","53.4 %","17.5 %","38.4 %"," "," "," "," ","19.8 %","14.2 %"," "," ","10.1 %"," "," "," ","92.3","91.3"," "," "," "," ","86.2","80.1"," "," ","85.1"," "," ","-5.3","-9.6"," "," "," "," ","3.7","6.7"," "," ","-9.6"," "," ","8.4","6.0"," "," "," "," ","3.1","1.2"," "," ","2.3"," "," ","1.3","2.0"," "," "," "," ","2.7","1.8"," "," ","1.8"," "," ","2.69","1.94"," "," "," "," ","5.12","4.61"," "," ","6.72"," "," ","10756"
"David Price","Tigers","29","3","22.1","84","102","211","313","30.0 %","60.7 %","47.0 %","66.7 %","83.8 %","78.9 %","55.3 %","43.5 %","27.5 %","8.6 %"," "," "," "," "," ","4.2 %"," ","16.3 %"," "," "," ","93.0","93.4","87.5"," "," "," "," "," ","79.8"," ","84.7"," "," ","7.5","9.9","0.6"," "," "," "," "," ","-6.5"," ","10.3"," "," ","11.4","8.8","6.4"," "," "," "," "," ","1.1"," ","5.8"," "," ","4.7","2.0","0.1"," "," "," "," "," ","0.6"," ","-0.2"," "," ","3.49","2.30","0.41"," "," "," "," "," ","4.51"," ","-0.43"," "," ","3184"
"Nick Martinez","Rangers","24","3","20.0","79","96","194","290","36.7 %","65.7 %","49.8 %","69.0 %","93.0 %","83.3 %","45.3 %","43.9 %","17.3 %"," "," "," "," ","20.4 %","10.7 %"," "," ","7.6 %"," "," "," ","89.4","89.5"," "," "," "," ","81.9","77.1"," "," ","82.3"," "," ","-5.7","-7.6"," "," "," "," ","1.4","2.9"," "," ","-8.9"," "," ","9.4","7.3"," "," "," "," ","-0.5","-6.5"," "," ","5.6"," "," ","5.0","0.7"," "," "," "," ","0.3","-0.2"," "," ","-0.9"," "," ","3.98","1.30"," "," "," "," ","0.54","-0.56"," "," ","-3.88"," "," ","12730"
"Doug Fister","Nationals","31","2","13.0","55","70","111","181","17.7 %","60.6 %","41.6 %","78.6 %","90.0 %","87.8 %","55.6 %","3.9 %","70.0 %","8.9 %"," "," "," "," ","6.7 %"," "," ","9.4 %"," "," "," ","87.1","86.1","82.4"," "," "," "," ","70.6"," "," ","79.0"," "," ","-5.3","-10.1","-0.8"," "," "," "," ","1.8"," "," ","-10.6"," "," ","9.4","6.7","5.0"," "," "," "," ","-9.1"," "," ","4.4"," "," ","0.2","-0.2","0.2"," "," "," "," ","0.0"," "," ","1.0"," "," ","2.96","-0.16","1.01"," "," "," "," ","-0.36"," "," ","6.17"," "," ","9425"
"Max Scherzer","Nationals","30","3","21.2","86","87","212","299","32.8 %","70.1 %","53.7 %","58.1 %","81.2 %","75.0 %","56.0 %","62.8 %","1.7 %"," "," "," "," ","13.1 %","8.1 %"," "," ","14.4 %"," "," "," ","92.6","90.9"," "," "," "," ","85.4","79.1"," "," ","84.4"," "," ","-9.4","-12.6"," "," "," "," ","-0.4","2.4"," "," ","-10.0"," "," ","8.2","7.2"," "," "," "," ","2.0","-1.8"," "," ","2.2"," "," ","3.7","0.1"," "," "," "," ","1.0","0.7"," "," ","0.2"," "," ","1.96","1.08"," "," "," "," ","2.44","3.02"," "," ","0.39"," "," ","3137"
"Anthony DeSclafani","Reds","25","3","21.0","77","87","174","261","30.8 %","61.7 %","47.5 %","64.9 %","82.8 %","77.4 %","54.0 %","39.1 %","24.9 %"," "," "," "," ","25.3 %"," "," "," ","10.7 %"," "," "," ","92.2","91.4"," "," "," "," ","85.0"," "," "," ","84.9"," "," ","-5.6","-9.2"," "," "," "," ","1.0"," "," "," ","-9.0"," "," ","9.4","5.6"," "," "," "," ","1.0"," "," "," ","3.4"," "," ","3.5","-1.0"," "," "," "," ","3.8"," "," "," ","1.1"," "," ","3.41","-1.59"," "," "," "," ","5.72"," "," "," ","4.04"," "," ","13050"
"Chris Heston","Giants","27","3","20.2","80","111","182","293","32.7 %","49.6 %","40.1 %","64.8 %","82.5 %","74.4 %","43.5 %"," "," "," "," "," ","54.8 %"," ","34.3 %"," "," ","11.0 %"," "," "," "," "," "," "," "," ","89.9"," ","75.9"," "," ","82.7"," "," "," "," "," "," "," ","-9.6"," ","8.1"," "," ","-8.7"," "," "," "," "," "," "," ","3.5"," ","-2.4"," "," ","1.7"," "," "," "," "," "," "," ","-0.1"," ","1.9"," "," ","1.9"," "," "," "," "," "," "," ","-0.09"," ","1.93"," "," ","6.00"," "," ","10302"
"Dallas Keuchel","Astros","27","3","20.0","78","117","185","302","28.9 %","63.1 %","42.7 %","57.7 %","93.5 %","79.1 %","40.4 %","21.9 %","38.1 %","8.6 %"," "," "," ","19.2 %"," "," "," ","12.3 %"," "," "," ","89.1","89.0","85.8"," "," "," ","79.5"," "," "," ","77.8"," "," ","6.4","10.2","2.7"," "," "," ","-3.2"," "," "," ","10.6"," "," ","8.8","5.0","5.4"," "," "," ","-1.5"," "," "," ","5.8"," "," ","0.7","2.0","0.5"," "," "," ","2.3"," "," "," ","0.5"," "," ","1.05","1.77","1.77"," "," "," ","3.94"," "," "," ","1.44"," "," ","9434"
"Jacob deGrom","Mets","27","3","19.1","78","95","197","292","34.1 %","67.3 %","51.7 %","65.2 %","82.5 %","77.2 %","53.1 %","48.0 %","20.9 %"," "," "," "," ","12.0 %","6.9 %"," "," ","11.0 %"," "," "," ","94.0","94.1"," "," "," "," ","88.5","82.1"," "," ","84.8"," "," ","-4.9","-8.3"," "," "," "," ","0.9","3.4"," "," ","-7.3"," "," ","8.9","6.6"," "," "," "," ","4.0","-1.4"," "," ","3.3"," "," ","3.4","-2.0"," "," "," "," ","1.6","-0.5"," "," ","0.5"," "," ","2.46","-3.29"," "," "," "," ","4.56","-2.44"," "," ","1.64"," "," ","10954"
"Trevor Bauer","Indians","24","3","19.0","75","123","195","318","26.9 %","66.0 %","45.0 %","43.5 %","82.5 %","69.9 %","46.2 %","48.4 %","6.0 %","18.2 %"," "," "," ","7.9 %","5.7 %"," "," ","13.8 %"," "," "," ","92.3","92.4","85.5"," "," "," ","83.4","77.8"," "," ","85.5"," "," ","-3.6","-7.9","3.9"," "," "," ","6.4","8.0"," "," ","-6.3"," "," ","10.1","7.4","3.3"," "," "," ","-0.1","-8.3"," "," ","5.1"," "," ","2.5","1.4","2.8"," "," "," ","-0.1","0.1"," "," ","0.0"," "," ","1.63","7.19","4.84"," "," "," ","-0.59","0.36"," "," ","-0.02"," "," ","12703"
"Chris Archer","Rays","26","4","25.1","97","128","256","384","31.5 %","61.0 %","46.9 %","43.1 %","83.6 %","70.6 %","52.1 %","44.3 %","10.4 %"," "," "," "," ","39.6 %"," "," "," ","5.7 %"," "," "," ","94.7","95.5"," "," "," "," ","86.9"," "," "," ","85.3"," "," ","-2.0","-5.9"," "," "," "," ","4.4"," "," "," ","-6.5"," "," ","10.8","9.0"," "," "," "," ","-0.2"," "," "," ","6.6"," "," ","-1.7","1.1"," "," "," "," ","7.4"," "," "," ","-1.2"," "," ","-1.00","2.84"," "," "," "," ","4.86"," "," "," ","-5.67"," "," ","6345"
"Scott Kazmir","Athletics","31","3","20.1","77","98","191","289","38.0 %","57.1 %","46.4 %","61.3 %","83.3 %","73.1 %","43.6 %","6.2 %","52.3 %"," "," "," "," ","21.1 %","0.7 %"," "," ","19.7 %"," "," "," ","91.8","91.7"," "," "," "," ","85.7","78.3"," "," ","78.0"," "," ","3.9","8.2"," "," "," "," ","1.5","-0.6"," "," ","10.1"," "," ","11.7","10.4"," "," "," "," ","6.0","0.6"," "," ","5.1"," "," ","0.4","5.0"," "," "," "," ","0.4","0.1"," "," ","0.7"," "," ","2.14","3.29"," "," "," "," ","0.72","4.54"," "," ","1.31"," "," ","4897"
"Michael Wacha","Cardinals","24","2","13.1","53","55","124","179","29.9 %","76.1 %","53.6 %","80.8 %","87.1 %","85.4 %","51.4 %","53.1 %"," ","18.4 %"," "," "," "," ","12.9 %"," "," ","15.6 %"," "," "," ","92.8"," ","88.9"," "," "," "," ","75.2"," "," ","86.5"," "," ","-5.1"," ","0.4"," "," "," "," ","3.1"," "," ","-6.7"," "," ","10.8"," ","6.5"," "," "," "," ","-5.2"," "," ","4.9"," "," ","1.2"," ","-0.7"," "," "," "," ","0.4"," "," ","0.2"," "," ","1.24"," ","-2.13"," "," "," "," ","1.53"," "," ","0.55"," "," ","14078"
"Archie Bradley","Diamondbacks","22","2","12.2","47","85","127","212","23.4 %","53.5 %","37.7 %","76.9 %","85.2 %","82.5 %","47.6 %","73.6 %"," "," "," "," "," "," ","24.1 %"," "," ","2.4 %"," "," "," ","92.0"," "," "," "," "," "," ","80.2"," "," ","84.2"," "," ","-5.1"," "," "," "," "," "," ","3.8"," "," ","-5.4"," "," ","9.6"," "," "," "," "," "," ","-6.7"," "," ","5.3"," "," ","1.8"," "," "," "," "," "," ","2.4"," "," ","0.0"," "," ","1.16"," "," "," "," "," "," ","4.66"," "," ","0.86"," "," ","12918"
"Jon Niese","Mets","28","3","18.0","85","110","175","285","25.4 %","55.6 %","40.5 %","77.8 %","93.7 %","88.7 %","50.0 %","22.2 %","28.2 %","12.3 %"," "," "," "," ","15.1 %"," "," ","22.2 %"," "," "," ","88.7","88.4","86.6"," "," "," "," ","74.3"," "," ","82.2"," "," ","5.5","10.2","2.4"," "," "," "," ","-2.0"," "," ","8.8"," "," ","7.7","3.7","5.4"," "," "," "," ","-5.0"," "," ","2.9"," "," ","-1.9","0.4","-1.2"," "," "," "," ","-0.6"," "," ","-1.5"," "," ","-3.09","0.53","-3.52"," "," "," "," ","-1.44"," "," ","-2.46"," "," ","4424"
"Jimmy Nelson","Brewers","26","2","12.0","42","56","105","161","33.8 %","57.5 %","45.6 %","51.9 %","80.4 %","69.9 %","50.0 %","21.1 %"," "," "," "," ","36.0 %","11.8 %","14.9 %","14.9 %"," ","0.6 %"," "," "," ","91.8"," "," "," "," ","92.5","86.9","81.2","80.7"," ","83.9"," "," ","-3.1"," "," "," "," ","-7.6","5.0","5.5","6.7"," ","-6.9"," "," ","9.7"," "," "," "," ","5.2","-0.4","-8.2","-7.5"," ","9.7"," "," ","0.4"," "," "," "," ","2.3","0.8","1.3","-1.3"," ","0.1"," "," ","1.03"," "," "," "," ","4.04","4.29","5.27","-5.35"," ","5.27"," "," ","10547"
"Lance Lynn","Cardinals","28","3","17.1","70","114","184","298","28.2 %","62.1 %","44.9 %","71.4 %","83.3 %","79.6 %","49.3 %","47.3 %","26.2 %"," "," "," "," ","17.5 %","4.4 %"," "," ","3.4 %"," "," "," ","91.8","90.6"," "," "," "," ","87.1","78.1"," "," ","85.6"," "," ","-6.7","-9.4"," "," "," "," ","-2.0","3.7"," "," ","-8.3"," "," ","8.6","4.0"," "," "," "," ","5.9","-3.1"," "," ","4.5"," "," ","5.9","-1.6"," "," "," "," ","-1.8","0.6"," "," ","0.1"," "," ","4.16","-2.02"," "," "," "," ","-3.43","4.37"," "," ","1.00"," "," ","2520"
"Shelby Miller","Braves","24","3","16.0","66","105","180","285","30.1 %","61.7 %","46.8 %","75.0 %","91.3 %","86.4 %","52.8 %","27.0 %","38.3 %","21.1 %"," "," "," "," ","12.6 %"," "," "," "," "," "," ","93.7","93.6","87.3"," "," "," "," ","78.2"," "," "," "," "," ","-4.5","-8.1","1.1"," "," "," "," ","7.7"," "," "," "," "," ","8.1","5.1","2.9"," "," "," "," ","-5.8"," "," "," "," "," ","0.9","0.9","2.4"," "," "," "," ","-0.2"," "," "," "," "," ","1.23","0.83","3.98"," "," "," "," ","-0.63"," "," "," "," "," ","10197"
"Adam Wainwright","Cardinals","33","3","21.0","86","109","196","305","30.0 %","67.7 %","49.2 %","73.3 %","89.5 %","84.7 %","50.8 %","9.5 %"," ","36.4 %"," "," ","26.2 %","0.3 %","26.6 %"," "," ","1.0 %"," "," "," ","90.1"," ","85.7"," "," ","88.9","85.8","74.3"," "," ","82.7"," "," ","-2.4"," ","1.3"," "," ","-8.4","3.6","7.9"," "," ","-10.3"," "," ","10.0"," ","5.9"," "," ","7.5","5.2","-9.0"," "," ","6.2"," "," ","1.8"," ","1.7"," "," ","-2.2","0.2","1.3"," "," ","-0.2"," "," ","6.20"," ","1.53"," "," ","-2.69","19.19","1.55"," "," ","-5.47"," "," ","2233"
"Alfredo Simon","Tigers","34","3","20.2","76","107","186","293","25.5 %","63.3 %","44.5 %","70.3 %","94.6 %","87.7 %","50.3 %","6.5 %","37.2 %","15.7 %","24.9 %"," "," "," ","9.6 %"," ","5.8 %"," "," "," "," ","91.9","92.1","85.4","82.7"," "," "," ","75.2"," ","70.0"," "," "," ","-5.2","-8.3","1.7","-6.1"," "," "," ","6.4"," ","-4.7"," "," "," ","8.8","5.5","2.6","2.7"," "," "," ","-5.4"," ","3.8"," "," "," ","0.7","1.8","3.3","-1.3"," "," "," ","0.4"," ","-0.2"," "," "," ","3.66","1.61","7.22","-1.74"," "," "," ","1.60"," ","-0.94"," "," "," ","2155"
"Jake Arrieta","Cubs","29","3","20.2","80","107","207","314","27.4 %","66.9 %","47.1 %","72.1 %","86.7 %","82.4 %","50.0 %","15.0 %"," "," "," "," ","36.0 %","33.8 %","10.8 %"," "," ","4.5 %"," "," "," ","93.2"," "," "," "," ","93.2","89.6","79.2"," "," ","87.5"," "," ","-4.3"," "," "," "," ","-7.9","3.0","7.0"," "," ","-10.4"," "," ","9.3"," "," "," "," ","7.6","3.6","-9.6"," "," ","3.1"," "," ","-0.2"," "," "," "," ","1.3","2.8","0.9"," "," ","0.6"," "," ","-0.45"," "," "," "," ","1.11","2.61","2.69"," "," ","4.30"," "," ","4153"
"Jake Odorizzi","Rays","25","3","20.2","76","106","193","299","30.4 %","62.3 %","45.2 %","49.0 %","87.2 %","73.3 %","46.2 %","36.8 %","7.4 %","17.7 %","32.1 %"," "," ","0.3 %","5.7 %"," "," "," "," "," "," ","90.5","90.3","86.1","84.4"," "," ","83.6","69.5"," "," "," "," "," ","-0.9","-4.3","4.4","-4.5"," "," ","5.4","6.0"," "," "," "," "," ","12.2","8.8","9.3","5.5"," "," ","6.8","-8.2"," "," "," "," "," ","0.1","1.3","2.3","4.4"," "," ","0.0","0.0"," "," "," "," "," ","0.07","5.69","4.27","4.57"," "," ","-4.88","-0.15"," "," "," "," "," ","6397"
"Zack Greinke","Dodgers","31","3","19.2","74","108","191","299","32.9 %","65.9 %","47.2 %","62.5 %","91.8 %","80.1 %","43.1 %","42.5 %","9.0 %"," "," "," "," ","16.4 %","5.7 %"," "," ","26.4 %"," "," "," ","90.5","90.7"," "," "," "," ","85.9","73.0"," "," ","87.2"," "," ","-2.0","-6.4"," "," "," "," ","3.2","5.3"," "," ","-7.0"," "," ","9.4","7.2"," "," "," "," ","1.6","-8.8"," "," ","1.8"," "," ","-1.3","1.3"," "," "," "," ","0.6","0.4"," "," ","3.4"," "," ","-1.00","4.79"," "," "," "," ","1.28","2.23"," "," ","4.28"," "," ","1943"
"Jeff Locke","Pirates","27","2","14.0","53","59","130","189","41.2 %","52.9 %","46.6 %","73.8 %","93.5 %","84.1 %","46.0 %"," ","60.3 %"," "," "," "," "," "," ","16.9 %"," ","22.8 %"," "," "," "," ","90.7"," "," "," "," "," "," ","79.4"," ","79.7"," "," "," ","9.6"," "," "," "," "," "," ","-3.2"," ","6.2"," "," "," ","6.2"," "," "," "," "," "," ","-5.7"," ","4.5"," "," "," ","2.9"," "," "," "," "," "," ","-0.6"," ","0.7"," "," "," ","2.57"," "," "," "," "," "," ","-1.77"," ","1.73"," "," ","2929"
"David Phelps","Marlins","28","1","4.2","18","33","42","75","10.7 %","55.3 %","38.7 %","66.7 %","96.2 %","93.1 %","62.7 %","46.7 %","24.0 %","1.3 %"," "," "," ","16.0 %"," ","4.0 %"," ","8.0 %"," "," "," ","90.6","90.6","90.8"," "," "," ","87.0"," ","79.4"," ","84.5"," "," ","-4.8","-8.2","-3.0"," "," "," ","1.5"," ","4.9"," ","-9.8"," "," ","8.2","6.4","9.4"," "," "," ","4.6"," ","-8.3"," ","3.4"," "," ","1.4","0.2","0.0"," "," "," ","-0.4"," ","0.2"," ","0.7"," "," ","3.90","1.04","-0.70"," "," "," ","-3.53"," ","5.40"," ","11.27"," "," ","6316"
"Aaron Harang","Phillies","37","3","18.1","72","100","193","293","26.7 %","65.8 %","47.8 %","69.4 %","88.5 %","83.6 %","53.9 %","44.4 %","22.9 %"," "," "," "," ","18.4 %","6.8 %"," "," ","7.5 %"," "," "," ","88.3","89.2"," "," "," "," ","80.5","72.1"," "," ","83.1"," "," ","-4.0","-8.9"," "," "," "," ","1.7","3.3"," "," ","-6.8"," "," ","10.6","7.0"," "," "," "," ","0.8","-6.9"," "," ","5.7"," "," ","2.5","-0.4"," "," "," "," ","2.1","-0.5"," "," ","0.3"," "," ","1.92","-0.59"," "," "," "," ","3.87","-2.35"," "," ","1.53"," "," ","1451"
"Odrisamer Despaigne","Padres","28","2","13.2","53","72","122","194","20.7 %","59.8 %","42.3 %","77.8 %","89.1 %","86.6 %","55.2 %"," "," ","17.0 %"," "," ","50.5 %","7.2 %","8.8 %"," ","5.2 %","11.3 %"," "," "," "," "," ","90.2"," "," ","90.1","84.7","75.5"," ","67.8","76.6"," "," "," "," ","-0.4"," "," ","-5.8","2.2","8.4"," ","6.2","-3.7"," "," "," "," ","6.8"," "," ","4.4","3.9","-5.4"," ","-10.9","5.2"," "," "," "," ","0.8"," "," ","1.4","0.6","0.0"," ","-0.9","0.7"," "," "," "," ","2.55"," "," ","1.47","4.39","-0.20"," ","-8.59","3.00"," "," ","16017"
"Edinson Volquez","Royals","31","3","22.2","84","99","201","300","33.3 %","59.2 %","46.0 %","58.8 %","87.4 %","76.8 %","49.0 %","17.0 %"," "," "," "," ","37.0 %"," "," ","23.3 %"," ","22.7 %"," "," "," ","93.8"," "," "," "," ","93.4"," "," ","79.8"," ","85.0"," "," ","-6.3"," "," "," "," ","-9.7"," "," ","6.4"," ","-7.9"," "," ","9.2"," "," "," "," ","7.5"," "," ","-6.3"," ","2.5"," "," ","-0.7"," "," "," "," ","3.8"," "," ","1.1"," ","1.0"," "," ","-1.36"," "," "," "," ","3.46"," "," ","1.60"," ","1.49"," "," ","3990"
"A.J. Burnett","Pirates","38","3","18.0","74","102","187","289","27.0 %","60.7 %","42.9 %","48.8 %","95.1 %","79.7 %","47.0 %","20.5 %"," "," "," "," ","43.1 %"," "," ","33.0 %"," ","3.1 %"," "," "," ","90.8"," "," "," "," ","90.7"," "," ","81.8"," ","85.9"," "," ","-3.6"," "," "," "," ","-6.9"," "," ","4.9"," ","-5.8"," "," ","7.1"," "," "," "," ","4.7"," "," ","-4.9"," ","1.6"," "," ","-0.3"," "," "," "," ","3.3"," "," ","-1.8"," ","0.4"," "," ","-0.59"," "," "," "," ","2.65"," "," ","-1.85"," ","4.30"," "," ","512"
"Tim Lincecum","Giants","31","3","18.0","70","103","166","269","33.1 %","62.8 %","46.8 %","61.7 %","86.8 %","77.2 %","46.0 %","27.5 %","15.2 %"," "," "," "," ","9.3 %","14.1 %"," "," ","31.6 %"," "," "," ","87.2","86.9"," "," "," "," ","78.6","74.5"," "," ","80.6"," "," ","1.9","-3.6"," "," "," "," ","1.6","4.6"," "," ","-1.1"," "," ","9.9","8.5"," "," "," "," ","-3.5","-7.0"," "," ","3.8"," "," ","0.6","0.9"," "," "," "," ","0.2","0.5"," "," ","1.1"," "," ","0.80","2.23"," "," "," "," ","0.97","1.23"," "," ","1.32"," "," ","5705"
"Sonny Gray","Athletics","25","3","21.1","83","101","195","296","29.4 %","60.8 %","44.6 %","71.1 %","92.0 %","84.9 %","48.3 %","25.7 %","40.9 %","1.0 %"," "," "," ","9.1 %","17.6 %"," "," ","5.7 %"," "," "," ","92.5","92.7","89.3"," "," "," ","84.9","80.9"," "," ","86.3"," "," ","0.1","-5.7","3.1"," "," "," ","6.4","9.7"," "," ","-5.3"," "," ","8.5","7.5","5.4"," "," "," ","-0.2","-4.4"," "," ","6.0"," "," ","0.3","3.4","-0.3"," "," "," ","-0.5","1.1"," "," ","0.8"," "," ","0.36","2.84","-11.44"," "," "," ","-1.75","2.09"," "," ","4.43"," "," ","12768"
"Jesse Hahn","Athletics","25","3","17.0","67","85","158","243","30.1 %","61.2 %","46.7 %","76.5 %","91.1 %","86.7 %","53.3 %","16.9 %","46.1 %"," "," "," "," ","2.5 %","22.6 %"," "," ","11.5 %"," "," "," ","92.8","92.7"," "," "," "," ","79.7","75.5"," "," ","85.0"," "," ","-6.9","-8.5"," "," "," "," ","7.4","8.9"," "," ","-8.6"," "," ","10.1","6.9"," "," "," "," ","-2.0","-7.5"," "," ","2.3"," "," ","0.0","3.1"," "," "," "," ","-0.4","1.3"," "," ","-0.5"," "," ","0.09","2.76"," "," "," "," ","-6.07","2.33"," "," ","-1.73"," "," ","13287"
"Joe Kelly","Red Sox","27","2","12.2","47","84","127","211","26.1 %","64.1 %","42.7 %","58.1 %","86.4 %","76.7 %","43.6 %","25.6 %","47.4 %"," "," "," "," ","15.6 %","7.1 %"," "," ","4.3 %"," "," "," ","96.5","95.7"," "," "," "," ","85.8","78.4"," "," ","85.5"," "," ","-5.8","-8.8"," "," "," "," ","3.6","7.6"," "," ","-9.0"," "," ","8.8","7.1"," "," "," "," ","-0.5","-8.4"," "," ","2.4"," "," ","1.9","1.1"," "," "," "," ","0.6","0.4"," "," ","0.0"," "," ","3.49","1.07"," "," "," "," ","1.68","2.43"," "," ","0.26"," "," ","9761"
"Johnny Cueto","Reds","29","3","21.0","79","90","200","290","36.6 %","67.6 %","52.8 %","65.3 %","86.0 %","79.2 %","52.5 %","34.6 %","20.6 %","12.9 %"," "," "," ","14.3 %","1.1 %"," "," ","15.0 %"," "," "," ","91.9","92.2","88.0"," "," "," ","82.8","77.5"," "," ","83.7"," "," ","-4.9","-8.7","0.3"," "," "," ","2.4","2.8"," "," ","-6.0"," "," ","9.4","8.1","5.7"," "," "," ","1.1","-0.5"," "," ","2.7"," "," ","2.3","2.8","0.9"," "," "," ","0.8","0.5"," "," ","-2.1"," "," ","2.36","4.75","2.52"," "," "," ","1.89","17.11"," "," ","-4.97"," "," ","6893"
"Bartolo Colon","Mets","42","3","20.0","76","69","185","254","31.2 %","62.7 %","51.2 %","62.1 %","89.1 %","83.1 %","63.4 %","39.8 %","48.0 %"," "," "," "," ","8.7 %"," "," "," ","3.5 %"," "," "," ","90.0","87.5"," "," "," "," ","83.1"," "," "," ","80.4"," "," ","-3.2","-8.7"," "," "," "," ","1.0"," "," "," ","-7.0"," "," ","9.2","4.9"," "," "," "," ","2.2"," "," "," ","5.0"," "," ","0.9","0.3"," "," "," "," ","1.4"," "," "," ","0.0"," "," ","0.86","0.23"," "," "," "," ","6.42"," "," "," ","0.00"," "," ","375"
"Chris Sale","White Sox","26","2","12.0","47","58","141","199","39.0 %","69.2 %","54.8 %","62.2 %","80.6 %","74.3 %","52.3 %","15.1 %","47.2 %","5.5 %","0.5 %"," "," ","8.5 %"," "," "," ","23.1 %"," "," "," ","90.7","95.0","92.6","81.5"," "," ","81.9"," "," "," ","85.0"," "," ","10.4","10.9","9.9","-4.6"," "," ","-1.6"," "," "," ","12.8"," "," ","6.6","7.0","5.8","-0.8"," "," ","-1.1"," "," "," ","4.3"," "," ","-0.4","2.5","-0.1","0.2"," "," ","-1.4"," "," "," ","1.5"," "," ","-1.44","2.70","-0.82","20.56"," "," ","-8.20"," "," "," ","3.18"," "," ","10603"
"Carlos Martinez","Cardinals","23","2","12.0","47","67","119","186","25.0 %","65.7 %","47.3 %","42.9 %","91.0 %","79.6 %","54.8 %","35.0 %","18.8 %"," "," "," "," "," ","25.3 %"," "," ","21.0 %"," "," "," ","93.0","93.7"," "," "," "," "," ","82.7"," "," ","85.7"," "," ","-5.9","-8.5"," "," "," "," "," ","7.2"," "," ","-9.6"," "," ","7.2","3.8"," "," "," "," "," ","-1.3"," "," ","3.0"," "," ","-2.1","0.6"," "," "," "," "," ","1.4"," "," ","1.3"," "," ","-3.27","1.66"," "," "," "," "," ","2.90"," "," ","3.28"," "," ","11682"
"Eddie Butler","Rockies","24","3","16.0","71","113","154","267","28.8 %","59.8 %","41.2 %","60.9 %","93.8 %","80.0 %","40.1 %","44.6 %","28.1 %"," "," "," "," ","19.5 %"," "," "," ","7.9 %"," "," "," ","92.7","92.7"," "," "," "," ","86.6"," "," "," ","87.1"," "," ","-6.3","-8.4"," "," "," "," ","2.2"," "," "," ","-9.3"," "," ","7.1","4.5"," "," "," "," ","-2.2"," "," "," ","1.6"," "," ","0.9","-1.8"," "," "," "," ","0.7"," "," "," ","-0.7"," "," ","0.77","-2.42"," "," "," "," ","1.37"," "," "," ","-3.41"," "," ","13453"
"Felix Hernandez","Mariners","29","3","19.0","74","105","184","289","34.5 %","58.1 %","44.1 %","62.7 %","82.4 %","73.2 %","40.6 %","9.3 %"," "," "," "," ","14.2 %","10.7 %","18.7 %"," "," ","46.7 %"," "," "," ","91.5"," "," "," "," ","91.5","85.2","79.3"," "," ","88.6"," "," ","-2.3"," "," "," "," ","-6.9","-1.5","7.5"," "," ","-6.3"," "," ","4.6"," "," "," "," ","0.7","-2.1","-12.9"," "," ","-1.5"," "," ","-1.5"," "," "," "," ","-0.6","0.2","1.3"," "," ","4.1"," "," ","-5.71"," "," "," "," ","-1.44","0.76","2.48"," "," ","3.03"," "," ","4772"
"Carlos Carrasco","Indians","28","3","11.1","43","44","112","156","36.0 %","76.5 %","57.1 %","44.4 %","83.9 %","71.9 %","51.9 %","49.4 %","5.1 %"," "," "," "," ","21.2 %","4.5 %"," "," ","19.9 %"," "," "," ","94.8","95.5"," "," "," "," ","87.3","82.0"," "," ","86.4"," "," ","-5.5","-9.6"," "," "," "," ","1.2","6.7"," "," ","-5.4"," "," ","8.1","7.8"," "," "," "," ","3.1","-3.7"," "," ","1.8"," "," ","1.5","-0.7"," "," "," "," ","1.0","-0.4"," "," ","1.3"," "," ","1.99","-8.85"," "," "," "," ","2.97","-5.45"," "," ","4.12"," "," ","6632"
"Tyler Matzek","Rockies","24","3","15.0","66","124","137","261","21.1 %","54.1 %","34.9 %","59.4 %","88.1 %","78.0 %","41.8 %","45.2 %"," "," "," "," "," ","43.3 %","6.9 %"," "," ","4.6 %"," "," "," ","90.7"," "," "," "," "," ","83.4","79.3"," "," ","86.9"," "," ","5.6"," "," "," "," "," ","-0.9","-1.2"," "," ","9.6"," "," ","8.6"," "," "," "," "," ","-0.8","-3.3"," "," ","8.3"," "," ","1.0"," "," "," "," "," ","-2.3","-0.3"," "," ","0.5"," "," ","0.86"," "," "," "," "," ","-2.05","-1.64"," "," ","3.77"," "," ","10058"
"Collin McHugh","Astros","28","3","18.2","75","100","191","291","32.9 %","55.8 %","44.5 %","59.6 %","82.9 %","74.4 %","50.7 %","29.9 %"," "," "," "," "," ","40.6 %","22.3 %"," "," ","6.9 %"," "," "," ","90.6"," "," "," "," "," ","86.7","74.4"," "," ","83.3"," "," ","-3.5"," "," "," "," "," ","3.5","8.3"," "," ","-6.8"," "," ","8.0"," "," "," "," "," ","1.8","-8.6"," "," ","3.1"," "," ","0.4"," "," "," "," "," ","-0.4","2.3"," "," ","0.2"," "," ","0.43"," "," "," "," "," ","-0.37","3.50"," "," ","1.15"," "," ","7531"
"Hector Santiago","Angels","27","3","18.1","75","107","197","304","23.5 %","57.9 %","41.5 %","79.4 %","88.0 %","85.7 %","52.3 %","8.9 %"," ","10.9 %"," "," ","54.6 %"," ","11.8 %"," "," ","13.5 %","0.3 %"," "," ","90.4"," ","85.3"," "," ","90.5"," ","76.1"," "," ","82.8","71.4"," ","6.0"," ","0.2"," "," ","8.6"," ","-2.0"," "," ","10.4","9.1"," ","11.6"," ","5.8"," "," ","11.1"," ","-1.8"," "," ","7.2","-7.7"," ","1.2"," ","-2.0"," "," ","2.4"," ","1.3"," "," ","-1.2","0.0"," ","4.40"," ","-6.14"," "," ","1.48"," ","3.66"," "," ","-2.81","2.78"," ","4026"
"Corey Kluber","Indians","29","3","21.2","81","101","204","305","38.4 %","64.8 %","50.8 %","44.3 %","84.8 %","68.6 %","47.2 %","3.9 %"," "," "," "," ","40.7 %","36.1 %","13.1 %"," "," ","4.9 %"," "," "," ","92.7"," "," "," "," ","92.7","88.1","82.3"," "," ","84.3"," "," ","-3.3"," "," "," "," ","-6.1","4.2","10.9"," "," ","-6.5"," "," ","8.0"," "," "," "," ","6.5","2.7","-1.6"," "," ","2.6"," "," ","0.0"," "," "," "," ","1.3","5.6","1.2"," "," ","-0.1"," "," ","0.24"," "," "," "," ","1.02","5.09","2.89"," "," ","-0.89"," "," ","2429"
"Miguel Gonzalez","Orioles","31","3","17.2","73","111","191","302","31.3 %","63.2 %","45.7 %","53.9 %","84.9 %","73.2 %","45.0 %","45.4 %","7.6 %"," "," "," "," ","17.6 %","14.6 %"," "," ","14.9 %"," "," "," ","90.4","90.3"," "," "," "," ","83.9","76.6"," "," ","83.3"," "," ","-3.0","-8.4"," "," "," "," ","3.5","7.1"," "," ","-5.8"," "," ","11.8","8.2"," "," "," "," ","4.5","-4.8"," "," ","3.3"," "," ","-1.1","0.7"," "," "," "," ","1.7","-0.1"," "," ","1.6"," "," ","-0.78","2.93"," "," "," "," ","3.18","-0.22"," "," ","3.65"," "," ","7024"
"Andrew Cashner","Padres","28","3","17.0","79","102","205","307","33.1 %","63.3 %","47.9 %","59.6 %","86.3 %","76.9 %","48.9 %","49.5 %","18.9 %","0.3 %"," "," "," ","14.0 %","1.0 %"," "," ","16.3 %"," "," "," ","95.2","95.5","88.5"," "," "," ","85.1","72.9"," "," ","85.3"," "," ","-6.5","-8.7","-1.8"," "," "," ","0.4","-2.5"," "," ","-7.7"," "," ","10.2","7.2","2.2"," "," "," ","2.8","10.8"," "," ","6.3"," "," ","-0.5","-5.6","0.2"," "," "," ","2.3","0.1"," "," ","-0.5"," "," ","-0.33","-9.66","18.49"," "," "," ","5.37","1.79"," "," ","-0.93"," "," ","8782"
"J.A. Happ","Mariners","32","2","13.1","52","61","119","180","28.7 %","60.2 %","45.0 %","76.0 %","87.5 %","84.0 %","51.7 %","31.1 %","20.6 %"," "," "," "," ","17.2 %","20.6 %"," "," ","10.6 %"," "," "," ","91.3","90.9"," "," "," "," ","85.6","78.5"," "," ","85.5"," "," ","5.7","6.6"," "," "," "," ","-0.2","-2.4"," "," ","9.5"," "," ","5.9","3.5"," "," "," "," ","-1.7","-8.3"," "," ","4.0"," "," ","1.0","-1.6"," "," "," "," ","0.9","0.8"," "," ","0.3"," "," ","1.87","-4.24"," "," "," "," ","2.75","2.07"," "," ","1.42"," "," ","7410"
"John Lackey","Cardinals","36","2","13.0","51","50","122","172","40.7 %","65.1 %","52.9 %","48.6 %","89.3 %","73.6 %","50.0 %","21.5 %","37.2 %","27.3 %"," "," "," "," ","8.7 %"," "," ","5.2 %"," "," "," ","91.0","90.7","83.2"," "," "," "," ","77.7"," "," ","82.0"," "," ","-3.4","-9.6","1.5"," "," "," "," ","3.5"," "," ","-10.6"," "," ","9.3","5.0","1.2"," "," "," "," ","-3.3"," "," ","5.4"," "," ","-3.4","4.4","1.0"," "," "," "," ","0.0"," "," ","0.4"," "," ","-9.28","6.87","2.15"," "," "," "," ","0.22"," "," ","4.13"," "," ","1507"
"James Shields","Padres","33","3","19.0","80","103","198","301","34.0 %","62.9 %","47.6 %","54.7 %","78.4 %","69.5 %","47.3 %","34.3 %","11.7 %","20.7 %"," "," "," "," "," ","12.3 %"," ","19.7 %"," "," "," ","91.9","91.8","87.0"," "," "," "," "," ","78.7"," ","84.8"," "," ","-4.6","-7.8","2.8"," "," "," "," "," ","4.2"," ","-7.8"," "," ","9.9","6.9","3.4"," "," "," "," "," ","-5.3"," ","4.8"," "," ","3.3","-0.7","1.7"," "," "," "," "," ","-4.4"," ","0.9"," "," ","3.24","-1.98","2.81"," "," "," "," "," ","-11.79"," ","1.57"," "," ","7059"
"Francisco Liriano","Pirates","31","3","18.0","70","101","173","274","33.9 %","56.7 %","42.0 %","50.0 %","83.6 %","66.1 %","35.4 %","2.2 %","43.8 %"," "," "," "," ","28.5 %","0.4 %"," "," ","25.2 %"," "," "," ","92.1","92.2"," "," "," "," ","84.9","77.9"," "," ","84.8"," "," ","6.9","10.0"," "," "," "," ","0.5","0.2"," "," ","10.3"," "," ","8.8","6.9"," "," "," "," ","2.3","-0.3"," "," ","4.9"," "," ","0.3","0.3"," "," "," "," ","1.7","0.0"," "," ","1.7"," "," ","4.50","0.21"," "," "," "," ","2.17","-3.84"," "," ","2.47"," "," ","3201"
"Danny Salazar","Indians","25","1","6.0","24","38","67","105","29.4 %","72.2 %","51.4 %","40.0 %","69.2 %","61.1 %","51.4 %","73.3 %","2.9 %"," "," "," "," ","7.6 %"," "," "," ","16.2 %"," "," "," ","95.8","95.2"," "," "," "," ","85.2"," "," "," ","85.8"," "," ","-4.3","-7.9"," "," "," "," ","2.6"," "," "," ","-3.1"," "," ","9.2","8.0"," "," "," "," ","-1.3"," "," "," ","1.0"," "," ","-0.8","0.0"," "," "," "," ","0.1"," "," "," ","0.2"," "," ","-1.04","-0.40"," "," "," "," ","0.99"," "," "," ","0.96"," "," ","5867"
"Chase Anderson","Diamondbacks","27","3","18.0","71","109","185","294","26.2 %","66.4 %","46.0 %","71.1 %","85.0 %","80.9 %","49.1 %","42.6 %","21.5 %"," "," "," "," "," ","12.1 %"," "," ","22.5 %"," "," "," ","91.3","91.2"," "," "," "," "," ","76.6"," "," ","81.1"," "," ","-3.8","-7.6"," "," "," "," "," ","4.7"," "," ","-9.6"," "," ","10.2","7.5"," "," "," "," "," ","-6.8"," "," ","6.7"," "," ","-1.8","0.3"," "," "," "," "," ","0.4"," "," ","2.4"," "," ","-1.48","0.53"," "," "," "," "," ","1.04"," "," ","3.67"," "," ","6895"
"Wei-Yin Chen","Orioles","29","3","14.2","66","106","174","280","25.2 %","66.2 %","45.2 %","72.2 %","85.6 %","81.8 %","48.8 %","28.3 %","30.8 %"," "," "," "," ","17.6 %","9.7 %"," "," ","13.6 %"," "," "," ","90.1","89.6"," "," "," "," ","81.0","72.6"," "," ","82.2"," "," ","7.7","10.6"," "," "," "," ","-0.5","-2.3"," "," ","10.8"," "," ","10.8","9.3"," "," "," "," ","1.7","-5.2"," "," ","8.2"," "," ","0.4","-1.4"," "," "," "," ","0.6","-1.2"," "," ","-0.2"," "," ","0.53","-1.61"," "," "," "," ","1.14","-4.40"," "," ","-0.47"," "," ","13071"
"Nathan Eovaldi","Yankees","25","3","17.1","77","105","184","289","24.3 %","63.2 %","44.8 %","57.6 %","91.7 %","83.0 %","52.8 %","49.1 %","0.7 %"," "," "," "," ","29.4 %","14.5 %"," "," ","5.9 %"," "," "," ","95.9","98.1"," "," "," "," ","84.0","75.0"," "," ","83.5"," "," ","-6.9","-11.0"," "," "," "," ","3.0","6.9"," "," ","-3.4"," "," ","7.9","6.6"," "," "," "," ","0.0","-6.7"," "," ","1.6"," "," ","-2.2","0.2"," "," "," "," ","1.8","-1.1"," "," ","0.2"," "," ","-1.52","11.17"," "," "," "," ","2.11","-2.63"," "," ","0.99"," "," ","9132"
"Brandon Morrow","Padres","30","3","20.0","76","95","187","282","29.2 %","67.4 %","48.6 %","57.5 %","85.3 %","77.0 %","50.7 %","47.1 %"," ","0.4 %","16.2 %"," ","0.7 %","28.8 %"," ","6.8 %"," "," "," "," "," ","93.4"," ","91.2","83.1"," ","95.1","86.6"," ","79.9"," "," "," "," ","-3.8"," ","1.0","-5.6"," ","-7.1","2.4"," ","2.9"," "," "," "," ","9.5"," ","8.0","4.3"," ","6.6","2.7"," ","-4.4"," "," "," "," ","0.8"," ","0.0","-0.1"," ","0.1","1.4"," ","0.3"," "," "," "," ","0.64"," ","4.54","-0.31"," ","7.41","1.79"," ","1.82"," "," "," "," ","9346"
"Gerrit Cole","Pirates","24","3","17.0","69","98","184","282","35.7 %","61.6 %","47.2 %","64.3 %","81.8 %","74.4 %","44.3 %","72.3 %"," "," "," "," "," ","19.2 %","3.9 %"," "," ","4.6 %"," "," "," ","95.3"," "," "," "," "," ","86.5","82.7"," "," ","88.1"," "," ","-7.3"," "," "," "," "," ","3.9","6.7"," "," ","-6.9"," "," ","6.7"," "," "," "," "," ","-1.0","-2.2"," "," ","5.4"," "," ","3.3"," "," "," "," "," ","0.5","-0.5"," "," ","-0.2"," "," ","1.59"," "," "," "," "," ","0.92","-4.73"," "," ","-1.39"," "," ","13125"
"Travis Wood","Cubs","28","3","16.2","68","99","174","273","26.4 %","61.4 %","44.6 %","61.8 %","87.2 %","80.0 %","52.0 %","39.3 %","18.0 %","22.8 %"," "," "," ","5.5 %","3.3 %"," "," ","9.9 %"," "," "," ","89.1","88.2","85.1"," "," "," ","77.6","69.7"," "," ","79.7"," "," ","5.2","8.3","-0.4"," "," "," ","-2.1","-2.8"," "," ","10.0"," "," ","10.6","8.3","6.3"," "," "," ","0.4","-7.4"," "," ","5.7"," "," ","2.8","-1.7","-0.5"," "," "," ","-0.2","0.2"," "," ","1.0"," "," ","2.58","-3.38","-0.84"," "," "," ","-1.57","2.15"," "," ","3.65"," "," ","9884"
"R.A. Dickey","Blue Jays","40","3","19.1","80","123","177","300","23.9 %","61.7 %","41.7 %","68.4 %","80.5 %","76.8 %","47.0 %","11.7 %"," "," "," "," "," ","0.3 %"," "," ","1.3 %"," "," ","86.7 %"," ","80.5"," "," "," "," "," ","72.9"," "," ","63.1"," "," ","74.7","-8.8"," "," "," "," "," ","1.7"," "," ","-2.0"," "," ","-0.7","4.2"," "," "," "," "," ","-3.5"," "," ","1.1"," "," ","1.4","-1.4"," "," "," "," "," ","0.8"," "," ","0.5"," "," ","2.5","-4.05"," "," "," "," "," ","79.39"," "," ","12.34"," "," ","0.98","1245"
"Kyle Lobstein","Tigers","25","2","11.0","48","82","111","193","26.7 %","52.8 %","39.1 %","59.3 %","87.5 %","77.3 %","47.4 %","25.5 %"," ","21.4 %"," "," ","17.2 %"," ","8.3 %"," "," ","27.6 %"," "," "," ","86.0"," ","81.7"," "," ","85.5"," ","73.7"," "," ","82.0"," "," ","8.3"," ","0.9"," "," ","9.8"," ","-1.7"," "," ","9.0"," "," ","8.3"," ","4.5"," "," ","6.9"," ","-5.6"," "," ","6.1"," "," ","-0.1"," ","-0.6"," "," ","0.7"," ","0.0"," "," ","1.3"," "," ","-0.16"," ","-1.40"," "," ","2.12"," ","-0.26"," "," ","2.51"," "," ","9178"
"Dan Haren","Marlins","34","3","19.0","71","98","180","278","27.5 %","56.9 %","43.0 %","75.0 %","90.4 %","85.7 %","52.7 %","20.9 %","8.7 %","32.9 %","26.0 %"," "," "," "," ","11.6 %"," "," "," "," "," ","86.4","86.0","83.2","82.1"," "," "," "," ","74.9"," "," "," "," ","-4.9","-7.4","2.3","-2.6"," "," "," "," ","4.3"," "," "," "," ","9.8","9.3","6.3","6.6"," "," "," "," ","-5.4"," "," "," "," ","1.7","0.2","1.9","-2.3"," "," "," "," ","0.7"," "," "," "," ","2.85","0.84","2.10","-3.25"," "," "," "," ","2.21"," "," "," "," ","1757"
"Josh Collmenter","Diamondbacks","29","3","18.2","79","100","177","277","28.1 %","67.2 %","46.6 %","63.4 %","94.3 %","84.5 %","47.3 %","0.4 %"," ","63.2 %"," "," "," "," ","6.5 %"," "," ","30.0 %"," "," "," ","84.8"," ","84.3"," "," "," "," ","72.2"," "," ","77.2"," "," ","-3.5"," ","1.3"," "," "," "," ","-1.9"," "," ","-3.8"," "," ","9.4"," ","10.7"," "," "," "," ","-4.3"," "," ","8.6"," "," ","0.0"," ","-2.6"," "," "," "," ","-1.8"," "," ","1.8"," "," ","-1.43"," ","-1.48"," "," "," "," ","-10.14"," "," ","2.12"," "," ","7312"
"Roberto Hernandez","Astros","34","2","10.2","45","77","111","188","31.4 %","59.1 %","41.2 %","73.7 %","92.3 %","83.1 %","35.3 %","18.1 %"," "," "," "," ","44.2 %","10.6 %"," "," "," ","26.6 %"," "," "," ","89.1"," "," "," "," ","89.0","84.0"," "," "," ","82.0"," "," ","-5.8"," "," "," "," ","-7.8","1.8"," "," "," ","-7.5"," "," ","8.7"," "," "," "," ","6.8","3.5"," "," "," ","2.8"," "," ","0.8"," "," "," "," ","-0.7","-2.2"," "," "," ","1.2"," "," ","2.33"," "," "," "," ","-0.78","-10.85"," "," "," ","2.35"," "," ","3273"
"Tommy Milone","Twins","28","3","18.2","79","119","174","293","27.1 %","68.9 %","44.5 %","67.4 %","94.1 %","84.6 %","41.8 %","49.7 %","17.8 %","10.3 %"," "," "," "," ","5.8 %"," "," ","16.4 %"," "," "," ","87.3","86.8","86.3"," "," "," "," ","73.5"," "," ","80.6"," "," ","5.0","9.1","1.7"," "," "," "," ","-3.5"," "," ","10.0"," "," ","10.2","7.3","11.6"," "," "," "," ","-4.8"," "," ","4.5"," "," ","2.4","-1.5","-1.3"," "," "," "," ","0.2"," "," ","0.0"," "," ","1.69","-2.84","-4.29"," "," "," "," ","1.11"," "," ","0.02"," "," ","7608"
"Gio Gonzalez","Nationals","29","3","18.1","81","109","197","306","30.3 %","60.0 %","44.0 %","77.6 %","86.9 %","83.5 %","46.4 %","34.0 %","29.4 %"," "," "," "," "," ","16.3 %"," "," ","19.0 %"," "," "," ","92.1","91.8"," "," "," "," "," ","77.8"," "," ","83.4"," "," ","7.1","10.9"," "," "," "," "," ","-6.5"," "," ","9.7"," "," ","9.4","6.9"," "," "," "," "," ","-8.4"," "," ","3.7"," "," ","1.1","-3.0"," "," "," "," "," ","-0.8"," "," ","1.4"," "," ","1.02","-3.30"," "," "," "," "," ","-1.51"," "," ","2.41"," "," ","7448"
"Yovani Gallardo","Rangers","29","3","15.2","69","105","173","278","26.2 %","61.2 %","42.5 %","56.4 %","86.1 %","76.3 %","46.4 %","18.7 %","35.3 %"," "," "," "," ","22.3 %","16.6 %"," "," ","7.2 %"," "," "," ","90.0","90.7"," "," "," "," ","87.1","79.1"," "," ","85.4"," "," ","-1.7","-4.1"," "," "," "," ","3.2","3.9"," "," ","-7.4"," "," ","10.8","5.8"," "," "," "," ","3.4","-7.6"," "," ","5.4"," "," ","0.2","0.2"," "," "," "," ","-1.1","0.0"," "," ","-1.0"," "," ","0.30","0.19"," "," "," "," ","-1.71","-0.09"," "," ","-4.81"," "," ","8173"
"Jordan Lyles","Rockies","24","3","18.0","75","110","162","272","31.6 %","64.7 %","46.1 %","64.6 %","89.6 %","80.0 %","43.9 %","35.4 %","24.0 %"," "," "," "," ","12.6 %","8.9 %"," "," ","19.2 %"," "," "," ","91.8","90.9"," "," "," "," ","87.8","81.1"," "," ","82.2"," "," ","-5.3","-7.9"," "," "," "," ","0.6","2.6"," "," ","-6.5"," "," ","7.4","4.6"," "," "," "," ","2.9","-4.4"," "," ","3.6"," "," ","1.0","-1.1"," "," "," "," ","1.6","0.7"," "," ","-1.1"," "," ","1.09","-1.64"," "," "," "," ","4.81","2.80"," "," ","-2.07"," "," ","7593"
"Matt Harvey","Mets","26","3","18.0","75","80","190","270","37.7 %","59.9 %","48.5 %","57.7 %","79.8 %","71.0 %","48.9 %","70.0 %","2.2 %"," "," "," "," ","5.9 %","14.4 %"," "," ","7.4 %"," "," "," ","94.9","93.6"," "," "," "," ","88.6","82.7"," "," ","86.6"," "," ","-7.1","-10.3"," "," "," "," ","1.3","1.0"," "," ","-8.5"," "," ","8.3","6.8"," "," "," "," ","2.5","-3.4"," "," ","4.9"," "," ","1.4","0.5"," "," "," "," ","-0.5","-0.1"," "," ","0.2"," "," ","0.73","7.99"," "," "," "," ","-3.09","-0.15"," "," ","0.81"," "," ","11713"
"C.J. Wilson","Angels","34","3","20.1","83","112","186","298","28.6 %","67.7 %","46.3 %","76.1 %","91.1 %","86.0 %","45.2 %","28.2 %","33.2 %","3.7 %"," "," "," ","6.4 %","10.1 %"," "," ","17.1 %"," "," "," ","90.7","90.5","88.1"," "," "," ","83.5","78.0"," "," ","85.0"," "," ","6.0","10.5","1.5"," "," "," ","0.2","-4.7"," "," ","9.4"," "," ","5.3","5.4","4.4"," "," "," ","0.0","-5.9"," "," ","5.5"," "," ","0.0","1.2","0.3"," "," "," ","0.6","1.2"," "," ","0.8"," "," ","-0.02","1.17","2.47"," "," "," ","3.21","3.95"," "," ","1.51"," "," ","3580"
"Casey Sadler","Pirates","24","1","5.0","19","26","51","77","26.3 %","53.9 %","40.3 %","70.0 %","90.5 %","83.9 %","50.7 %"," "," "," "," "," ","70.1 %","18.2 %"," "," "," ","11.7 %"," "," "," "," "," "," "," "," ","90.7","85.7"," "," "," ","84.1"," "," "," "," "," "," "," ","-9.6","1.3"," "," "," ","-9.2"," "," "," "," "," "," "," ","4.0","2.1"," "," "," ","2.7"," "," "," "," "," "," "," ","-0.6","0.6"," "," "," ","-0.3"," "," "," "," "," "," "," ","-1.17","4.25"," "," "," ","-3.06"," "," ","11209"
"Jerome Williams","Phillies","33","3","17.0","76","93","176","269","35.3 %","65.8 %","48.5 %","56.6 %","93.3 %","78.1 %","43.2 %","27.9 %"," ","8.9 %"," "," ","36.4 %","6.0 %","6.0 %"," "," ","13.0 %"," "," "," ","88.1"," ","86.2"," "," ","89.3","81.8","75.5"," "," ","83.4"," "," ","-4.2"," ","0.1"," "," ","-10.7","0.6","3.3"," "," ","-8.8"," "," ","5.9"," ","3.9"," "," ","4.8","0.4","-2.9"," "," ","3.4"," "," ","0.3"," ","0.6"," "," ","-1.7","-0.3","-1.9"," "," ","0.3"," "," ","0.37"," ","2.47"," "," ","-1.74","-1.97","-11.81"," "," ","0.82"," "," ","1137"
"Julio Teheran","Braves","24","3","17.0","73","107","173","280","29.1 %","56.1 %","41.8 %","62.8 %","85.1 %","76.9 %","47.1 %","31.1 %","26.4 %"," "," "," "," ","25.7 %","10.0 %"," "," ","6.8 %"," "," "," ","91.3","89.5"," "," "," "," ","79.1","72.2"," "," ","80.8"," "," ","-4.8","-9.0"," "," "," "," ","3.8","7.2"," "," ","-8.1"," "," ","7.8","4.1"," "," "," "," ","-1.3","-6.1"," "," ","3.7"," "," ","-3.4","-0.3"," "," "," "," ","1.2","-0.6"," "," ","-1.0"," "," ","-3.86","-0.46"," "," "," "," ","1.65","-2.00"," "," ","-5.08"," "," ","6797"
"Colby Lewis","Rangers","35","3","19.0","76","111","184","295","23.7 %","64.6 %","44.1 %","68.6 %","88.4 %","83.1 %","49.8 %","46.8 %","7.8 %"," "," "," "," ","21.7 %","11.9 %"," "," ","11.9 %"," "," "," ","88.2","88.0"," "," "," "," ","82.4","76.6"," "," ","84.1"," "," ","-3.8","-7.2"," "," "," "," ","2.6","6.7"," "," ","-6.3"," "," ","10.2","5.2"," "," "," "," ","-0.2","-5.6"," "," ","7.0"," "," ","0.0","0.3"," "," "," "," ","-2.1","-0.6"," "," ","-0.9"," "," ","0.02","1.39"," "," "," "," ","-3.29","-1.79"," "," ","-2.54"," "," ","1259"
"Mike Leake","Reds","27","3","20.2","83","105","193","298","29.3 %","63.7 %","46.9 %","78.1 %","92.5 %","88.1 %","51.1 %","5.4 %"," ","6.0 %"," "," ","51.7 %","8.7 %"," ","13.8 %"," ","10.4 %"," "," "," ","89.3"," ","89.5"," "," ","90.1","81.0"," ","78.6"," ","85.4"," "," ","-2.0"," ","0.7"," "," ","-8.4","4.6"," ","6.4"," ","-8.8"," "," ","3.7"," ","4.0"," "," ","3.0","-1.7"," ","-6.6"," ","4.8"," "," ","-2.2"," ","0.5"," "," ","1.2","1.1"," ","1.4"," ","-0.7"," "," ","-13.48"," ","2.90"," "," ","0.75","4.17"," ","3.39"," ","-2.21"," "," ","10130"
"Tim Hudson","Giants","39","3","18.1","79","96","179","275","33.1 %","67.8 %","48.5 %","62.0 %","87.8 %","78.0 %","44.5 %","2.2 %"," ","23.5 %","11.0 %"," ","51.8 %"," ","11.4 %"," "," "," "," "," "," ","87.4"," ","81.9","79.7"," ","87.4"," ","75.3"," "," "," "," "," ","-5.5"," ","2.2","-6.4"," ","-8.4"," ","7.6"," "," "," "," "," ","6.4"," ","0.3","0.7"," ","2.5"," ","-4.5"," "," "," "," "," ","-0.3"," ","0.8","1.5"," ","-1.7"," ","-0.2"," "," "," "," "," ","-4.36"," ","1.19","4.85"," ","-1.19"," ","-0.50"," "," "," "," "," ","921"
"Alex Wood","Braves","24","3","18.1","77","105","173","278","20.4 %","57.5 %","39.2 %","67.9 %","96.3 %","89.0 %","50.7 %","71.6 %"," "," "," "," "," "," "," ","17.3 %"," ","11.2 %"," "," "," ","89.8"," "," "," "," "," "," "," ","78.8"," ","82.8"," "," ","10.6"," "," "," "," "," "," "," ","-4.2"," ","11.8"," "," ","6.2"," "," "," "," "," "," "," ","-3.6"," ","1.8"," "," ","0.3"," "," "," "," "," "," "," ","1.0"," ","-1.1"," "," ","0.17"," "," "," "," "," "," "," ","2.07"," ","-3.42"," "," ","13781"
"Masahiro Tanaka","Yankees","26","3","16.0","66","96","168","264","28.6 %","53.2 %","40.2 %","50.0 %","90.9 %","75.5 %","47.0 %","22.4 %"," ","3.4 %","24.2 %"," ","21.2 %","24.2 %","4.6 %"," "," "," "," "," "," ","90.5"," ","88.1","85.9"," ","90.2","82.4","74.4"," "," "," "," "," ","-3.8"," ","0.8","-6.1"," ","-8.4","3.7","8.2"," "," "," "," "," ","11.0"," ","7.0","3.3"," ","7.6","2.3","-4.4"," "," "," "," "," ","1.7"," ","0.6","2.1"," ","-2.7","0.5","0.0"," "," "," "," "," ","2.83"," ","6.31","3.35"," ","-4.89","0.83","-0.25"," "," "," "," "," ","15764"
"Mark Buehrle","Blue Jays","36","3","18.0","78","111","171","282","25.7 %","68.1 %","47.5 %","82.9 %","92.9 %","90.2 %","51.4 %","16.4 %","19.6 %","14.6 %"," "," "," ","0.4 %","10.0 %"," "," ","38.9 %"," "," "," ","83.5","83.4","80.0"," "," "," ","79.7","73.3"," "," ","78.9"," "," ","2.1","7.9","-1.1"," "," "," ","1.6","-3.2"," "," ","7.6"," "," ","8.5","6.2","3.3"," "," "," ","7.5","-2.1"," "," ","4.9"," "," ","-1.5","-0.5","-0.8"," "," "," ","0.0","0.1"," "," ","-1.1"," "," ","-3.22","-0.93","-1.85"," "," "," ","2.78","0.28"," "," ","-1.01"," "," ","225"
"Tyson Ross","Padres","28","3","17.2","80","129","177","306","30.6 %","61.5 %","43.1 %","43.6 %","85.3 %","67.7 %","40.4 %","24.8 %","34.6 %"," "," "," "," ","38.6 %"," "," "," ","0.7 %"," "," "," ","93.5","93.7"," "," "," "," ","87.4"," "," "," ","86.4"," "," ","-4.2","-8.2"," "," "," "," ","1.7"," "," "," ","-8.2"," "," ","8.9","4.7"," "," "," "," ","2.1"," "," "," ","6.6"," "," ","-0.4","-0.3"," "," "," "," ","-0.7"," "," "," ","-0.1"," "," ","-0.59","-0.33"," "," "," "," ","-0.57"," "," "," ","-3.29"," "," ","7872"
"Drew Pomeranz","Athletics","26","3","17.0","68","104","169","273","24.8 %","68.0 %","45.1 %","77.8 %","87.4 %","84.6 %","46.9 %","41.8 %","20.9 %"," "," "," "," "," "," ","34.4 %"," ","2.9 %"," "," "," ","91.3","88.0"," "," "," "," "," "," ","79.9"," ","83.1"," "," ","6.1","10.1"," "," "," "," "," "," ","-3.2"," ","10.8"," "," ","10.9","9.2"," "," "," "," "," "," ","-7.6"," ","7.9"," "," ","0.3","0.1"," "," "," "," "," "," ","-0.3"," ","0.2"," "," ","0.27","0.22"," "," "," "," "," "," ","-0.31"," ","2.22"," "," ","11426"
"Jeff Samardzija","White Sox","30","3","21.0","89","96","215","311","32.0 %","70.6 %","52.3 %","68.1 %","87.8 %","82.1 %","52.6 %","34.1 %","12.9 %","14.5 %","12.2 %"," "," ","26.1 %"," "," "," "," "," "," "," ","94.4","94.4","91.9","84.4"," "," ","83.5"," "," "," "," "," "," ","-7.8","-10.4","-3.7","-6.0"," "," ","1.2"," "," "," "," "," "," ","7.0","3.8","6.7","4.1"," "," ","-1.9"," "," "," "," "," "," ","1.3","-3.1","0.4","0.8"," "," ","-1.0"," "," "," "," "," "," ","1.25","-7.87","0.81","2.14"," "," ","-1.30"," "," "," "," "," "," ","3254"
"CC Sabathia","Yankees","34","3","20.2","82","91","193","284","34.3 %","63.6 %","49.3 %","55.3 %","90.1 %","78.3 %","51.1 %","18.3 %"," "," "," "," ","29.9 %","6.0 %","19.7 %"," "," ","24.7 %"," "," "," ","89.5"," "," "," "," ","88.3","79.7","77.2"," "," ","83.5"," "," ","4.2"," "," "," "," ","10.5","-4.0","-6.7"," "," ","6.7"," "," ","9.3"," "," "," "," ","6.3","2.1","-0.8"," "," ","6.4"," "," ","1.1"," "," "," "," ","-2.0","0.4","1.3"," "," ","1.7"," "," ","2.13"," "," "," "," ","-2.33","2.45","2.35"," "," ","2.41"," "," ","404"
"Clayton Kershaw","Dodgers","27","3","18.1","81","100","202","302","33.3 %","62.6 %","48.3 %","49.0 %","78.4 %","68.5 %","51.3 %","58.6 %"," "," "," "," "," ","25.8 %","14.2 %"," "," ","1.3 %"," "," "," ","93.5"," "," "," "," "," ","87.4","73.9"," "," ","87.1"," "," ","0.5"," "," "," "," "," ","-3.1","-2.0"," "," ","6.1"," "," ","10.5"," "," "," "," "," ","2.5","-10.5"," "," ","8.0"," "," ","-2.5"," "," "," "," "," ","-1.8","0.5"," "," ","0.1"," "," ","-1.44"," "," "," "," "," ","-2.36","1.15"," "," ","2.42"," "," ","2036"
"Brandon McCarthy","Dodgers","31","3","18.0","72","88","199","287","38.0 %","62.0 %","50.5 %","57.7 %","78.5 %","71.0 %","52.3 %","11.5 %"," ","6.6 %"," "," ","57.8 %"," ","24.0 %"," "," "," "," "," "," ","93.6"," ","91.2"," "," ","93.6"," ","81.5"," "," "," "," "," ","-4.5"," ","-1.2"," "," ","-7.2"," ","5.0"," "," "," "," "," ","8.5"," ","4.9"," "," ","6.4"," ","-4.7"," "," "," "," "," ","0.6"," ","-1.5"," "," ","-2.1"," ","0.1"," "," "," "," "," ","1.74"," ","-7.68"," "," ","-1.28"," ","0.18"," "," "," "," "," ","4662"
"Mike Pelfrey","Twins","31","2","10.0","44","66","102","168","24.2 %","63.6 %","42.3 %","68.2 %","89.8 %","83.1 %","45.8 %","37.5 %"," "," ","10.7 %"," ","26.8 %","7.1 %","17.9 %"," "," "," "," "," "," ","93.0"," "," ","81.6"," ","93.6","84.4","77.6"," "," "," "," "," ","-6.9"," "," ","-4.9"," ","-9.0","2.5","1.5"," "," "," "," "," ","5.8"," "," ","-2.1"," ","5.0","1.0","-3.8"," "," "," "," "," ","-1.5"," "," ","0.2"," ","-1.4","-0.1","1.3"," "," "," "," "," ","-2.39"," "," ","0.92"," ","-3.08","-0.55","4.37"," "," "," "," "," ","5203"
"Henderson Alvarez","Marlins","25","2","12.0","50","59","105","164","31.3 %","59.4 %","45.9 %","75.0 %","95.1 %","88.5 %","51.9 %","36.1 %","26.3 %"," "," "," "," ","6.8 %"," "," ","1.5 %","29.3 %"," "," "," ","90.1","91.3"," "," "," "," ","83.2"," "," ","56.8","86.1"," "," ","-6.5","-7.5"," "," "," "," ","3.1"," "," ","5.3","-5.6"," "," ","7.3","6.4"," "," "," "," ","0.7"," "," ","-2.8","3.5"," "," ","-0.2","-1.1"," "," "," "," ","0.2"," "," ","0.1","0.5"," "," ","-0.42","-3.06"," "," "," "," ","2.34"," "," ","4.54","1.17"," "," ","5669"
"Steve Geltz","Rays","27","1","2.0","9","10","25","35","21.4 %","61.9 %","45.7 %","100.0 %","92.3 %","93.8 %","60.0 %","60.0 %"," "," ","11.4 %"," "," ","28.6 %"," "," "," "," "," "," "," ","91.7"," "," ","81.1"," "," ","80.1"," "," "," "," "," "," ","-2.7"," "," ","-2.0"," "," ","5.4"," "," "," "," "," "," ","12.4"," "," ","1.5"," "," ","0.0"," "," "," "," "," "," ","0.1"," "," ","-0.4"," "," ","0.6"," "," "," "," "," "," ","0.36"," "," ","-9.94"," "," ","6.31"," "," "," "," "," "," ","8402"
"Stephen Strasburg","Nationals","26","3","18.0","85","85","214","299","26.6 %","61.1 %","46.8 %","66.7 %","90.7 %","85.0 %","58.5 %","54.2 %","8.7 %"," "," "," "," "," ","20.4 %"," "," ","16.7 %"," "," "," ","94.2","93.6"," "," "," "," "," ","80.2"," "," ","87.4"," "," ","-5.2","-8.3"," "," "," "," "," ","8.6"," "," ","-8.8"," "," ","10.0","6.8"," "," "," "," "," ","-5.7"," "," ","3.9"," "," ","-1.1","0.2"," "," "," "," "," ","-1.5"," "," ","0.4"," "," ","-0.67","0.85"," "," "," "," "," ","-2.52"," "," ","0.72"," "," ","10131"
"Nate Karns","Rays","27","3","17.2","72","114","193","307","26.7 %","57.7 %","41.1 %","70.0 %","90.7 %","83.5 %","46.4 %","57.1 %"," "," "," "," "," "," "," ","31.1 %"," ","11.8 %"," "," "," ","92.4"," "," "," "," "," "," "," ","81.4"," ","85.6"," "," ","-2.1"," "," "," "," "," "," "," ","8.0"," ","-5.5"," "," ","11.7"," "," "," "," "," "," "," ","-6.2"," ","6.2"," "," ","-1.6"," "," "," "," "," "," "," ","0.8"," ","0.6"," "," ","-0.97"," "," "," "," "," "," "," ","0.91"," ","1.97"," "," ","12638"
"Jeremy Hellickson","Diamondbacks","28","3","17.2","81","106","185","291","34.2 %","73.6 %","51.2 %","71.4 %","88.0 %","81.8 %","43.3 %","18.9 %","38.5 %"," "," "," ","1.0 %"," ","15.8 %"," "," ","25.1 %"," "," "," ","89.8","89.4"," "," "," ","80.3"," ","77.2"," "," ","80.1"," "," ","-5.1","-7.5"," "," "," ","-4.5"," ","7.4"," "," ","-5.0"," "," ","9.9","8.1"," "," "," ","6.5"," ","-8.0"," "," ","6.2"," "," ","-0.7","0.2"," "," "," ","-0.1"," ","-0.2"," "," ","-2.7"," "," ","-1.27","0.15"," "," "," ","-2.91"," ","-0.36"," "," ","-3.64"," "," ","4371"
"Trevor May","Twins","25","2","11.1","47","61","114","175","35.6 %","69.1 %","51.5 %","59.4 %","87.5 %","77.3 %","47.4 %","49.7 %","19.1 %"," "," "," "," ","4.6 %","8.7 %"," "," ","16.8 %"," "," "," ","92.2","91.4"," "," "," "," ","83.4","77.0"," "," ","84.3"," "," ","-3.0","-6.5"," "," "," "," ","4.3","9.3"," "," ","-3.9"," "," ","9.4","6.8"," "," "," "," ","0.0","-5.4"," "," ","8.8"," "," ","-1.4","1.2"," "," "," "," ","0.0","0.0"," "," ","1.2"," "," ","-1.58","3.62"," "," "," "," ","-0.26","-0.10"," "," ","4.07"," "," ","6398"
"Jarred Cosart","Marlins","25","2","11.1","46","66","105","171","17.1 %","63.2 %","42.7 %","61.5 %","86.7 %","82.2 %","55.6 %","71.4 %"," ","1.8 %"," "," ","11.7 %"," ","11.7 %"," "," ","3.5 %"," "," "," ","93.7"," ","93.0"," "," ","93.4"," ","79.7"," "," ","84.8"," "," ","-1.1"," ","2.5"," "," ","-3.5"," ","3.9"," "," ","-5.6"," "," ","7.0"," ","6.0"," "," ","6.9"," ","-7.1"," "," ","5.7"," "," ","1.0"," ","0.4"," "," ","2.1"," ","-2.8"," "," ","-0.9"," "," ","0.84"," ","12.39"," "," ","10.68"," ","-14.21"," "," ","-15.71"," "," ","10304"
"Brett Anderson","Dodgers","27","3","15.0","66","75","164","239","31.7 %","58.5 %","45.0 %","68.4 %","94.2 %","85.1 %","49.6 %","20.2 %","29.0 %"," "," "," "," ","31.9 %"," ","12.2 %"," ","6.7 %"," "," "," ","90.8","89.8"," "," "," "," ","81.2"," ","75.8"," ","83.1"," "," ","5.5","8.9"," "," "," "," ","-2.5"," ","-3.1"," ","8.5"," "," ","6.8","4.5"," "," "," "," ","-5.3"," ","-8.9"," ","3.2"," "," ","-0.1","-0.8"," "," "," "," ","-2.8"," ","0.5"," ","0.9"," "," ","-0.16","-1.16"," "," "," "," ","-3.65"," ","1.60"," ","5.50"," "," ","8223"
"Yordano Ventura","Royals","24","3","15.0","59","94","137","231","26.2 %","64.2 %","43.9 %","59.4 %","91.2 %","81.0 %","46.5 %","46.5 %","25.9 %","4.4 %"," "," "," "," ","15.8 %"," "," ","7.5 %"," "," "," ","95.3","95.7","92.2"," "," "," "," ","83.1"," "," ","86.2"," "," ","-6.1","-9.7","-1.8"," "," "," "," ","1.6"," "," ","-6.9"," "," ","10.1","7.9","7.1"," "," "," "," ","-5.6"," "," ","6.6"," "," ","-2.0","1.1","-0.3"," "," "," "," ","0.7"," "," ","0.1"," "," ","-1.88","1.92","-2.60"," "," "," "," ","1.89"," "," ","0.32"," "," ","11855"
"Adam Warren","Yankees","27","2","9.1","41","69","109","178","20.0 %","73.1 %","47.8 %","64.7 %","82.4 %","78.8 %","52.3 %","25.8 %","23.0 %","6.7 %"," "," "," ","28.7 %","7.3 %"," "," ","8.4 %"," "," "," ","92.1","91.9","91.5"," "," "," ","85.7","77.6"," "," ","83.3"," "," ","-2.7","-7.0","0.5"," "," "," ","4.8","7.6"," "," ","-9.0"," "," ","10.7","8.6","10.7"," "," "," ","4.4","-6.6"," "," ","4.4"," "," ","-0.4","-1.1","-0.8"," "," "," ","0.2","0.2"," "," ","0.4"," "," ","-0.77","-2.72","-6.59"," "," "," ","0.38","1.92"," "," ","2.58"," "," ","9029"
"Sean O'Sullivan","Phillies","27","2","11.0","49","70","111","181","33.0 %","54.9 %","43.0 %","71.9 %","91.1 %","83.1 %","45.8 %","18.2 %"," "," "," "," ","50.8 %","24.9 %","1.7 %"," "," ","3.3 %"," "," "," ","89.3"," "," "," "," ","88.3","80.6","70.7"," "," ","83.7"," "," ","-5.4"," "," "," "," ","-8.3","2.9","2.0"," "," ","-7.8"," "," ","10.6"," "," "," "," ","9.2","-0.1","-11.2"," "," ","7.9"," "," ","0.4"," "," "," "," ","-2.0","0.6","-1.5"," "," ","0.8"," "," ","1.08"," "," "," "," ","-2.13","1.30","-50.43"," "," ","12.76"," "," ","9137"
"Cole Hamels","Phillies","31","3","18.0","75","110","189","299","35.8 %","64.6 %","48.5 %","55.9 %","89.3 %","75.5 %","44.1 %","48.2 %"," ","17.4 %"," "," "," "," ","9.4 %"," "," ","23.8 %"," "," "," ","91.9"," ","88.4"," "," "," "," ","77.0"," "," ","84.1"," "," ","6.3"," ","1.1"," "," "," "," ","-5.3"," "," ","8.3"," "," ","10.1"," ","6.9"," "," "," "," ","-8.0"," "," ","6.7"," "," ","-5.6"," ","0.1"," "," "," "," ","0.8"," "," ","2.4"," "," ","-3.86"," ","0.19"," "," "," "," ","2.70"," "," ","3.36"," "," ","4972"
"Michael Pineda","Yankees","26","3","18.0","75","98","188","286","31.2 %","63.5 %","47.9 %","48.8 %","87.2 %","75.2 %","51.8 %","24.1 %"," ","32.9 %"," "," "," ","33.2 %"," "," "," ","9.8 %"," "," "," ","90.3"," ","90.6"," "," "," ","83.0"," "," "," ","85.5"," "," ","-2.3"," ","1.3"," "," "," ","5.9"," "," "," ","-7.2"," "," ","6.7"," ","6.3"," "," "," ","0.3"," "," "," ","5.4"," "," ","-0.1"," ","0.2"," "," "," ","0.3"," "," "," ","-2.1"," "," ","-0.07"," ","0.16"," "," "," ","0.34"," "," "," ","-7.52"," "," ","5372"
"Scott Feldman","Astros","32","3","17.2","72","105","196","301","31.3 %","65.6 %","48.5 %","78.7 %","92.9 %","88.4 %","50.2 %","2.7 %"," ","41.2 %"," "," ","27.9 %"," ","23.9 %"," "," ","4.3 %"," "," "," ","89.3"," ","88.4"," "," ","89.6"," ","74.8"," "," ","83.3"," "," ","-1.4"," ","3.6"," "," ","-4.8"," ","10.6"," "," ","-6.0"," "," ","7.2"," ","5.6"," "," ","5.6"," ","-5.8"," "," ","4.5"," "," ","0.2"," ","1.9"," "," ","-0.7"," ","-4.0"," "," ","-0.2"," "," ","2.44"," ","1.56"," "," ","-0.81"," ","-5.61"," "," ","-1.43"," "," ","6283"
"Jason Hammel","Cubs","32","2","12.1","51","57","127","184","31.9 %","62.4 %","47.3 %","72.4 %","91.4 %","85.1 %","50.5 %","42.4 %","20.7 %"," "," "," "," ","31.5 %","2.7 %"," "," ","2.7 %"," "," "," ","92.6","92.3"," "," "," "," ","82.6","75.3"," "," ","84.6"," "," ","-5.7","-8.1"," "," "," "," ","1.4","3.8"," "," ","-8.8"," "," ","9.4","7.6"," "," "," "," ","-2.3","-6.1"," "," ","3.4"," "," ","2.9","-3.1"," "," "," "," ","0.2","0.0"," "," ","0.0"," "," ","3.74","-8.22"," "," "," "," ","0.40","0.55"," "," ","0.67"," "," ","4538"
"Hector Noesi","White Sox","28","2","10.1","47","83","126","209","28.3 %","71.0 %","47.6 %","50.0 %","77.3 %","68.4 %","45.2 %","55.0 %","1.4 %"," "," "," "," ","18.7 %","2.9 %"," "," ","20.6 %"," "," "," ","92.5","92.1"," "," "," "," ","88.9","81.0"," "," ","86.6"," "," ","-8.0","-9.3"," "," "," "," ","-1.6","6.4"," "," ","-10.0"," "," ","7.7","3.5"," "," "," "," ","4.3","-4.7"," "," ","4.6"," "," ","-1.0","0.4"," "," "," "," ","-1.4","-0.4"," "," ","1.9"," "," ","-0.86","12.67"," "," "," "," ","-3.51","-6.61"," "," ","4.51"," "," ","3292"
"Madison Bumgarner","Giants","25","3","17.0","75","79","187","266","39.0 %","62.9 %","51.9 %","72.9 %","91.1 %","84.8 %","53.8 %","41.4 %","6.4 %"," "," "," "," ","33.5 %","16.9 %"," "," ","1.9 %"," "," "," ","91.4","91.2"," "," "," "," ","86.2","74.8"," "," ","84.2"," "," ","4.6","7.2"," "," "," "," ","-0.7","-6.2"," "," ","9.3"," "," ","8.1","8.0"," "," "," "," ","2.2","-7.1"," "," ","3.9"," "," ","-0.7","-0.1"," "," "," "," ","0.2","-0.4"," "," ","-0.6"," "," ","-0.63","-0.71"," "," "," "," ","0.18","-0.80"," "," ","-11.22"," "," ","5524"
"Phil Hughes","Twins","29","3","18.2","82","82","195","277","31.8 %","65.9 %","52.4 %","91.4 %","92.7 %","92.4 %","60.3 %","55.2 %","23.5 %","15.2 %"," "," "," "," "," ","6.1 %"," "," "," "," "," ","91.1","90.2","88.5"," "," "," "," "," ","76.7"," "," "," "," ","-5.7","-8.2","-1.2"," "," "," "," "," ","5.7"," "," "," "," ","9.2","6.2","7.2"," "," "," "," "," ","-6.0"," "," "," "," ","-4.4","1.6","-1.8"," "," "," "," "," ","0.2"," "," "," "," ","-2.87","2.48","-4.33"," "," "," "," "," ","1.09"," "," "," "," ","7450"
"Brad Peacock","Astros","27","1","5.0","22","33","52","85","17.1 %","50.0 %","34.1 %","42.9 %","95.5 %","82.8 %","51.8 %","54.1 %"," "," "," "," "," ","12.9 %"," ","16.5 %"," ","16.5 %"," "," "," ","89.8"," "," "," "," "," ","80.2"," ","75.3"," ","77.2"," "," ","-0.2"," "," "," "," "," ","7.3"," ","8.5"," ","-5.6"," "," ","11.8"," "," "," "," "," ","-1.6"," ","-6.5"," ","4.8"," "," ","-0.2"," "," "," "," "," ","0.6"," ","-0.4"," ","-0.2"," "," ","-0.53"," "," "," "," "," ","5.57"," ","-2.81"," ","-1.30"," "," ","5401"
"Garrett Richards","Angels","27","1","5.0","25","40","60","100","25.5 %","63.3 %","44.0 %","61.5 %","87.1 %","79.6 %","49.0 %","4.0 %","2.0 %","55.0 %"," "," "," ","36.0 %","3.0 %"," "," "," "," "," "," ","95.6","93.9","94.6"," "," "," ","85.7","76.4"," "," "," "," "," ","-1.4","-2.6","3.9"," "," "," ","6.6","9.3"," "," "," "," "," ","7.2","5.4","5.5"," "," "," ","-4.0","-12.7"," "," "," "," "," ","0.0","-1.4","-0.7"," "," "," ","0.5","0.2"," "," "," "," "," ","0.45","-70.98","-1.29"," "," "," ","1.44","6.80"," "," "," "," "," ","9784"
"Raisel Iglesias","Reds","25","1","5.0","21","32","44","76","20.0 %","69.4 %","43.4 %","37.5 %","88.0 %","75.8 %","47.4 %","46.1 %","6.6 %","7.9 %"," "," "," ","21.1 %","13.2 %"," "," ","5.3 %"," "," "," ","91.6","91.4","90.9"," "," "," ","81.2","81.8"," "," ","84.0"," "," ","-6.2","-8.9","-3.9"," "," "," ","7.9","8.2"," "," ","-7.2"," "," ","8.2","5.5","9.4"," "," "," ","0.7","-1.0"," "," ","3.1"," "," ","-1.0","0.6","-0.1"," "," "," ","-0.3","-0.1"," "," ","0.2"," "," ","-2.85","12.79","-2.35"," "," "," ","-1.82","-0.65"," "," ","5.85"," "," ","17130"
"Matt Garza","Brewers","31","3","16.2","80","101","183","284","33.5 %","69.1 %","49.3 %","77.4 %","94.3 %","87.9 %","44.4 %","41.6 %","26.1 %"," "," "," "," ","16.9 %","14.4 %"," "," ","1.1 %"," "," "," ","92.3","92.2"," "," "," "," ","85.8","74.1"," "," ","84.0"," "," ","-4.1","-7.9"," "," "," "," ","2.4","3.6"," "," ","-5.8"," "," ","9.7","9.3"," "," "," "," ","2.4","-8.0"," "," ","8.1"," "," ","0.7","-1.4"," "," "," "," ","-1.3","-1.1"," "," ","0.0"," "," ","0.61","-1.88"," "," "," "," ","-2.72","-2.64"," "," ","-0.84"," "," ","3340"
"James Paxton","Mariners","26","3","15.0","69","89","148","237","27.9 %","59.1 %","43.0 %","64.7 %","89.7 %","81.4 %","48.5 %","68.4 %","0.4 %","2.5 %"," "," "," "," "," ","15.6 %"," ","13.1 %"," "," "," ","93.0","94.8","88.7"," "," "," "," "," ","81.0"," ","85.5"," "," ","6.1","6.1","0.3"," "," "," "," "," ","0.5"," ","6.3"," "," ","6.3","2.1","6.0"," "," "," "," "," ","-6.2"," ","5.4"," "," ","-3.6","0.0","-0.3"," "," "," "," "," ","-0.8"," ","0.8"," "," ","-2.20","-0.70","-5.50"," "," "," "," "," ","-2.25"," ","2.72"," "," ","11828"
"Danny Duffy","Royals","26","3","16.1","69","88","175","263","27.1 %","67.4 %","48.7 %","69.7 %","87.4 %","82.8 %","53.6 %","59.7 %","4.9 %"," "," "," "," ","8.8 %","14.8 %"," "," ","11.8 %"," "," "," ","93.7","91.8"," "," "," "," ","83.1","80.2"," "," ","84.6"," "," ","4.3","9.9"," "," "," "," ","-0.2","-3.5"," "," ","8.2"," "," ","12.3","10.1"," "," "," "," ","-0.1","-2.2"," "," ","10.8"," "," ","-1.6","-0.9"," "," "," "," ","-0.2","0.0"," "," ","1.1"," "," ","-1.03","-6.66"," "," "," "," ","-0.71","-0.04"," "," ","3.60"," "," ","3542"
"Chris Tillman","Orioles","27","3","14.2","65","115","164","279","25.5 %","60.0 %","41.6 %","65.8 %","92.3 %","83.6 %","46.6 %","57.4 %"," ","11.1 %"," "," "," ","8.6 %"," ","13.6 %"," ","9.3 %"," "," "," ","91.2"," ","90.9"," "," "," ","86.5"," ","75.5"," ","83.2"," "," ","-2.2"," ","0.6"," "," "," ","4.6"," ","7.2"," ","-5.0"," "," ","12.3"," ","12.3"," "," "," ","5.0"," ","-9.6"," ","9.6"," "," ","0.5"," ","0.6"," "," "," ","-1.2"," ","-2.5"," ","-1.3"," "," ","0.34"," ","1.78"," "," "," ","-4.95"," ","-6.65"," ","-5.18"," "," ","5279"
"Jeremy Guthrie","Royals","36","2","13.0","51","59","114","173","20.5 %","61.1 %","41.6 %","76.5 %","94.6 %","90.3 %","52.0 %","19.7 %"," ","23.7 %"," "," ","9.8 %","14.5 %","6.4 %"," "," ","26.0 %"," "," "," ","91.3"," ","88.6"," "," ","91.2","84.1","75.9"," "," ","86.7"," "," ","-5.1"," ","0.3"," "," ","-8.2","1.6","3.9"," "," ","-6.7"," "," ","10.7"," ","6.9"," "," ","8.8","4.1","-0.4"," "," ","8.3"," "," ","-0.2"," ","1.1"," "," ","-1.2","-0.6","0.2"," "," ","-0.9"," "," ","-0.70"," ","2.72"," "," ","-7.34","-2.60","2.11"," "," ","-1.94"," "," ","2072"
"Wily Peralta","Brewers","26","3","19.0","83","97","162","259","33.8 %","73.7 %","51.4 %","69.4 %","91.7 %","83.5 %","44.0 %","28.6 %","35.1 %"," "," "," "," ","26.6 %"," "," "," ","9.7 %"," "," "," ","93.6","93.5"," "," "," "," ","82.2"," "," "," ","83.6"," "," ","-5.0","-8.4"," "," "," "," ","0.7"," "," "," ","-5.7"," "," ","9.4","7.2"," "," "," "," ","1.4"," "," "," ","7.4"," "," ","-1.8","-2.6"," "," "," "," ","-1.1"," "," "," ","0.8"," "," ","-2.40","-2.89"," "," "," "," ","-1.56"," "," "," ","3.08"," "," ","7738"
"Justin Masterson","Red Sox","30","3","15.2","70","112","169","281","28.5 %","56.9 %","41.6 %","62.8 %","93.2 %","82.1 %","46.3 %","29.9 %"," "," "," "," ","33.1 %","37.0 %"," "," "," "," "," "," "," ","87.7"," "," "," "," ","86.5","77.8"," "," "," "," "," "," ","-4.5"," "," "," "," ","-8.6","9.7"," "," "," "," "," "," ","4.3"," "," "," "," ","-1.3","0.4"," "," "," "," "," "," ","1.7"," "," "," "," ","-1.8","0.2"," "," "," "," "," "," ","1.97"," "," "," "," ","-1.89","0.15"," "," "," "," "," "," ","2038"
"Vance Worley","Pirates","27","2","12.1","55","63","119","182","35.4 %","60.3 %","46.6 %","79.4 %","95.7 %","88.9 %","44.8 %","10.4 %","44.5 %","2.2 %"," "," "," ","32.4 %"," ","5.5 %"," ","0.6 %"," "," "," ","89.4","89.1","88.6"," "," "," ","83.9"," ","75.7"," ","83.1"," "," ","-1.6","-6.0","0.2"," "," "," ","1.8"," ","6.6"," ","-4.7"," "," ","8.5","7.4","7.2"," "," "," ","1.8"," ","-3.9"," ","7.9"," "," ","1.3","-1.2","-0.3"," "," "," ","-1.1"," ","0.2"," ","0.0"," "," ","6.59","-1.49","-7.83"," "," "," ","-1.89"," ","2.20"," ","-1.43"," "," ","6435"
"Kyle Gibson","Twins","27","3","15.1","73","115","177","292","33.5 %","68.1 %","47.3 %","76.3 %","93.7 %","86.2 %","39.7 %","19.2 %","41.4 %"," "," "," "," ","23.0 %","1.4 %"," "," ","15.1 %"," "," "," ","91.9","91.5"," "," "," "," ","84.5","80.7"," "," ","83.6"," "," ","-4.5","-8.4"," "," "," "," ","2.0","2.6"," "," ","-8.4"," "," ","10.4","7.1"," "," "," "," ","3.2","0.0"," "," ","3.8"," "," ","-2.7","0.0"," "," "," "," ","-0.7","0.1"," "," ","0.0"," "," ","-4.77","0.02"," "," "," "," ","-0.97","3.40"," "," ","0.09"," "," ","10123"
"Rubby de la Rosa","Diamondbacks","26","3","18.0","81","109","199","308","27.9 %","63.7 %","47.7 %","60.5 %","86.9 %","80.0 %","55.3 %","45.8 %","12.3 %"," "," "," "," ","13.6 %","0.3 %"," "," ","26.6 %"," "," "," ","93.2","93.1"," "," "," "," ","83.2","78.9"," "," ","85.7"," "," ","-7.2","-9.0"," "," "," "," ","1.7","3.0"," "," ","-8.0"," "," ","8.1","5.6"," "," "," "," ","1.1","-1.5"," "," ","5.7"," "," ","-2.3","-2.0"," "," "," "," ","-0.1","0.0"," "," ","0.0"," "," ","-1.64","-5.15"," "," "," "," ","-0.27","-2.71"," "," ","0.04"," "," ","3862"
"Clay Buchholz","Red Sox","30","3","16.1","77","91","184","275","36.7 %","60.3 %","48.4 %","58.8 %","89.0 %","77.4 %","49.5 %","11.3 %","41.5 %","13.5 %"," "," "," "," ","19.6 %"," "," ","14.2 %"," "," "," ","91.6","91.4","88.0"," "," "," "," ","77.7"," "," ","79.1"," "," ","-2.6","-8.0","3.2"," "," "," "," ","9.1"," "," ","-6.7"," "," ","9.9","6.7","6.3"," "," "," "," ","-5.2"," "," ","5.6"," "," ","-1.1","-3.3","-0.2"," "," "," "," ","-0.1"," "," ","1.6"," "," ","-3.44","-2.92","-0.59"," "," "," "," ","-0.13"," "," ","4.22"," "," ","3543"
"John Danks","White Sox","30","3","16.1","73","82","170","252","27.6 %","70.5 %","49.6 %","85.3 %","84.6 %","84.8 %","51.2 %","41.3 %","15.1 %","12.7 %"," "," "," "," ","4.8 %"," "," ","26.2 %"," "," "," ","88.3","87.2","84.3"," "," "," "," ","74.1"," "," ","80.4"," "," ","6.6","9.3","0.6"," "," "," "," ","-2.2"," "," ","8.5"," "," ","12.3","8.3","8.3"," "," "," "," ","-0.3"," "," ","8.1"," "," ","1.0","-0.7","0.0"," "," "," "," ","-1.1"," "," ","-3.0"," "," ","0.96","-1.77","0.06"," "," "," "," ","-9.54"," "," ","-4.56"," "," ","6329"
"Wade Miley","Red Sox","28","3","13.1","59","106","146","252","20.1 %","62.4 %","38.3 %","69.0 %","89.7 %","83.5 %","43.1 %","22.1 %","36.4 %"," "," "," "," ","19.4 %","4.4 %"," "," ","17.8 %"," "," "," ","92.0","90.6"," "," "," "," ","85.9","77.2"," "," ","82.4"," "," ","4.9","10.4"," "," "," "," ","-0.5","-2.2"," "," ","9.5"," "," ","10.1","8.6"," "," "," "," ","1.8","-5.7"," "," ","7.5"," "," ","-0.6","1.8"," "," "," "," ","-3.2","0.3"," "," ","0.2"," "," ","-1.04","1.92"," "," "," "," ","-6.50","2.57"," "," ","0.41"," "," ","8779"
"Daniel Norris","Blue Jays","22","3","13.1","60","109","144","253","24.8 %","57.4 %","38.7 %","47.2 %","91.9 %","75.5 %","42.7 %","56.1 %"," "," "," "," "," ","17.0 %","5.9 %"," "," ","21.0 %"," "," "," ","91.0"," "," "," "," "," ","81.7","72.9"," "," ","84.3"," "," ","5.1"," "," "," "," "," ","-3.4","-1.4"," "," ","8.5"," "," ","10.1"," "," "," "," "," ","-1.4","-10.7"," "," ","4.3"," "," ","-4.0"," "," "," "," "," ","-0.1","-0.1"," "," ","-0.8"," "," ","-2.81"," "," "," "," "," ","-0.26","-0.99"," "," ","-1.46"," "," ","13475"
"Kyle Hendricks","Cubs","25","2","10.1","42","50","115","165","35.4 %","64.7 %","50.6 %","67.9 %","94.6 %","85.5 %","51.8 %","17.1 %"," ","3.7 %"," "," ","54.3 %"," ","7.3 %"," "," ","17.7 %"," "," "," ","89.0"," ","87.3"," "," ","88.9"," ","79.2"," "," ","80.7"," "," ","-2.3"," ","0.3"," "," ","-6.2"," ","4.9"," "," ","-4.3"," "," ","7.8"," ","8.3"," "," ","5.5"," ","-1.1"," "," ","6.4"," "," ","-1.5"," ","0.5"," "," ","1.4"," ","0.9"," "," ","-2.0"," "," ","-5.19"," ","7.53"," "," ","1.55"," ","7.65"," "," ","-6.96"," "," ","12049"
"Jordan Zimmermann","Nationals","29","3","14.2","68","98","164","262","26.6 %","66.4 %","47.0 %","82.4 %","93.3 %","90.2 %","51.2 %","64.9 %","1.5 %"," "," "," "," ","24.1 %","8.8 %"," "," ","0.8 %"," "," "," ","92.1","91.7"," "," "," "," ","86.3","78.7"," "," ","90.7"," "," ","-4.6","-9.6"," "," "," "," ","2.7","5.4"," "," ","-9.0"," "," ","8.6","5.6"," "," "," "," ","3.3","-6.5"," "," ","7.2"," "," ","0.1","0.1"," "," "," "," ","-2.0","-0.6"," "," ","0.4"," "," ","0.07","2.84"," "," "," "," ","-3.21","-2.47"," "," ","17.59"," "," ","4505"
"Aaron Sanchez","Blue Jays","22","2","8.2","41","65","86","151","24.4 %","75.0 %","46.0 %","71.4 %","91.7 %","85.5 %","42.7 %","37.1 %","47.0 %"," "," "," "," ","0.7 %","11.9 %"," "," ","2.7 %"," "," "," ","92.8","95.0"," "," "," "," ","79.4","79.0"," "," ","86.6"," "," ","-7.8","-9.2"," "," "," "," ","6.7","7.8"," "," ","-9.2"," "," ","6.5","4.8"," "," "," "," ","-10.0","-9.5"," "," ","2.8"," "," ","-0.6","-2.1"," "," "," "," ","0.2","-0.4"," "," ","-0.7"," "," ","-1.13","-2.93"," "," "," "," ","20.98","-2.16"," "," ","-17.06"," "," ","11490"
"Eric Stults","Braves","35","2","10.0","41","57","114","171","36.4 %","56.6 %","46.2 %","84.4 %","93.6 %","89.9 %","48.5 %","42.7 %","13.5 %"," "," "," "," ","26.3 %","4.1 %"," "," ","13.5 %"," "," "," ","87.4","83.9"," "," "," "," ","81.8","70.7"," "," ","80.5"," "," ","7.6","8.6"," "," "," "," ","-0.2","-3.6"," "," ","8.8"," "," ","7.7","5.4"," "," "," "," ","3.8","-7.5"," "," ","2.5"," "," ","-1.9","1.5"," "," "," "," ","-0.4","-1.5"," "," ","0.1"," "," ","-2.60","6.73"," "," "," "," ","-0.79","-20.80"," "," ","0.28"," "," ","8011"
"Matt Shoemaker","Angels","28","3","15.1","68","89","154","243","29.6 %","60.2 %","44.4 %","54.1 %","91.6 %","78.7 %","48.6 %","23.5 %","27.6 %"," "," "," "," ","8.2 %"," ","5.8 %"," ","35.0 %"," "," "," ","88.6","88.5"," "," "," "," ","79.6"," ","73.4"," ","82.5"," "," ","-2.9","-6.8"," "," "," "," ","1.8"," ","7.9"," ","-4.7"," "," ","10.8","7.4"," "," "," "," ","3.3"," ","-0.7"," ","3.7"," "," ","-1.3","1.2"," "," "," "," ","-2.1"," ","-0.9"," ","-2.0"," "," ","-2.23","1.75"," "," "," "," ","-10.61"," ","-6.33"," ","-2.32"," "," ","4776"
"Jered Weaver","Angels","32","3","16.1","72","99","162","261","22.7 %","68.1 %","43.5 %","68.8 %","85.2 %","80.5 %","45.8 %","12.3 %","17.3 %","7.3 %"," "," "," ","12.7 %","22.3 %"," "," ","27.7 %"," "," ","0.4 %","84.3","83.1","84.1"," "," "," ","78.0","67.8"," "," ","77.3"," "," ","0.1","-5.1","2.1"," "," "," ","4.7","8.5"," "," ","-3.5"," "," ","10.7","6.8","9.5"," "," "," ","0.4","-5.3"," "," ","6.9"," "," ","1.6","-2.7","-0.3"," "," "," ","3.0","-3.1"," "," ","-3.5"," "," ","5.02","-5.93","-1.42"," "," "," ","9.10","-5.34"," "," ","-4.81"," "," ","4235"
"Hisashi Iwakuma","Mariners","34","3","16.1","71","91","167","258","35.0 %","60.9 %","46.5 %","68.0 %","94.3 %","83.3 %","44.6 %","11.2 %"," "," ","26.0 %"," ","38.8 %","20.5 %","3.5 %"," "," "," "," "," "," ","89.5"," "," ","83.5"," ","87.8","80.5","73.5"," "," "," "," "," ","-5.0"," "," ","-7.8"," ","-9.0","3.1","6.4"," "," "," "," "," ","6.6"," "," ","-2.6"," ","1.8","-0.9","-7.5"," "," "," "," "," ","-0.2"," "," ","-1.3"," ","-1.8","-3.3","0.1"," "," "," "," "," ","-0.59"," "," ","-1.92"," ","-1.84","-6.24","0.69"," "," "," "," "," ","13048"
"Rick Porcello","Red Sox","26","3","19.0","87","118","197","315","26.4 %","61.2 %","44.3 %","69.2 %","85.4 %","80.7 %","51.5 %","25.6 %","27.9 %"," "," "," "," ","20.7 %","15.1 %"," "," ","10.8 %"," "," "," ","90.9","89.7"," "," "," "," ","86.5","76.2"," "," ","81.7"," "," ","-4.3","-9.0"," "," "," "," ","0.3","8.8"," "," ","-7.7"," "," ","9.0","4.2"," "," "," "," ","4.8","-7.6"," "," ","5.1"," "," ","-2.6","0.1"," "," "," "," ","-1.1","-1.9"," "," ","0.2"," "," ","-3.28","0.12"," "," "," "," ","-1.77","-4.15"," "," ","0.57"," "," ","2717"
"Tom Koehler","Marlins","29","3","14.2","64","97","145","242","19.3 %","59.9 %","41.5 %","61.9 %","93.7 %","87.0 %","54.8 %","33.6 %","31.5 %"," "," "," "," ","16.6 %"," ","15.8 %"," ","2.5 %"," "," "," ","92.0","92.1"," "," "," "," ","86.5"," ","79.1"," ","83.0"," "," ","-5.9","-7.5"," "," "," "," ","1.3"," ","4.8"," ","-7.6"," "," ","8.9","7.8"," "," "," "," ","3.5"," ","-8.8"," ","5.3"," "," ","0.9","-2.1"," "," "," "," ","0.2"," ","0.1"," ","-1.5"," "," ","1.05","-2.80"," "," "," "," ","0.55"," ","0.23"," ","-24.56"," "," ","6570"
"Mike Fiers","Brewers","30","3","14.2","69","104","170","274","28.6 %","72.2 %","49.8 %","60.0 %","86.5 %","78.7 %","48.7 %","53.9 %","0.7 %","10.3 %"," "," "," "," ","18.3 %"," "," ","16.9 %"," "," "," ","89.0","86.4","86.0"," "," "," "," ","72.0"," "," ","83.4"," "," ","-4.3","-9.7","0.8"," "," "," "," ","3.1"," "," ","-8.9"," "," ","11.9","7.4","7.4"," "," "," "," ","-11.9"," "," ","6.2"," "," ","-3.0","-0.1","-4.1"," "," "," "," ","-0.7"," "," ","2.2"," "," ","-2.02","-3.66","-14.81"," "," "," "," ","-1.35"," "," ","4.85"," "," ","7754"
"Jason Vargas","Royals","32","3","14.2","69","95","150","245","32.7 %","60.2 %","43.7 %","68.8 %","93.2 %","82.2 %","40.0 %","37.1 %","16.7 %"," "," "," "," "," "," ","13.1 %"," ","33.1 %"," "," "," ","88.5","88.3"," "," "," "," "," "," ","76.5"," ","81.7"," "," ","6.5","10.0"," "," "," "," "," "," ","-1.6"," ","10.4"," "," ","11.4","8.9"," "," "," "," "," "," ","-3.9"," ","8.2"," "," ","-2.0","-1.3"," "," "," "," "," "," ","-1.7"," ","1.7"," "," ","-2.22","-3.16"," "," "," "," "," "," ","-5.25"," ","2.06"," "," ","8044"
"Jon Lester","Cubs","31","3","15.2","72","108","173","281","23.6 %","73.4 %","45.6 %","70.3 %","82.4 %","78.9 %","44.1 %","35.6 %"," ","35.6 %"," "," ","9.3 %"," ","12.1 %"," "," ","7.5 %"," "," "," ","91.6"," ","87.6"," "," ","90.1"," ","74.5"," "," ","83.7"," "," ","5.7"," ","0.2"," "," ","8.6"," ","-6.4"," "," ","9.0"," "," ","9.8"," ","6.6"," "," ","4.8"," ","-2.4"," "," ","4.8"," "," ","-0.6"," ","-4.2"," "," ","-0.2"," ","0.5"," "," ","-0.2"," "," ","-0.63"," ","-4.21"," "," ","-0.63"," ","1.54"," "," ","-0.83"," "," ","4930"
"Kendall Graveman","Athletics","24","3","11.2","60","92","134","226","26.9 %","70.8 %","45.6 %","71.4 %","92.7 %","85.4 %","42.5 %","0.4 %"," ","25.7 %"," "," ","60.2 %","6.2 %"," "," "," ","7.5 %"," "," "," ","91.6"," ","86.6"," "," ","90.7","80.0"," "," "," ","83.8"," "," ","-2.9"," ","1.6"," "," ","-7.2","5.3"," "," "," ","-6.2"," "," ","10.0"," ","4.0"," "," ","5.5","1.3"," "," "," ","1.5"," "," ","0.0"," ","-1.4"," "," ","-1.3","-1.1"," "," "," ","-0.3"," "," ","-0.70"," ","-2.35"," "," ","-0.98","-7.95"," "," "," ","-1.54"," "," ","15514"
"Jason Marquis","Reds","36","3","15.0","71","99","165","264","34.9 %","50.9 %","41.5 %","52.8 %","85.5 %","69.4 %","41.5 %"," "," "," "," "," ","58.3 %","17.8 %"," "," "," ","22.4 %"," "," "," "," "," "," "," "," ","87.9","81.6"," "," "," ","78.4"," "," "," "," "," "," "," ","-10.6","0.6"," "," "," ","-6.9"," "," "," "," "," "," "," ","3.7","3.3"," "," "," ","1.4"," "," "," "," "," "," "," ","-8.4","1.5"," "," "," ","1.2"," "," "," "," "," "," "," ","-5.43","3.26"," "," "," ","1.96"," "," ","105"
"Drew Hutchison","Blue Jays","24","3","15.0","71","99","169","268","30.9 %","66.4 %","46.6 %","65.2 %","87.3 %","79.2 %","44.4 %","60.5 %","0.4 %"," "," "," "," ","25.4 %"," "," "," ","13.8 %"," "," "," ","91.2","93.8"," "," "," "," ","82.8"," "," "," ","84.9"," "," ","-4.4","-10.3"," "," "," "," ","2.4"," "," "," ","-8.7"," "," ","9.9","5.3"," "," "," "," ","-1.6"," "," "," ","4.6"," "," ","-3.0","0.0"," "," "," "," ","-0.9"," "," "," ","1.8"," "," ","-1.88","-2.71"," "," "," "," ","-1.32"," "," "," ","4.75"," "," ","10732"
"Kyle Kendrick","Rockies","30","3","16.2","79","119","180","299","29.9 %","66.9 %","47.3 %","70.2 %","93.6 %","85.7 %","47.0 %"," "," ","33.8 %"," "," ","38.8 %","3.0 %"," "," "," ","23.4 %"," "," "," "," "," ","85.8"," "," ","88.9","75.0"," "," "," ","81.0"," "," "," "," ","-0.2"," "," ","-7.8","5.5"," "," "," ","-6.4"," "," "," "," ","4.6"," "," ","6.5","-7.1"," "," "," ","4.7"," "," "," "," ","0.3"," "," ","-4.5","0.1"," "," "," ","-2.2"," "," "," "," ","0.33"," "," ","-3.87","1.23"," "," "," ","-3.13"," "," ","6230"
"Dillon Gee","Mets","29","2","10.2","45","47","126","173","34.6 %","57.9 %","47.4 %","63.0 %","87.3 %","79.3 %","54.9 %","5.8 %","42.2 %","8.1 %"," "," "," ","14.5 %","0.6 %","6.4 %"," ","22.5 %"," "," "," ","89.6","89.8","86.3"," "," "," ","83.0","74.2","75.1"," ","83.1"," "," ","-5.0","-9.1","0.6"," "," "," ","3.1","8.0","9.3"," ","-9.4"," "," ","7.6","4.5","3.5"," "," "," ","0.9","-7.4","-9.1"," ","1.4"," "," ","0.2","-0.1","-1.6"," "," "," ","-0.9","0.2","-0.3"," ","-1.0"," "," ","2.35","-0.19","-11.38"," "," "," ","-3.57","24.69","-2.40"," ","-2.64"," "," ","7396"
"Anibal Sanchez","Tigers","31","3","16.1","73","92","184","276","34.1 %","62.8 %","48.4 %","63.8 %","83.7 %","76.7 %","49.8 %","35.9 %"," ","10.1 %","17.4 %"," ","8.3 %","19.9 %","5.8 %"," "," ","2.2 %"," "," "," ","91.1"," ","91.1","85.4"," ","91.4","86.1","77.0"," "," ","74.1"," "," ","-2.1"," ","1.7","-6.1"," ","-7.1","3.5","3.1"," "," ","-4.2"," "," ","11.3"," ","9.7","5.9"," ","10.0","3.5","-3.0"," "," ","5.5"," "," ","-3.6"," ","-1.1","0.3"," ","0.2","-0.8","0.1"," "," ","0.0"," "," ","-3.68"," ","-4.07","0.53"," ","0.90","-1.54","0.47"," "," ","-0.35"," "," ","3284"
"Matt Andriese","Rays","25","2","7.0","36","57","78","135"," "," "," "," "," "," "," "," "," "," "," "," "," "," "," "," "," "," "," "," "," "," "," "," "," "," "," "," "," "," "," "," "," "," "," "," "," "," "," "," "," "," "," "," "," "," "," "," "," "," "," "," "," "," "," "," "," "," "," "," "," "," "," "," "," "," "," "," "," "," "," "," "," "," "," "," "," "," "," "," "," "," "," "," "," "," ","12022"
"Homer Bailey","Reds","29","1","5.2","28","35","57","92","35.4 %","75.0 %","52.4 %","88.2 %","81.5 %","84.1 %","42.9 %","3.4 %","46.1 %"," "," "," "," ","9.0 %"," "," "," ","36.0 %"," "," "," ","92.0","92.0"," "," "," "," ","86.4"," "," "," ","85.1"," "," ","-6.1","-9.3"," "," "," "," ","-0.4"," "," "," ","-5.4"," "," ","9.4","7.5"," "," "," "," ","4.4"," "," "," ","4.7"," "," ","0.0","-1.7"," "," "," "," ","-0.3"," "," "," ","0.1"," "," ","0.95","-4.15"," "," "," "," ","-3.61"," "," "," ","0.25"," "," ","8362"
"Jose Quintana","White Sox","26","3","15.0","72","113","186","299","21.8 %","63.6 %","41.8 %","67.7 %","91.2 %","84.8 %","47.8 %","64.6 %","2.7 %"," "," "," "," "," ","21.7 %"," "," ","11.0 %"," "," "," ","90.6","89.9"," "," "," "," "," ","79.0"," "," ","85.1"," "," ","3.7","8.9"," "," "," "," "," ","-3.3"," "," ","6.4"," "," ","10.3","8.3"," "," "," "," "," ","-3.8"," "," ","7.4"," "," ","-4.6","0.0"," "," "," "," "," ","-1.3"," "," ","-0.9"," "," ","-2.36","-0.03"," "," "," "," "," ","-1.96"," "," ","-2.68"," "," ","11423"
"Derek Holland","Rangers","28","1","1.0","4","2","7","9","50.0 %","57.1 %","55.6 %","100.0 %","75.0 %","80.0 %","77.8 %"," "," "," "," "," ","11.1 %"," "," ","11.1 %"," ","77.8 %"," "," "," "," "," "," "," "," ","88.4"," "," ","72.6"," ","85.4"," "," "," "," "," "," "," ","8.0"," "," ","1.9"," ","10.9"," "," "," "," "," "," "," ","9.7"," "," ","3.6"," ","6.9"," "," "," "," "," "," "," ","-0.4"," "," ","0.0"," ","-0.9"," "," "," "," "," "," "," ","-44.14"," "," ","-1.43"," ","-13.43"," "," ","4141"
"David Huff","Dodgers","30","1","4.0","21","21","47","68","21.9 %","66.7 %","45.6 %","71.4 %","91.7 %","87.1 %","52.9 %","67.7 %"," ","2.9 %"," "," "," ","1.5 %","1.5 %"," "," ","26.5 %"," "," "," ","91.5"," ","88.8"," "," "," ","81.1","79.4"," "," ","82.7"," "," ","5.5"," ","1.5"," "," "," ","-0.8","-0.8"," "," ","6.7"," "," ","9.7"," ","8.2"," "," "," ","2.0","-1.7"," "," ","9.7"," "," ","-0.3"," ","0.1"," "," "," ","0.0","-1.5"," "," ","-1.2"," "," ","-0.63"," ","6.36"," "," "," ","-2.71","-145.87"," "," ","-6.80"," "," ","4257"
"Asher Wojciechowski","Astros","26","2","8.0","44","72","102","174","18.8 %","60.6 %","41.4 %","73.3 %","89.5 %","86.1 %","54.0 %","48.9 %"," ","17.2 %"," "," "," ","17.8 %","1.2 %"," "," ","14.9 %"," "," "," ","90.7"," ","87.9"," "," "," ","82.1","82.0"," "," ","79.4"," "," ","-4.1"," ","-1.2"," "," "," ","7.8","8.6"," "," ","-6.1"," "," ","4.6"," ","1.2"," "," "," ","-2.4","-1.8"," "," ","3.9"," "," ","-4.1"," ","-1.9"," "," "," ","-0.7","-0.1"," "," ","-0.6"," "," ","-4.81"," ","-6.35"," "," "," ","-2.22","-4.79"," "," ","-2.47"," "," ","10836"
"David Buchanan","Phillies","26","3","13.2","72","103","172","275","28.2 %","63.6 %","45.0 %","75.0 %","93.9 %","87.7 %","47.6 %","31.6 %","21.1 %","15.6 %"," "," "," ","0.4 %","11.6 %"," "," ","18.2 %"," "," "," ","89.1","89.3","88.2"," "," "," ","88.9","77.3"," "," ","81.3"," "," ","-3.3","-8.3","0.7"," "," "," ","-6.4","5.7"," "," ","-9.0"," "," ","7.8","6.2","6.1"," "," "," ","5.3","-9.2"," "," ","5.0"," "," ","-2.8","-3.6","0.0"," "," "," ","0.2","0.2"," "," ","1.4"," "," ","-3.21","-6.22","0.08"," "," "," ","24.69","0.67"," "," ","2.80"," "," ","11176"
"Jake Peavy","Giants","34","2","7.2","38","59","99","158","28.2 %","61.3 %","44.9 %","59.1 %","98.0 %","85.9 %","50.6 %","24.1 %","22.2 %","35.4 %","2.5 %"," "," ","3.8 %","7.0 %"," "," ","5.1 %"," "," "," ","88.7","88.5","85.1","86.9"," "," ","83.1","78.3"," "," ","81.2"," "," ","-5.9","-9.8","0.5","-9.9"," "," ","0.8","3.0"," "," ","-8.8"," "," ","9.7","6.5","6.0","6.5"," "," ","5.1","-1.5"," "," ","2.4"," "," ","1.5","-0.9","-1.6","0.0"," "," ","0.3","-0.7"," "," ","-0.8"," "," ","3.89","-2.49","-2.77","-0.51"," "," ","4.53","-6.48"," "," ","-10.21"," "," ","1051"
"Trevor Cahill","Braves","27","2","6.1","35","54","75","129","25.9 %","66.7 %","40.0 %","81.8 %","83.3 %","82.7 %","34.6 %","0.8 %"," "," "," "," ","58.5 %","20.8 %","5.4 %"," "," ","14.6 %"," "," "," ","91.6"," "," "," "," ","90.0","87.3","78.1"," "," ","82.1"," "," ","-5.5"," "," "," "," ","-9.9","-0.1","4.3"," "," ","-7.6"," "," ","9.9"," "," "," "," ","4.0","3.1","-7.8"," "," ","0.9"," "," ","0.0"," "," "," "," ","-1.5","-1.0","0.1"," "," ","0.0"," "," ","-3.88"," "," "," "," ","-2.02","-3.62","1.78"," "," ","0.02"," "," ","6249"
"Mat Latos","Marlins","27","3","9.2","50","76","117","193","15.2 %","68.7 %","42.9 %","57.1 %","89.7 %","84.2 %","51.8 %","40.3 %","7.3 %","14.1 %"," "," "," ","25.7 %","6.8 %"," "," ","5.8 %"," "," "," ","91.0","90.8","90.9"," "," "," ","81.9","77.3"," "," ","83.5"," "," ","-1.2","-4.7","2.0"," "," "," ","1.4","3.6"," "," ","-5.1"," "," ","10.4","10.6","10.6"," "," "," ","-1.2","-7.3"," "," ","7.3"," "," ","-4.2","-0.1","-0.1"," "," "," ","-0.4","-0.7"," "," ","-0.2"," "," ","-5.45","-0.37","-0.34"," "," "," ","-0.80","-5.40"," "," ","-1.41"," "," ","3815"
"Kyle Lohse","Brewers","36","3","15.2","74","95","170","265","31.8 %","64.9 %","46.0 %","70.8 %","87.8 %","81.2 %","43.0 %","0.4 %"," "," "," "," ","44.2 %","24.9 %","10.2 %"," "," ","20.4 %"," "," "," ","89.0"," "," "," "," ","88.9","83.6","74.2"," "," ","79.0"," "," ","-2.8"," "," "," "," ","-6.5","3.8","5.0"," "," ","-7.3"," "," ","8.4"," "," "," "," ","9.2","3.2","-7.5"," "," ","5.7"," "," ","0.0"," "," "," "," ","-6.9","-0.9","-0.1"," "," ","0.2"," "," ","-1.43"," "," "," "," ","-5.86","-1.43","-0.25"," "," ","0.33"," "," ","739"
"Taijuan Walker","Mariners","22","3","12.2","68","99","156","255","27.1 %","61.5 %","43.2 %","55.6 %","84.7 %","75.0 %","46.8 %","59.8 %","2.0 %","12.2 %","18.1 %"," "," "," ","6.3 %"," "," "," "," "," "," ","94.1","95.3","89.2","88.5"," "," "," ","73.4"," "," "," "," "," ","-4.7","-6.3","1.4","-7.2"," "," "," ","7.9"," "," "," "," "," ","7.6","4.3","5.4","2.4"," "," "," ","-8.1"," "," "," "," "," ","-1.1","-0.3","0.3","-2.5"," "," "," ","-1.4"," "," "," "," "," ","-0.71","-5.59","0.90","-5.54"," "," "," ","-8.75"," "," "," "," "," ","11836"
"Ross Detwiler","Rangers","29","3","12.1","69","95","150","245","25.4 %","62.6 %","44.1 %","83.9 %","92.2 %","89.8 %","50.2 %","29.8 %"," "," "," "," ","41.2 %","17.6 %"," "," "," ","11.4 %"," "," "," ","91.8"," "," "," "," ","90.9","77.1"," "," "," ","84.5"," "," ","6.8"," "," "," "," ","9.7","-1.7"," "," "," ","8.5"," "," ","9.7"," "," "," "," ","3.8","-6.8"," "," "," ","6.1"," "," ","-5.0"," "," "," "," ","-1.0","-2.5"," "," "," ","-3.2"," "," ","-6.80"," "," "," "," ","-1.02","-5.90"," "," "," ","-11.49"," "," ","2859"
"Zach McAllister","Indians","27","1","4.0","25","31","61","92","21.6 %","65.5 %","47.8 %","50.0 %","88.9 %","81.8 %","59.8 %","54.4 %","29.4 %"," "," "," "," ","3.3 %","13.0 %"," "," "," "," "," "," ","92.2","94.2"," "," "," "," ","86.1","80.0"," "," "," "," "," ","-4.5","-8.0"," "," "," "," ","1.0","3.1"," "," "," "," "," ","7.7","5.8"," "," "," "," ","5.1","-1.6"," "," "," "," "," ","-5.1","0.3"," "," "," "," ","0.3","0.0"," "," "," "," "," ","-10.22","1.29"," "," "," "," ","8.37","-0.38"," "," "," "," "," ","2895"
"Ryan Vogelsong","Giants","37","1","4.2","24","38","62","100","30.8 %","51.1 %","40.4 %","87.5 %","91.7 %","90.0 %","47.5 %","34.3 %","18.2 %"," "," "," "," ","14.1 %","22.2 %"," "," ","11.1 %"," "," "," ","89.8","89.6"," "," "," "," ","86.9","75.2"," "," ","81.6"," "," ","-5.7","-7.9"," "," "," "," ","-0.4","2.4"," "," ","-7.9"," "," ","9.0","6.3"," "," "," "," ","7.5","-4.3"," "," ","6.0"," "," ","-1.0","-0.6"," "," "," "," ","-1.6","-0.4"," "," ","0.3"," "," ","-2.98","-3.13"," "," "," "," ","-11.41","-1.97"," "," ","2.93"," "," ","1011"
"Drew Rucinski","Angels","26","1","2.2","16","35","42","77","8.1 %","59.0 %","34.2 %","100.0 %","87.0 %","88.5 %","51.3 %","72.7 %"," "," "," "," "," ","13.0 %"," "," "," ","13.0 %"," "," "," ","90.0"," "," "," "," "," ","81.1"," "," "," ","81.0"," "," ","-5.0"," "," "," "," "," ","5.8"," "," "," ","-4.4"," "," ","10.6"," "," "," "," "," ","2.1"," "," "," ","5.2"," "," ","-0.8"," "," "," "," "," ","-1.1"," "," "," ","-0.6"," "," ","-1.40"," "," "," "," "," ","-10.92"," "," "," ","-6.49"," "," ","12499"
"T.J. House","Indians","25","2","7.0","41","67","90","157","28.1 %","60.7 %","40.8 %","77.8 %","97.3 %","89.1 %","38.9 %"," ","59.2 %"," "," "," "," ","22.3 %","2.6 %"," "," ","15.9 %"," "," "," "," ","89.0"," "," "," "," ","82.6","76.4"," "," ","81.8"," "," "," ","12.8"," "," "," "," ","3.5","-2.1"," "," ","12.1"," "," "," ","3.0"," "," "," "," ","-1.9","-3.0"," "," ","1.6"," "," "," ","-2.9"," "," "," "," ","-0.2","0.0"," "," ","-1.7"," "," "," ","-3.16"," "," "," "," ","-0.67","0.36"," "," ","-6.90"," "," ","9121"
"Bud Norris","Orioles","30","3","10.1","57","89","140","229","25.8 %","62.4 %","41.9 %","69.7 %","87.3 %","81.3 %","44.1 %","46.3 %","14.9 %","0.4 %"," "," "," ","28.8 %"," "," "," ","9.6 %"," "," "," ","92.9","92.8","91.0"," "," "," ","86.5"," "," "," ","85.6"," "," ","-4.3","-7.2","1.9"," "," "," ","3.7"," "," "," ","-6.8"," "," ","10.6","10.0","4.9"," "," "," ","2.9"," "," "," ","8.9"," "," ","-6.1","0.3","0.0"," "," "," ","-1.2"," "," "," ","-0.6"," "," ","-5.75","0.75","-2.71"," "," "," ","-1.76"," "," "," ","-2.84"," "," ","9492"
"Ricky Nolasco","Twins","32","1","3.0","19","35","43","78","38.1 %","43.8 %","40.5 %","81.3 %","100.0 %","90.0 %","43.2 %","28.2 %","24.4 %"," ","7.7 %"," "," ","24.4 %","10.3 %"," "," "," "," "," "," ","89.4","88.4"," ","78.4"," "," ","79.2","71.9"," "," "," "," "," ","-5.3","-8.6"," ","-5.9"," "," ","1.7","7.8"," "," "," "," "," ","9.9","6.3"," ","1.8"," "," ","-1.4","-7.7"," "," "," "," "," ","0.5","-2.3"," ","0.0"," "," ","-1.1","0.2"," "," "," "," "," ","2.33","-12.27"," ","-0.12"," "," ","-5.64","3.10"," "," "," "," "," ","3830"
"Erasmo Ramirez","Rays","25","1","3.1","22","38","53","91","24.1 %","70.3 %","42.9 %","38.5 %","96.2 %","76.9 %","40.7 %","22.0 %","28.6 %"," "," "," "," ","7.7 %","11.0 %"," "," ","30.8 %"," "," "," ","90.1","89.8"," "," "," "," ","85.2","82.2"," "," ","79.8"," "," ","-7.8","-9.7"," "," "," "," ","0.2","2.1"," "," ","-8.4"," "," ","6.2","3.5"," "," "," "," ","3.6","1.3"," "," ","1.2"," "," ","-2.5","-0.8"," "," "," "," ","-0.9","-0.1"," "," ","0.1"," "," ","-12.28","-2.96"," "," "," "," ","-12.30","-0.98"," "," ","0.32"," "," ","10314"
"Jorge de la Rosa","Rockies","34","1","2.0","17","20","33","53","24.0 %","89.3 %","58.5 %","50.0 %","80.0 %","74.2 %","52.8 %","39.6 %"," ","32.1 %","28.3 %"," "," "," "," "," "," "," "," "," "," ","94.1"," ","87.9","84.4"," "," "," "," "," "," "," "," "," ","6.2"," ","1.9","5.7"," "," "," "," "," "," "," "," "," ","4.2"," ","0.9","-0.5"," "," "," "," "," "," "," "," "," ","-1.3"," ","-1.5","-2.2"," "," "," "," "," "," "," "," "," ","-6.12"," ","-8.79","-14.89"," "," "," "," "," "," "," "," "," ","2047"
"Anthony Ranaudo","Rangers","25","1","1.2","13","25","37","62","29.4 %","60.7 %","43.6 %","80.0 %","94.1 %","88.9 %","45.2 %","67.7 %"," "," "," "," "," ","9.7 %","22.6 %"," "," "," "," "," "," ","90.9"," "," "," "," "," ","81.6","78.1"," "," "," "," "," ","-4.3"," "," "," "," "," ","2.9","3.9"," "," "," "," "," ","12.4"," "," "," "," "," ","5.3","-6.2"," "," "," "," "," ","-2.0"," "," "," "," "," ","-0.5","-0.2"," "," "," "," "," ","-4.78"," "," "," "," "," ","-7.95","-1.78"," "," "," "," "," ","11424"
