"Name","Team","Age","G","AB","PA","H","1B","2B","3B","HR","R","RBI","SF","SH","GDP","SB","CS","GB","FB","LD","IFFB","IFH","BU","BUH","Balls","Strikes","Pitches","Pull%","Cent%","Oppo%","Soft%","Med%","Hard%","playerid"
"Tyler Ladendorf","Athletics","27","1","1","1","1","0","0","1","0","0","1","0","0","0","0","0","0","0","1","0","0","0","0","2","4","6","0.0 %","100.0 %","0.0 %","0.0 %","0.0 %","100.0 %","3211"
"Donovan Solano","Marlins","27","1","1","1","1","0","0","1","0","0","1","0","0","0","0","0","0","0","1","0","0","0","0","1","3","4","0.0 %","0.0 %","100.0 %","0.0 %","0.0 %","100.0 %","8623"
"Andrew Susac","Giants","25","2","3","3","3","1","1","0","1","1","1","0","0","0","0","0","0","0","3","0","0","0","0","5","5","10","66.7 %","0.0 %","33.3 %","0.0 %","33.3 %","66.7 %","13132"
"Clayton Kershaw","Dodgers","27","1","1","1","1","0","1","0","0","0","0","0","0","0","0","0","0","0","1","0","0","0","0","1","1","2","100.0 %","0.0 %","0.0 %","0.0 %","100.0 %","0.0 %","2036"
"Steve Tolleson","Blue Jays","31","1","1","1","1","0","1","0","0","0","0","0","0","0","0","0","0","0","1","0","0","0","0","0","1","1","100.0 %","0.0 %","0.0 %","0.0 %","0.0 %","100.0 %","4450"
"Henderson Alvarez","Marlins","25","1","1","1","1","0","1","0","0","0","0","0","0","0","0","0","0","0","1","0","0","0","0","0","4","4","100.0 %","0.0 %","0.0 %","0.0 %","0.0 %","100.0 %","5669"
"Jhonatan Solano","Marlins","29","1","1","1","1","0","1","0","0","0","1","0","0","0","0","0","0","0","1","0","0","0","0","0","2","2","100.0 %","0.0 %","0.0 %","0.0 %","100.0 %","0.0 %","7515"
"Wilin Rosario","Rockies","26","2","2","2","2","0","2","0","0","0","0","0","0","0","0","0","0","0","2","0","0","0","0","2","4","6","0.0 %","0.0 %","100.0 %","0.0 %","50.0 %","50.0 %","8002"
"Jimmy Nelson","Brewers","26","1","1","1","1","0","1","0","0","0","0","0","0","0","0","0","0","0","1","0","0","0","0","3","4","7","0.0 %","100.0 %","0.0 %","0.0 %","100.0 %","0.0 %","10547"
"Mike Foltynewicz","Braves","23","1","1","1","1","0","1","0","0","0","2","0","0","0","0","0","0","0","1","0","0","0","0","0","1","1","0.0 %","100.0 %","0.0 %","0.0 %","100.0 %","0.0 %","10811"
"Garrett Jones","Yankees","34","3","3","3","3","1","1","1","0","0","0","0","0","0","0","0","0","0","3","0","0","0","0","4","7","11","33.3 %","33.3 %","33.3 %","0.0 %","66.7 %","33.3 %","2714"
"Eduardo Nunez","Twins","28","3","4","4","4","1","3","0","0","0","0","0","0","0","0","0","0","0","4","0","0","0","0","4","10","14","50.0 %","25.0 %","25.0 %","0.0 %","25.0 %","75.0 %","6848"
"Rafael Ynoa","Rockies","27","3","3","3","3","1","2","0","0","0","2","0","0","0","0","0","0","0","3","0","0","0","0","2","5","7","33.3 %","33.3 %","33.3 %","0.0 %","0.0 %","100.0 %","2832"
"Joaquin Arias","Giants","30","4","5","5","5","4","0","0","1","1","1","0","0","0","0","0","0","0","5","0","0","0","0","5","11","16","40.0 %","40.0 %","20.0 %","0.0 %","60.0 %","40.0 %","3817"
"Andres Blanco","Phillies","31","2","2","2","2","1","1","0","0","0","1","0","0","0","0","0","0","0","2","0","0","0","0","1","3","4","0.0 %","50.0 %","50.0 %","0.0 %","100.0 %","0.0 %","1907"
"Lance Lynn","Cardinals","28","2","2","2","2","1","1","0","0","0","0","0","0","0","0","0","0","0","2","0","0","0","0","3","4","7","50.0 %","0.0 %","50.0 %","50.0 %","0.0 %","50.0 %","2520"
"Jerry Sands","Indians","27","2","4","4","4","2","2","0","0","0","4","0","0","0","0","0","0","0","4","0","0","0","0","7","13","20","0.0 %","50.0 %","50.0 %","0.0 %","50.0 %","50.0 %","4016"
"A.J. Ellis","Dodgers","34","2","2","2","2","1","1","0","0","0","0","0","0","0","0","0","0","0","2","0","0","0","0","1","4","5","100.0 %","0.0 %","0.0 %","0.0 %","50.0 %","50.0 %","5677"
"Reynaldo Navarro","Orioles","25","2","2","2","2","1","1","0","0","0","1","0","0","0","0","0","0","0","2","0","0","0","0","1","3","4","50.0 %","50.0 %","0.0 %","0.0 %","100.0 %","0.0 %","6008"
"Danny Valencia","Blue Jays","30","5","6","6","6","3","3","0","0","0","3","0","0","0","0","0","0","0","6","0","0","0","0","5","13","18","0.0 %","50.0 %","50.0 %","16.7 %","66.7 %","16.7 %","6364"
"Michael McKenry","Rockies","30","2","2","2","2","1","1","0","0","0","1","0","0","0","0","0","0","0","2","0","0","0","0","1","2","3","50.0 %","50.0 %","0.0 %","0.0 %","50.0 %","50.0 %","9628"
"James McCann","Tigers","25","4","4","4","4","3","0","1","0","0","0","0","0","0","0","0","0","0","4","0","0","0","0","4","8","12","0.0 %","25.0 %","75.0 %","25.0 %","25.0 %","50.0 %","12859"
"Colby Rasmus","Astros","28","6","9","9","9","6","2","1","0","0","2","0","0","0","0","0","0","0","9","0","0","0","0","8","21","29","88.9 %","11.1 %","0.0 %","0.0 %","33.3 %","66.7 %","9893"
"Brian McCann","Yankees","31","9","10","10","9","5","3","0","1","1","6","0","0","0","0","0","0","0","10","0","0","0","0","7","23","30","30.0 %","40.0 %","30.0 %","0.0 %","60.0 %","40.0 %","4810"
"Evan Gattis","Astros","28","10","12","12","9","4","2","0","3","3","8","0","0","0","0","0","0","0","12","0","0","0","0","6","23","29","58.3 %","33.3 %","8.3 %","0.0 %","25.0 %","75.0 %","11003"
"Chris Johnson","Braves","30","3","3","3","3","2","1","0","0","0","0","0","0","0","0","0","0","0","3","0","0","0","0","3","5","8","33.3 %","0.0 %","66.7 %","0.0 %","33.3 %","66.7 %","1191"
"Aaron Hill","Diamondbacks","33","3","3","3","3","2","1","0","0","0","0","0","0","0","0","0","0","0","3","0","0","0","0","3","7","10","33.3 %","66.7 %","0.0 %","0.0 %","66.7 %","33.3 %","6104"
"Kyle Kendrick","Rockies","30","3","3","3","3","2","1","0","0","0","0","0","0","0","0","0","0","0","3","0","0","0","0","3","6","9","66.7 %","0.0 %","33.3 %","0.0 %","100.0 %","0.0 %","6230"
"Tyler Moore","Nationals","28","3","3","3","3","2","1","0","0","0","0","0","0","0","0","0","0","0","3","0","0","0","0","5","8","13","33.3 %","66.7 %","0.0 %","0.0 %","66.7 %","33.3 %","7244"
"Max Muncy","Athletics","24","2","3","3","3","2","1","0","0","0","0","0","0","0","0","0","0","0","3","0","0","0","0","6","8","14","66.7 %","33.3 %","0.0 %","0.0 %","66.7 %","33.3 %","13301"
"Dalton Pompey","Blue Jays","22","7","11","11","9","3","5","0","1","1","4","0","0","0","0","0","0","0","11","0","0","0","0","15","26","41","72.7 %","9.1 %","18.2 %","9.1 %","27.3 %","63.6 %","12797"
"James Loney","Rays","31","5","6","6","5","3","1","0","1","1","3","0","0","0","0","0","0","0","6","0","0","0","0","5","13","18","33.3 %","33.3 %","33.3 %","0.0 %","50.0 %","50.0 %","4556"
"Gerardo Parra","Brewers","28","8","11","11","9","2","6","1","0","0","1","0","0","0","0","0","0","0","11","0","0","0","0","10","22","32","54.6 %","18.2 %","27.3 %","9.1 %","18.2 %","72.7 %","8553"
"Anthony Gose","Tigers","24","7","10","10","10","8","1","1","0","0","4","0","0","0","0","0","0","0","10","0","0","0","0","9","21","30","30.0 %","20.0 %","50.0 %","10.0 %","80.0 %","10.0 %","5097"
"Eric Young","Braves","30","9","9","9","8","4","3","1","0","0","4","0","0","0","0","0","0","0","9","0","0","0","0","4","18","22","66.7 %","22.2 %","11.1 %","22.2 %","44.4 %","33.3 %","7158"
"Chris Stewart","Pirates","33","3","4","4","4","3","1","0","0","0","2","0","0","0","0","0","0","0","4","0","0","0","0","5","5","10","75.0 %","0.0 %","25.0 %","0.0 %","50.0 %","50.0 %","3878"
"Jonathan Schoop","Orioles","23","4","4","4","4","3","1","0","0","0","1","0","0","0","0","0","0","0","4","0","0","0","0","2","4","6","50.0 %","25.0 %","25.0 %","0.0 %","50.0 %","50.0 %","11265"
"Clint Barmes","Padres","36","5","5","5","5","4","1","0","0","0","0","0","0","0","0","0","0","0","5","0","0","0","0","2","10","12","40.0 %","0.0 %","60.0 %","20.0 %","40.0 %","40.0 %","1830"
"Troy Tulowitzki","Rockies","30","13","18","18","15","7","7","0","1","1","7","0","0","0","0","0","0","0","18","0","0","0","0","17","35","52","77.8 %","11.1 %","11.1 %","0.0 %","27.8 %","72.2 %","3531"
"Adeiny Hechavarria","Marlins","26","13","15","15","14","10","3","1","0","0","9","0","0","0","0","0","0","0","15","0","0","0","0","17","34","51","20.0 %","53.3 %","26.7 %","0.0 %","53.3 %","46.7 %","10459"
"Adam Lind","Brewers","31","9","10","10","9","5","4","0","0","0","1","0","0","0","0","0","0","0","10","0","0","0","0","10","24","34","60.0 %","20.0 %","20.0 %","0.0 %","60.0 %","40.0 %","8027"
"Gordon Beckham","White Sox","28","6","6","6","5","4","0","0","1","1","4","0","0","0","0","0","0","0","6","0","0","0","0","6","14","20","50.0 %","33.3 %","16.7 %","16.7 %","50.0 %","33.3 %","9015"
"Dan Uggla","Nationals","35","5","5","5","4","2","1","1","0","0","3","0","0","0","0","0","0","0","5","0","0","0","0","6","9","15","40.0 %","20.0 %","40.0 %","0.0 %","40.0 %","60.0 %","3442"
"Travis Snider","Orioles","27","6","6","6","5","3","1","1","0","0","1","0","0","0","0","0","0","0","6","0","0","0","0","10","14","24","33.3 %","33.3 %","33.3 %","33.3 %","33.3 %","33.3 %","2830"
"Denard Span","Nationals","31","8","10","10","9","6","3","0","0","0","1","0","0","0","0","0","0","0","10","0","0","0","0","7","23","30","10.0 %","40.0 %","50.0 %","0.0 %","60.0 %","40.0 %","8347"
"Jordan Schafer","Twins","28","7","10","10","9","6","3","0","0","0","3","0","0","0","0","0","0","0","10","0","0","0","0","10","21","31","20.0 %","20.0 %","60.0 %","20.0 %","70.0 %","10.0 %","9883"
"Chris Young","Yankees","31","7","8","8","6","3","2","0","1","1","3","0","0","0","0","0","0","0","8","0","0","0","0","8","21","29","75.0 %","12.5 %","12.5 %","12.5 %","75.0 %","12.5 %","3882"
"Carl Crawford","Dodgers","33","7","9","9","7","3","3","1","0","0","2","0","0","0","0","0","0","0","9","0","0","0","0","6","26","32","33.3 %","55.6 %","11.1 %","11.1 %","33.3 %","55.6 %","1201"
"Michael Taylor","Nationals","24","7","9","9","7","3","3","1","0","0","3","0","0","0","0","0","0","0","9","0","0","0","0","11","18","29","55.6 %","11.1 %","33.3 %","0.0 %","44.4 %","55.6 %","11489"
"Daniel Murphy","Mets","30","12","16","16","14","9","5","0","0","0","7","0","0","0","0","0","0","0","16","0","0","0","0","16","33","49","56.3 %","18.8 %","25.0 %","0.0 %","43.8 %","56.3 %","4316"
"Nick Hundley","Rockies","31","11","15","15","13","9","3","1","0","0","3","0","0","0","0","0","0","0","15","0","0","0","0","13","32","45","26.7 %","26.7 %","46.7 %","20.0 %","53.3 %","26.7 %","3376"
"Giancarlo Stanton","Marlins","25","13","14","14","11","6","4","0","1","1","6","0","0","0","0","0","0","0","14","0","0","0","0","16","22","38","78.6 %","14.3 %","7.1 %","0.0 %","14.3 %","85.7 %","4949"
"Kyle Lohse","Brewers","36","2","2","2","2","2","0","0","0","0","0","0","0","0","0","0","0","0","2","0","0","0","0","0","4","4","0.0 %","100.0 %","0.0 %","0.0 %","50.0 %","50.0 %","739"
"Andrew Romine","Tigers","29","2","2","2","2","2","0","0","0","0","0","0","0","0","0","0","0","0","2","0","0","0","0","2","3","5","0.0 %","100.0 %","0.0 %","100.0 %","0.0 %","0.0 %","1159"
"Aaron Harang","Phillies","37","1","1","1","1","1","0","0","0","0","0","0","0","0","0","0","0","0","1","0","0","0","0","1","2","3","0.0 %","0.0 %","100.0 %","0.0 %","100.0 %","0.0 %","1451"
"Reed Johnson","Nationals","38","3","3","3","3","3","0","0","0","0","1","0","0","0","0","0","0","0","3","0","0","0","0","3","10","13","0.0 %","66.7 %","33.3 %","0.0 %","66.7 %","33.3 %","1702"
"Rickie Weeks","Mariners","32","1","1","1","1","1","0","0","0","0","1","0","0","0","0","0","0","0","1","0","0","0","0","0","2","2","100.0 %","0.0 %","0.0 %","0.0 %","0.0 %","100.0 %","1849"
"Zack Greinke","Dodgers","31","1","1","1","1","1","0","0","0","0","0","0","0","0","0","0","0","0","1","0","0","0","0","0","1","1","0.0 %","0.0 %","100.0 %","0.0 %","100.0 %","0.0 %","1943"
"Max Scherzer","Nationals","30","1","1","1","1","1","0","0","0","0","0","0","0","0","0","0","0","0","1","0","0","0","0","1","2","3","0.0 %","0.0 %","100.0 %","100.0 %","0.0 %","0.0 %","3137"
"Mat Latos","Marlins","27","2","2","2","2","2","0","0","0","0","1","0","0","0","0","0","0","0","2","0","0","0","0","2","5","7","0.0 %","100.0 %","0.0 %","0.0 %","50.0 %","50.0 %","3815"
"Chris Denorfia","Cubs","34","4","4","4","4","4","0","0","0","0","0","0","0","0","0","0","0","0","4","0","0","0","0","7","10","17","25.0 %","50.0 %","25.0 %","25.0 %","0.0 %","75.0 %","4400"
"Jason Hammel","Cubs","32","1","1","1","1","1","0","0","0","0","0","0","0","0","0","0","0","0","1","0","0","0","0","1","1","2","0.0 %","0.0 %","100.0 %","0.0 %","0.0 %","100.0 %","4538"
"Jarrod Dyson","Royals","30","4","5","5","5","5","0","0","0","0","0","0","0","0","0","0","0","0","5","0","0","0","0","8","9","17","20.0 %","60.0 %","20.0 %","20.0 %","60.0 %","20.0 %","4866"
"Madison Bumgarner","Giants","25","1","1","1","1","1","0","0","0","0","0","0","0","0","0","0","0","0","1","0","0","0","0","2","3","5","0.0 %","100.0 %","0.0 %","100.0 %","0.0 %","0.0 %","5524"
"Luis Jimenez","Brewers","27","1","1","1","1","1","0","0","0","0","0","0","0","0","0","0","0","0","1","0","0","0","0","1","3","4","100.0 %","0.0 %","0.0 %","0.0 %","100.0 %","0.0 %","6341"
"Tom Koehler","Marlins","29","1","1","1","1","1","0","0","0","0","0","0","0","0","0","0","0","0","1","0","0","0","0","1","3","4","0.0 %","100.0 %","0.0 %","0.0 %","0.0 %","100.0 %","6570"
"Julio Teheran","Braves","24","1","1","1","1","1","0","0","0","0","0","0","0","0","0","0","0","0","1","0","0","0","0","0","1","1","0.0 %","0.0 %","100.0 %","0.0 %","0.0 %","100.0 %","6797"
"Johnny Cueto","Reds","29","1","1","1","1","1","0","0","0","0","0","0","0","0","0","0","0","0","1","0","0","0","0","0","2","2","0.0 %","0.0 %","100.0 %","0.0 %","100.0 %","0.0 %","6893"
"James Shields","Padres","33","1","1","1","1","1","0","0","0","0","0","0","0","0","0","0","0","0","1","0","0","0","0","0","2","2","0.0 %","0.0 %","100.0 %","0.0 %","0.0 %","100.0 %","7059"
"David Lough","Orioles","29","2","2","2","2","2","0","0","0","0","0","0","0","0","0","0","0","0","2","0","0","0","0","1","3","4","0.0 %","100.0 %","0.0 %","0.0 %","100.0 %","0.0 %","7215"
"Josh Collmenter","Diamondbacks","29","1","2","2","2","2","0","0","0","0","1","0","0","0","0","0","0","0","2","0","0","0","0","2","3","5","0.0 %","50.0 %","50.0 %","0.0 %","50.0 %","50.0 %","7312"
"Mark Reynolds","Cardinals","31","2","2","2","2","2","0","0","0","0","0","0","0","0","0","0","0","0","2","0","0","0","0","2","4","6","50.0 %","50.0 %","0.0 %","50.0 %","0.0 %","50.0 %","7619"
"Travis d'Arnaud","Mets","26","6","6","6","6","6","0","0","0","0","2","0","0","0","0","0","0","0","6","0","0","0","0","2","9","11","66.7 %","16.7 %","16.7 %","0.0 %","66.7 %","33.3 %","7739"
"Joey Butler","Rays","29","1","1","1","1","1","0","0","0","0","0","0","0","0","0","0","0","0","1","0","0","0","0","1","3","4","0.0 %","100.0 %","0.0 %","0.0 %","100.0 %","0.0 %","7799"
"Eric Stults","Braves","35","1","1","1","1","1","0","0","0","0","0","0","0","0","0","0","0","0","1","0","0","0","0","2","3","5","0.0 %","100.0 %","0.0 %","0.0 %","100.0 %","0.0 %","8011"
"Yovani Gallardo","Rangers","29","1","1","1","1","1","0","0","0","0","0","0","0","0","0","0","0","0","1","0","0","0","0","3","3","6","0.0 %","100.0 %","0.0 %","0.0 %","100.0 %","0.0 %","8173"
"Daniel Descalso","Rockies","28","1","1","1","1","1","0","0","0","0","0","0","0","0","0","0","0","0","1","0","0","0","0","0","2","2","0.0 %","100.0 %","0.0 %","0.0 %","100.0 %","0.0 %","8392"
"Chris Herrmann","Twins","27","2","2","2","2","2","0","0","0","0","1","0","0","0","0","0","0","0","2","0","0","0","0","2","3","5","0.0 %","0.0 %","100.0 %","0.0 %","50.0 %","50.0 %","9284"
"Doug Fister","Nationals","31","1","1","1","1","1","0","0","0","0","0","0","0","0","0","0","0","0","1","0","0","0","0","0","2","2","100.0 %","0.0 %","0.0 %","0.0 %","100.0 %","0.0 %","9425"
"Justin Bour","Marlins","27","2","2","2","2","2","0","0","0","0","1","0","0","0","0","0","0","0","2","0","0","0","0","0","2","2","0.0 %","100.0 %","0.0 %","0.0 %","50.0 %","50.0 %","9744"
"Michael Saunders","Blue Jays","28","2","2","2","2","2","0","0","0","0","2","0","0","0","0","0","0","0","2","0","0","0","0","2","3","5","100.0 %","0.0 %","0.0 %","0.0 %","0.0 %","100.0 %","9981"
"Grant Green","Angels","27","1","1","1","1","1","0","0","0","0","0","0","0","0","0","0","0","0","1","0","0","0","0","0","2","2","0.0 %","0.0 %","100.0 %","0.0 %","0.0 %","100.0 %","10053"
"Tyler Matzek","Rockies","24","1","1","1","1","1","0","0","0","0","0","0","0","0","0","0","0","0","1","0","0","0","0","1","1","2","0.0 %","100.0 %","0.0 %","0.0 %","0.0 %","100.0 %","10058"
"Jonathan Villar","Astros","24","2","2","2","2","2","0","0","0","0","0","0","0","0","0","0","0","0","2","0","0","0","0","0","4","4","0.0 %","100.0 %","0.0 %","50.0 %","50.0 %","0.0 %","10071"
"Enrique Hernandez","Dodgers","23","1","1","1","1","1","0","0","0","0","0","0","0","0","0","0","0","0","1","0","0","0","0","1","1","2","0.0 %","100.0 %","0.0 %","0.0 %","100.0 %","0.0 %","10472"
"Carlos Perez","Angels","24","1","1","1","1","1","0","0","0","0","0","0","0","0","0","0","0","0","1","0","0","0","0","0","3","3","0.0 %","100.0 %","0.0 %","0.0 %","100.0 %","0.0 %","10642"
"Mike Olt","Cubs","26","1","1","1","1","1","0","0","0","0","0","0","0","0","0","0","0","0","1","0","0","0","0","2","1","3","0.0 %","0.0 %","100.0 %","0.0 %","100.0 %","0.0 %","10698"
"Cody Stanley","Cardinals","26","1","1","1","1","1","0","0","0","0","0","0","0","0","0","0","0","0","1","0","0","0","0","2","4","6","0.0 %","100.0 %","0.0 %","0.0 %","0.0 %","100.0 %","10838"
"Phil Gosselin","Braves","26","2","2","2","2","2","0","0","0","0","2","0","0","0","0","0","0","0","2","0","0","0","0","3","7","10","0.0 %","50.0 %","50.0 %","0.0 %","100.0 %","0.0 %","10953"
"Matt Szczur","Cubs","25","1","1","1","1","1","0","0","0","0","0","0","0","0","0","0","0","0","1","0","0","0","0","1","3","4","0.0 %","0.0 %","100.0 %","0.0 %","100.0 %","0.0 %","11255"
"Carlos Sanchez","White Sox","23","1","2","2","2","2","0","0","0","0","0","0","0","0","0","0","0","0","2","0","0","0","0","2","5","7","50.0 %","50.0 %","0.0 %","0.0 %","100.0 %","0.0 %","11602"
"Tommy La Stella","Cubs","26","1","1","1","1","1","0","0","0","0","0","0","0","0","0","0","0","0","1","0","0","0","0","3","4","7","0.0 %","100.0 %","0.0 %","0.0 %","100.0 %","0.0 %","12371"
"Chris Colabello","Blue Jays","31","1","1","1","1","1","0","0","0","0","0","0","0","0","0","0","0","0","1","0","0","0","0","1","2","3","100.0 %","0.0 %","0.0 %","0.0 %","100.0 %","0.0 %","13051"
"Gerrit Cole","Pirates","24","1","1","1","1","1","0","0","0","0","0","0","0","0","0","0","0","0","1","0","0","0","0","2","3","5","0.0 %","0.0 %","100.0 %","0.0 %","100.0 %","0.0 %","13125"
"Michael Lorenzen","Reds","23","1","1","1","1","1","0","0","0","0","0","0","0","0","0","0","0","0","1","0","0","0","0","3","4","7","0.0 %","0.0 %","100.0 %","0.0 %","100.0 %","0.0 %","14843"
"Jung-ho Kang","Pirates","28","4","5","5","5","5","0","0","0","0","1","0","0","0","0","0","0","0","5","0","0","0","0","6","15","21","60.0 %","40.0 %","0.0 %","20.0 %","60.0 %","20.0 %","17182"
"Pablo Sandoval","Red Sox","28","12","17","17","15","13","1","0","1","1","4","0","0","0","0","0","0","0","17","0","0","0","0","27","36","63","35.3 %","29.4 %","35.3 %","5.9 %","47.1 %","47.1 %","5409"
"Jed Lowrie","Astros","31","8","11","11","10","8","2","0","0","0","4","0","0","0","0","0","0","0","11","0","0","0","0","12","29","41","36.4 %","36.4 %","27.3 %","9.1 %","36.4 %","54.6 %","4418"
"Christian Colon","Royals","26","8","10","10","9","7","2","0","0","0","2","0","0","0","0","0","0","0","10","0","0","0","0","7","19","26","30.0 %","30.0 %","40.0 %","10.0 %","70.0 %","20.0 %","11145"
"Todd Frazier","Reds","29","11","13","13","11","7","4","0","0","0","3","0","0","0","0","0","0","0","13","0","0","0","0","14","29","43","53.9 %","30.8 %","15.4 %","7.7 %","38.5 %","53.9 %","785"
"Jake Marisnick","Astros","24","12","14","14","12","9","2","1","0","0","5","0","0","0","0","0","0","0","14","0","0","0","0","16","34","50","21.4 %","57.1 %","21.4 %","7.1 %","78.6 %","14.3 %","11339"
"Chris Owings","Diamondbacks","23","8","12","12","10","7","2","1","0","0","4","0","0","0","0","0","0","0","12","0","0","0","0","8","22","30","16.7 %","25.0 %","58.3 %","16.7 %","41.7 %","41.7 %","10030"
"Gregorio Petit","Yankees","30","4","5","5","4","2","2","0","0","0","1","0","0","0","0","0","0","0","5","0","0","0","0","2","12","14","80.0 %","20.0 %","0.0 %","0.0 %","60.0 %","40.0 %","3812"
"Justin Turner","Dodgers","30","6","10","10","8","4","4","0","0","0","1","0","0","0","0","0","0","0","10","0","0","0","0","9","20","29","60.0 %","20.0 %","20.0 %","0.0 %","70.0 %","30.0 %","5235"
"George Springer","Astros","25","15","17","17","13","7","5","0","1","1","3","0","0","0","0","0","0","0","17","0","0","0","0","22","31","53","29.4 %","41.2 %","29.4 %","5.9 %","35.3 %","58.8 %","12856"
"Alex Rodriguez","Yankees","39","13","14","14","10","4","5","0","1","1","7","0","0","0","0","0","0","0","14","0","0","0","0","20","31","51","50.0 %","42.9 %","7.1 %","7.1 %","28.6 %","64.3 %","1274"
"Collin Cowgill","Angels","29","4","4","4","3","1","2","0","0","0","0","0","0","0","0","0","0","0","4","0","0","0","0","5","9","14","75.0 %","25.0 %","0.0 %","0.0 %","25.0 %","75.0 %","7250"
"Jake Lamb","Diamondbacks","24","4","4","4","3","1","2","0","0","0","0","0","0","0","0","0","0","0","4","0","0","0","0","4","8","12","25.0 %","25.0 %","50.0 %","0.0 %","0.0 %","100.0 %","13329"
"Conor Gillaspie","White Sox","27","10","12","12","9","4","4","1","0","0","5","0","0","0","0","0","0","0","12","0","0","0","0","14","26","40","75.0 %","25.0 %","0.0 %","0.0 %","66.7 %","33.3 %","9009"
"Brett Lawrie","Athletics","25","13","13","13","12","11","1","0","0","0","5","0","0","0","0","0","0","0","13","0","0","0","0","10","33","43","23.1 %","46.2 %","30.8 %","7.7 %","61.5 %","30.8 %","5247"
"Peter Bourjos","Cardinals","28","4","4","4","3","2","0","1","0","0","1","0","0","0","0","0","0","0","4","0","0","0","0","1","5","6","0.0 %","50.0 %","50.0 %","0.0 %","50.0 %","50.0 %","2578"
"Zack Cozart","Reds","29","12","16","16","13","9","3","1","0","0","0","0","0","0","0","0","0","0","16","0","0","0","0","17","41","58","50.0 %","31.3 %","18.8 %","18.8 %","37.5 %","43.8 %","2616"
"Ender Inciarte","Diamondbacks","24","13","16","16","13","9","3","1","0","0","4","0","0","0","0","0","0","0","16","0","0","0","0","17","35","52","6.3 %","37.5 %","56.3 %","6.3 %","50.0 %","43.8 %","4922"
"Michael Morse","Marlins","33","9","10","10","9","8","1","0","0","0","4","0","0","0","0","0","0","0","10","0","0","0","0","6","24","30","40.0 %","60.0 %","0.0 %","0.0 %","40.0 %","60.0 %","3035"
"Chris Davis","Orioles","29","8","10","10","9","8","1","0","0","0","3","0","0","0","0","0","0","0","10","0","0","0","0","8","17","25","60.0 %","40.0 %","0.0 %","0.0 %","60.0 %","40.0 %","9272"
"Khris Davis","Brewers","27","10","12","12","10","7","3","0","0","0","1","0","0","1","0","0","0","0","12","0","0","0","0","8","28","36","25.0 %","33.3 %","41.7 %","8.3 %","66.7 %","25.0 %","9112"
"Delmon Young","Orioles","29","6","9","9","8","7","1","0","0","0","3","0","0","0","0","0","0","0","9","0","0","0","0","4","14","18","22.2 %","22.2 %","55.6 %","11.1 %","66.7 %","22.2 %","2140"
"Michael Cuddyer","Mets","36","11","11","11","9","6","3","0","0","0","2","0","0","0","0","0","0","0","11","0","0","0","0","16","29","45","18.2 %","36.4 %","45.5 %","9.1 %","54.6 %","36.4 %","1534"
"Juan Lagares","Mets","26","13","15","15","14","14","0","0","0","0","3","0","0","0","0","0","0","0","15","0","0","0","0","20","35","55","13.3 %","53.3 %","33.3 %","13.3 %","80.0 %","6.7 %","5384"
"Yoenis Cespedes","Tigers","29","12","12","13","9","4","4","0","1","1","7","1","0","0","0","0","0","0","13","0","0","0","0","13","33","46","30.8 %","53.9 %","15.4 %","0.0 %","76.9 %","23.1 %","13110"
"Wil Myers","Padres","24","8","10","10","8","5","3","0","0","0","7","0","0","0","0","0","0","0","10","0","0","0","0","11","22","33","50.0 %","50.0 %","0.0 %","0.0 %","70.0 %","30.0 %","10047"
"Adam LaRoche","White Sox","35","7","8","8","7","6","1","0","0","0","2","0","0","0","0","0","0","0","8","0","0","0","0","10","15","25","50.0 %","37.5 %","12.5 %","12.5 %","37.5 %","50.0 %","1904"
"Alex Rios","Royals","34","5","8","8","7","6","1","0","0","0","4","0","0","0","0","0","0","0","8","0","0","0","0","9","20","29","50.0 %","25.0 %","25.0 %","12.5 %","62.5 %","25.0 %","2090"
"Hector Gomez","Brewers","27","7","12","12","9","5","3","1","0","0","3","0","0","0","0","0","0","0","12","0","0","0","0","9","28","37","66.7 %","8.3 %","25.0 %","16.7 %","33.3 %","50.0 %","2264"
"Neil Walker","Pirates","29","11","17","17","14","10","4","0","0","0","2","0","0","0","0","0","0","0","17","0","0","0","0","24","38","62","41.2 %","29.4 %","29.4 %","5.9 %","29.4 %","64.7 %","7539"
"Matt Holliday","Cardinals","35","10","15","15","13","11","2","0","0","0","6","0","0","0","0","0","0","0","15","0","0","0","0","13","26","39","20.0 %","26.7 %","53.3 %","0.0 %","46.7 %","53.3 %","1873"
"Mitch Moreland","Rangers","29","8","9","9","7","4","3","0","0","0","2","0","0","0","0","0","0","0","9","0","0","0","0","14","20","34","33.3 %","66.7 %","0.0 %","0.0 %","55.6 %","44.4 %","3086"
"Eric Hosmer","Royals","25","16","19","19","15","11","2","2","0","0","5","0","0","0","0","0","0","0","19","0","0","0","0","19","44","63","42.1 %","42.1 %","15.8 %","21.1 %","47.4 %","31.6 %","3516"
"Miguel Cabrera","Tigers","32","12","14","14","12","10","2","0","0","0","3","0","0","0","0","0","0","0","14","0","0","0","0","13","35","48","42.9 %","35.7 %","21.4 %","14.3 %","28.6 %","57.1 %","1744"
"Andre Ethier","Dodgers","33","7","7","7","6","5","1","0","0","0","1","0","0","0","0","0","0","0","7","0","0","0","0","10","14","24","71.4 %","0.0 %","28.6 %","0.0 %","57.1 %","42.9 %","6265"
"Ryan Goins","Blue Jays","27","9","9","9","7","5","1","1","0","0","3","0","0","1","0","0","0","0","9","0","0","0","0","14","17","31","55.6 %","33.3 %","11.1 %","0.0 %","22.2 %","77.8 %","9807"
"Gregory Polanco","Pirates","23","13","16","16","12","8","3","0","1","1","3","0","0","0","0","0","0","0","16","0","0","0","0","17","38","55","62.5 %","25.0 %","12.5 %","12.5 %","43.8 %","43.8 %","12907"
"Trevor Plouffe","Twins","29","11","13","13","11","9","2","0","0","0","2","0","0","0","0","0","0","0","13","0","0","0","0","18","31","49","30.8 %","38.5 %","30.8 %","15.4 %","61.5 %","23.1 %","7462"
"Rougned Odor","Rangers","21","9","10","10","7","3","3","1","0","0","1","0","0","0","0","0","0","0","10","0","0","0","0","14","26","40","50.0 %","20.0 %","30.0 %","0.0 %","50.0 %","50.0 %","12282"
"Yunel Escobar","Nationals","32","10","16","16","14","13","1","0","0","0","5","0","0","0","0","0","0","0","16","0","0","0","0","21","33","54","37.5 %","12.5 %","50.0 %","12.5 %","50.0 %","37.5 %","4191"
"Angel Pagan","Giants","33","15","23","23","19","15","4","0","0","0","4","0","0","0","0","0","0","0","23","0","0","0","0","33","48","81","26.1 %","47.8 %","26.1 %","0.0 %","73.9 %","26.1 %","2918"
"Torii Hunter","Twins","39","6","7","7","5","2","3","0","0","0","1","0","0","0","0","0","0","0","7","0","0","0","0","7","15","22","28.6 %","57.1 %","14.3 %","0.0 %","42.9 %","57.1 %","731"
"Ben Zobrist","Athletics","34","4","7","7","5","2","3","0","0","0","2","0","0","0","0","0","0","0","7","0","0","0","0","8","17","25","71.4 %","14.3 %","14.3 %","0.0 %","71.4 %","28.6 %","7435"
"Dexter Fowler","Cubs","29","10","13","13","10","7","2","1","0","0","0","0","0","0","0","0","0","0","13","0","0","0","0","17","28","45","23.1 %","46.2 %","30.8 %","23.1 %","30.8 %","46.2 %","4062"
"Ryan Raburn","Indians","34","7","11","11","9","7","2","0","0","0","5","0","0","0","0","0","0","0","11","0","0","0","0","17","29","46","45.5 %","27.3 %","27.3 %","9.1 %","27.3 %","63.6 %","2218"
"Prince Fielder","Rangers","31","16","22","22","18","14","4","0","0","0","6","0","0","0","0","0","0","0","22","0","0","0","0","23","51","74","31.8 %","36.4 %","31.8 %","9.1 %","45.5 %","45.5 %","4613"
"Joey Votto","Reds","31","15","22","22","18","15","2","1","0","0","3","0","0","0","0","0","0","0","22","0","0","0","0","27","43","70","40.9 %","36.4 %","22.7 %","0.0 %","59.1 %","40.9 %","4314"
"Justin Upton","Padres","27","13","12","13","9","6","1","1","1","1","5","1","0","0","0","0","0","0","13","0","0","0","0","15","32","47","53.9 %","30.8 %","15.4 %","23.1 %","38.5 %","38.5 %","5222"
"Jose Altuve","Astros","25","12","16","17","13","8","5","0","0","0","8","1","0","0","0","0","0","0","17","0","0","0","0","12","28","40","35.3 %","41.2 %","23.5 %","5.9 %","47.1 %","47.1 %","5417"
"Kolten Wong","Cardinals","24","15","18","19","16","14","2","0","0","0","5","1","0","0","0","0","0","0","19","0","0","0","0","18","41","59","31.6 %","57.9 %","10.5 %","21.1 %","42.1 %","36.8 %","12532"
"Eduardo Escobar","Twins","26","5","5","5","4","3","1","0","0","0","1","0","0","0","0","0","0","0","5","0","0","0","0","8","12","20","60.0 %","20.0 %","20.0 %","20.0 %","60.0 %","20.0 %","6153"
"Adrian Gonzalez","Dodgers","33","15","21","21","16","10","6","0","0","0","3","0","0","0","0","0","0","0","21","0","0","0","0","27","46","73","52.4 %","19.1 %","28.6 %","9.5 %","38.1 %","52.4 %","1908"
"Gregor Blanco","Giants","31","10","11","11","8","5","2","1","0","0","0","0","0","0","0","0","0","0","11","0","0","0","0","14","23","37","54.6 %","18.2 %","27.3 %","9.1 %","72.7 %","18.2 %","3123"
"Caleb Joseph","Orioles","29","11","13","13","11","10","1","0","0","0","4","0","0","0","0","0","0","0","13","0","0","0","0","15","30","45","30.8 %","53.9 %","15.4 %","15.4 %","46.2 %","38.5 %","7087"
"Bryce Harper","Nationals","22","13","14","14","11","8","3","0","0","0","2","0","0","0","0","0","0","0","14","0","0","0","0","15","34","49","71.4 %","21.4 %","7.1 %","14.3 %","35.7 %","50.0 %","11579"
"Josh Reddick","Athletics","28","15","19","19","15","12","2","1","0","0","8","0","0","0","0","0","0","0","19","0","0","0","0","28","49","77","31.6 %","57.9 %","10.5 %","5.3 %","52.6 %","42.1 %","3892"
"Shane Robinson","Twins","30","8","8","8","7","7","0","0","0","0","3","0","0","0","0","0","0","0","8","0","0","0","0","5","20","25","12.5 %","37.5 %","50.0 %","12.5 %","50.0 %","37.5 %","4249"
"Dee Gordon","Marlins","27","17","23","23","18","14","3","1","0","0","8","0","0","0","0","0","0","0","23","0","0","0","0","21","61","82","30.4 %","39.1 %","30.4 %","8.7 %","60.9 %","30.4 %","8203"
"Eric Sogard","Athletics","29","12","17","17","14","12","2","0","0","0","1","0","0","0","0","0","0","0","17","0","0","0","0","8","39","47","29.4 %","35.3 %","35.3 %","11.8 %","64.7 %","23.5 %","7927"
"Freddie Freeman","Braves","25","15","18","18","14","10","4","0","0","0","3","0","0","0","0","0","0","0","18","0","0","0","0","23","43","66","33.3 %","27.8 %","38.9 %","11.1 %","55.6 %","33.3 %","5361"
"Ian Desmond","Nationals","29","9","10","10","7","3","4","0","0","0","0","0","0","0","0","0","0","0","10","0","0","0","0","9","27","36","30.0 %","40.0 %","30.0 %","10.0 %","50.0 %","40.0 %","6885"
"Jose Reyes","Blue Jays","32","9","12","13","10","7","3","0","0","0","3","1","0","0","0","0","0","0","13","0","0","0","0","18","36","54","30.8 %","53.9 %","15.4 %","15.4 %","53.9 %","30.8 %","1736"
"Erick Aybar","Angels","31","11","16","16","13","11","2","0","0","0","5","0","0","0","0","0","0","0","16","0","0","0","0","12","42","54","25.0 %","50.0 %","25.0 %","6.3 %","62.5 %","31.3 %","4082"
"Joc Pederson","Dodgers","23","9","9","9","6","2","4","0","0","0","3","0","0","0","0","0","0","0","9","0","0","0","0","14","23","37","55.6 %","11.1 %","33.3 %","0.0 %","55.6 %","44.4 %","11899"
"Lucas Duda","Mets","29","19","28","28","21","14","7","0","0","0","7","0","0","0","0","0","0","0","28","0","0","0","0","30","67","97","42.9 %","35.7 %","21.4 %","17.9 %","35.7 %","46.4 %","2502"
"Cliff Pennington","Diamondbacks","31","3","4","4","3","2","1","0","0","0","0","0","0","0","0","0","0","0","4","0","0","0","0","9","14","23","50.0 %","0.0 %","50.0 %","0.0 %","50.0 %","50.0 %","3395"
"Justin Ruggiano","Mariners","33","4","4","4","3","2","1","0","0","0","0","0","0","0","0","0","0","0","4","0","0","0","0","6","10","16","50.0 %","50.0 %","0.0 %","50.0 %","25.0 %","25.0 %","7620"
"Nolan Arenado","Rockies","24","12","16","16","12","8","4","0","0","0","4","0","0","0","0","0","0","0","16","0","0","0","0","20","35","55","37.5 %","31.3 %","31.3 %","0.0 %","56.3 %","43.8 %","9777"
"Yasmani Grandal","Dodgers","26","7","12","12","9","6","3","0","0","0","1","0","0","0","0","0","0","0","12","0","0","0","0","14","24","38","25.0 %","33.3 %","41.7 %","0.0 %","58.3 %","41.7 %","11368"
"Kendrys Morales","Royals","32","16","19","19","15","12","3","0","0","0","6","0","0","0","0","0","0","0","19","0","0","0","0","15","37","52","52.6 %","31.6 %","15.8 %","10.5 %","63.2 %","26.3 %","8610"
"Sean Rodriguez","Pirates","30","6","7","7","6","6","0","0","0","0","1","0","0","0","0","0","0","0","7","0","0","0","0","4","13","17","14.3 %","42.9 %","42.9 %","0.0 %","57.1 %","42.9 %","6589"
"Seth Smith","Mariners","32","7","9","9","6","3","2","1","0","0","1","0","0","0","0","0","0","0","9","0","0","0","0","13","22","35","33.3 %","44.4 %","22.2 %","0.0 %","22.2 %","77.8 %","7331"
"Asdrubal Cabrera","Rays","29","8","8","8","6","5","0","1","0","0","1","0","0","0","0","0","0","0","8","0","0","0","0","9","18","27","62.5 %","37.5 %","0.0 %","12.5 %","37.5 %","50.0 %","4962"
"Chase Headley","Yankees","31","15","19","19","14","10","3","1","0","0","3","0","0","0","0","0","0","0","19","0","0","0","0","31","51","82","57.9 %","15.8 %","26.3 %","21.1 %","36.8 %","42.1 %","4720"
"Devon Travis","Blue Jays","24","8","10","10","8","7","1","0","0","0","6","0","0","0","0","0","0","0","10","0","0","0","0","17","27","44","10.0 %","10.0 %","80.0 %","0.0 %","60.0 %","40.0 %","13862"
"Matt Kemp","Padres","30","15","18","18","13","8","5","0","0","0","5","0","0","0","0","0","0","0","18","0","0","0","0","18","40","58","55.6 %","33.3 %","11.1 %","0.0 %","38.9 %","61.1 %","5631"
"Matt Carpenter","Cardinals","29","13","18","18","13","8","5","0","0","0","2","0","0","0","0","0","0","0","18","0","0","0","0","23","49","72","27.8 %","55.6 %","16.7 %","11.1 %","44.4 %","44.4 %","8090"
"Mark Trumbo","Diamondbacks","29","9","11","11","8","6","1","1","0","0","2","0","0","0","0","0","0","0","11","0","0","0","0","13","21","34","18.2 %","54.6 %","27.3 %","9.1 %","36.4 %","54.6 %","6876"
"Marcus Semien","Athletics","24","14","17","17","13","10","3","0","0","0","4","0","0","0","0","0","0","0","17","0","0","0","0","19","37","56","47.1 %","23.5 %","29.4 %","0.0 %","58.8 %","41.2 %","12533"
"Stephen Vogt","Athletics","30","14","16","16","13","12","1","0","0","0","4","0","0","0","0","0","0","0","16","0","0","0","0","19","37","56","50.0 %","31.3 %","18.8 %","6.3 %","75.0 %","18.8 %","5000"
"Robinson Chirinos","Rangers","31","7","7","7","5","3","2","0","0","0","0","0","0","0","0","0","0","0","7","0","0","0","0","8","16","24","57.1 %","14.3 %","28.6 %","0.0 %","57.1 %","42.9 %","3142"
"Kevin Plawecki","Mets","24","7","7","7","5","3","2","0","0","0","4","0","0","0","0","0","0","0","7","0","0","0","0","6","12","18","14.3 %","57.1 %","28.6 %","0.0 %","57.1 %","42.9 %","13807"
"Edwin Encarnacion","Blue Jays","32","11","12","13","10","8","2","0","0","0","4","1","0","0","0","0","0","0","13","0","0","0","0","13","22","35","38.5 %","38.5 %","23.1 %","7.7 %","38.5 %","53.9 %","2151"
"Josh Donaldson","Blue Jays","29","11","13","13","10","8","2","0","0","0","2","0","0","0","0","0","0","0","13","0","0","0","0","14","26","40","30.8 %","61.5 %","7.7 %","7.7 %","38.5 %","53.9 %","5038"
"DJ LeMahieu","Rockies","26","13","19","19","15","13","2","0","0","0","2","0","0","0","0","0","0","0","19","0","0","0","0","20","46","66","10.5 %","36.8 %","52.6 %","10.5 %","57.9 %","31.6 %","9874"
"Kris Bryant","Cubs","23","4","6","6","5","5","0","0","0","0","4","0","0","0","0","0","0","0","6","0","0","0","0","7","15","22","33.3 %","33.3 %","33.3 %","0.0 %","83.3 %","16.7 %","15429"
"Jose Abreu","White Sox","28","12","14","14","9","6","1","1","1","1","6","0","0","0","0","0","0","0","14","0","0","0","0","14","38","52","7.1 %","35.7 %","57.1 %","14.3 %","57.1 %","28.6 %","15676"
"Alejandro De Aza","Orioles","31","7","10","10","7","5","1","1","0","0","0","0","0","0","0","0","0","0","10","0","0","0","0","13","25","38","50.0 %","40.0 %","10.0 %","30.0 %","50.0 %","20.0 %","3371"
"Derek Norris","Padres","26","12","13","13","9","5","4","0","0","0","2","0","0","0","0","0","0","0","13","0","0","0","0","15","35","50","69.2 %","23.1 %","7.7 %","7.7 %","38.5 %","53.9 %","6867"
"Jason Kipnis","Indians","28","14","21","21","15","12","2","0","1","1","3","0","0","0","0","0","0","0","21","0","0","0","0","26","52","78","19.1 %","47.6 %","33.3 %","9.5 %","47.6 %","42.9 %","9776"
"Adam Jones","Orioles","29","16","24","24","18","15","2","1","0","0","7","0","0","0","0","0","0","0","24","0","0","0","0","25","51","76","33.3 %","41.7 %","25.0 %","8.3 %","50.0 %","41.7 %","6368"
"Mike Trout","Angels","23","18","18","18","13","9","4","0","0","0","3","0","0","0","0","0","0","0","18","0","0","0","0","18","49","67","44.4 %","38.9 %","16.7 %","11.1 %","33.3 %","55.6 %","10155"
"Wilson Ramos","Nationals","27","12","14","14","11","10","1","0","0","0","4","0","0","0","0","0","0","0","14","0","0","0","0","19","36","55","28.6 %","42.9 %","28.6 %","7.1 %","50.0 %","42.9 %","1433"
"Melky Cabrera","White Sox","30","11","17","17","13","11","2","0","0","0","3","0","0","0","0","0","0","0","17","0","0","0","0","16","43","59","35.3 %","47.1 %","17.7 %","0.0 %","58.8 %","41.2 %","4022"
"Avisail Garcia","White Sox","24","13","19","19","15","14","1","0","0","0","1","0","0","0","0","0","0","0","19","0","0","0","0","18","40","58","26.3 %","42.1 %","31.6 %","0.0 %","57.9 %","42.1 %","5760"
"Carlos Beltran","Yankees","38","9","12","13","8","3","4","1","0","0","4","1","0","0","0","0","0","0","13","0","0","0","0","17","40","57","46.2 %","38.5 %","15.4 %","0.0 %","53.9 %","46.2 %","589"
"Brennan Boesch","Reds","30","3","3","3","2","1","1","0","0","0","0","0","0","0","0","0","0","0","3","0","0","0","0","1","6","7","33.3 %","33.3 %","33.3 %","0.0 %","66.7 %","33.3 %","914"
"Carlos Peguero","Rangers","28","3","3","3","2","1","1","0","0","0","0","0","0","0","0","0","0","0","3","0","0","0","0","3","9","12","66.7 %","33.3 %","0.0 %","0.0 %","33.3 %","66.7 %","8760"
"Jedd Gyorko","Padres","26","7","9","9","6","3","3","0","0","0","2","0","0","0","0","0","0","0","9","0","0","0","0","11","19","30","33.3 %","11.1 %","55.6 %","0.0 %","33.3 %","66.7 %","10816"
"Brayan Pena","Reds","33","12","14","14","10","7","3","0","0","0","0","0","0","0","0","0","0","0","14","0","0","0","0","20","33","53","35.7 %","28.6 %","35.7 %","0.0 %","64.3 %","35.7 %","3231"
"Brett Gardner","Yankees","31","8","14","14","10","7","3","0","0","0","4","0","0","0","0","0","0","0","14","0","0","0","0","21","43","64","35.7 %","21.4 %","42.9 %","7.1 %","28.6 %","64.3 %","9927"
"Nelson Cruz","Mariners","34","9","11","11","8","6","2","0","0","0","2","0","0","0","0","0","0","0","11","0","0","0","0","10","19","29","36.4 %","36.4 %","27.3 %","0.0 %","54.6 %","45.5 %","2434"
"Steven Souza","Rays","26","10","11","11","8","6","2","0","0","0","2","0","0","0","0","0","0","0","11","0","0","0","0","10","23","33","72.7 %","27.3 %","0.0 %","18.2 %","36.4 %","45.5 %","5667"
"Starlin Castro","Cubs","25","12","13","13","10","9","1","0","0","0","4","0","0","0","0","0","0","0","13","0","0","0","0","12","29","41","30.8 %","46.2 %","23.1 %","23.1 %","61.5 %","15.4 %","4579"
"Kennys Vargas","Twins","24","13","16","16","11","9","1","0","1","1","4","0","0","0","0","0","0","0","16","0","0","0","0","25","44","69","50.0 %","37.5 %","12.5 %","6.3 %","31.3 %","62.5 %","12101"
"Jacoby Ellsbury","Yankees","31","17","26","26","19","17","1","0","1","1","2","0","0","0","0","0","0","0","26","0","0","0","0","24","55","79","30.8 %","38.5 %","30.8 %","15.4 %","46.2 %","38.5 %","4727"
"J.B. Shuck","White Sox","28","4","5","5","4","4","0","0","0","0","2","0","0","0","0","0","0","0","5","0","0","0","0","6","9","15","20.0 %","40.0 %","40.0 %","40.0 %","20.0 %","40.0 %","6677"
"Oswaldo Arcia","Twins","24","8","10","10","8","8","0","0","0","0","1","0","0","0","0","0","0","0","10","0","0","0","0","7","20","27","40.0 %","40.0 %","20.0 %","20.0 %","60.0 %","20.0 %","10306"
"Alex Guerrero","Dodgers","28","5","5","5","4","4","0","0","0","0","2","0","0","0","0","0","0","0","5","0","0","0","0","5","11","16","20.0 %","40.0 %","40.0 %","20.0 %","40.0 %","40.0 %","15670"
"Joe Mauer","Twins","32","17","27","27","19","14","4","1","0","0","8","0","0","0","0","0","0","0","27","0","0","0","0","29","67","96","40.7 %","25.9 %","33.3 %","3.7 %","55.6 %","40.7 %","1857"
"Alexei Ramirez","White Sox","33","10","14","14","9","4","5","0","0","0","2","0","0","0","0","0","0","0","14","0","0","0","0","13","23","36","57.1 %","28.6 %","14.3 %","7.1 %","42.9 %","50.0 %","5133"
"Lorenzo Cain","Royals","29","13","18","18","13","10","3","0","0","0","3","0","0","0","0","0","0","0","18","0","0","0","0","24","37","61","33.3 %","33.3 %","33.3 %","0.0 %","55.6 %","44.4 %","9077"
"Brandon Guyer","Rays","29","10","10","11","7","3","4","0","0","0","3","1","0","0","0","0","0","0","11","0","0","0","0","11","19","30","45.5 %","45.5 %","9.1 %","9.1 %","54.6 %","36.4 %","2636"
"Brandon Moss","Indians","31","10","10","11","7","3","4","0","0","0","5","1","0","0","0","0","0","0","11","0","0","0","0","9","24","33","72.7 %","18.2 %","9.1 %","0.0 %","18.2 %","81.8 %","4467"
"Yadier Molina","Cardinals","32","11","13","13","9","6","3","0","0","0","5","0","0","0","0","0","0","0","13","0","0","0","0","9","23","32","38.5 %","30.8 %","30.8 %","7.7 %","61.5 %","30.8 %","7007"
"Mookie Betts","Red Sox","22","12","13","13","9","6","3","0","0","0","4","0","0","0","0","0","0","0","13","0","0","0","0","17","35","52","46.2 %","30.8 %","23.1 %","7.7 %","61.5 %","30.8 %","13611"
"Xander Bogaerts","Red Sox","22","10","11","11","7","4","2","1","0","0","3","0","0","0","0","0","0","0","11","0","0","0","0","13","35","48","36.4 %","27.3 %","36.4 %","9.1 %","18.2 %","72.7 %","12161"
"Alcides Escobar","Royals","28","14","20","20","14","10","4","0","0","0","5","0","0","0","0","0","0","0","20","0","0","0","0","21","55","76","20.0 %","10.0 %","70.0 %","20.0 %","65.0 %","15.0 %","6310"
"Leonys Martin","Rangers","27","9","10","10","7","5","2","0","0","0","0","0","0","0","0","0","0","0","10","0","0","0","0","12","24","36","40.0 %","40.0 %","20.0 %","20.0 %","50.0 %","30.0 %","11846"
"Nori Aoki","Giants","33","12","20","20","14","10","4","0","0","0","3","0","0","0","0","0","0","0","20","0","0","0","0","19","51","70","20.0 %","30.0 %","50.0 %","0.0 %","65.0 %","35.0 %","13075"
"Yonder Alonso","Padres","28","9","12","12","9","8","1","0","0","0","1","0","0","0","0","0","0","0","12","0","0","0","0","11","21","32","25.0 %","50.0 %","25.0 %","8.3 %","41.7 %","50.0 %","2530"
"Carlos Gonzalez","Rockies","29","12","15","15","10","6","4","0","0","0","1","0","0","0","0","0","0","0","15","0","0","0","0","16","30","46","13.3 %","53.3 %","33.3 %","0.0 %","53.3 %","46.7 %","7287"
"Kevin Pillar","Blue Jays","26","12","15","15","10","6","4","0","0","0","6","0","0","0","0","0","0","0","15","0","0","0","0","11","42","53","40.0 %","40.0 %","20.0 %","13.3 %","40.0 %","46.7 %","12434"
"Charlie Blackmon","Rockies","28","12","17","17","12","10","1","1","0","0","5","0","0","0","0","0","0","0","17","0","0","0","0","17","37","54","41.2 %","41.2 %","17.7 %","0.0 %","47.1 %","52.9 %","7859"
"Yangervis Solarte","Padres","27","10","14","14","10","8","2","0","0","0","6","0","0","0","0","0","0","0","14","0","0","0","0","12","35","47","35.7 %","42.9 %","21.4 %","21.4 %","21.4 %","57.1 %","5352"
"Omar Infante","Royals","33","10","12","12","8","5","3","0","0","0","4","0","0","0","0","0","0","0","12","0","0","0","0","18","26","44","33.3 %","33.3 %","33.3 %","25.0 %","50.0 %","25.0 %","1609"
"Marwin Gonzalez","Astros","26","8","12","12","8","5","3","0","0","0","2","0","0","0","0","0","0","0","12","0","0","0","0","13","28","41","33.3 %","41.7 %","25.0 %","0.0 %","75.0 %","25.0 %","5497"
"Corey Dickerson","Rockies","26","14","19","19","13","10","2","1","0","0","3","0","0","0","0","0","0","0","19","0","0","0","0","24","42","66","31.6 %","36.8 %","31.6 %","5.3 %","47.4 %","47.4 %","10762"
"Jimmy Paredes","Orioles","26","7","12","12","8","6","1","1","0","0","2","0","0","0","0","0","0","0","12","0","0","0","0","11","27","38","41.7 %","41.7 %","16.7 %","8.3 %","58.3 %","33.3 %","5481"
"Jay Bruce","Reds","28","10","12","12","8","6","1","1","0","0","4","0","0","0","0","0","0","0","12","0","0","0","0","15","26","41","66.7 %","25.0 %","8.3 %","16.7 %","16.7 %","66.7 %","9892"
"Paul Goldschmidt","Diamondbacks","27","13","18","18","13","11","2","0","0","0","2","0","0","0","0","0","0","0","18","0","0","0","0","14","42","56","38.9 %","38.9 %","22.2 %","0.0 %","55.6 %","44.4 %","9218"
"Miguel Montero","Cubs","31","11","13","13","10","10","0","0","0","0","4","0","0","0","0","0","0","0","13","0","0","0","0","15","27","42","15.4 %","61.5 %","23.1 %","15.4 %","61.5 %","23.1 %","3364"
"Alex Gordon","Royals","31","11","16","16","11","8","3","0","0","0","5","0","0","0","0","0","0","0","16","0","0","0","0","20","28","48","50.0 %","43.8 %","6.3 %","25.0 %","56.3 %","18.8 %","5209"
"Danny Espinosa","Nationals","28","7","11","11","8","7","1","0","0","0","2","0","0","0","0","0","0","0","11","0","0","0","0","12","26","38","54.6 %","27.3 %","18.2 %","0.0 %","36.4 %","63.6 %","9219"
"Scott Van Slyke","Dodgers","28","6","9","9","6","4","2","0","0","0","3","0","0","0","0","0","0","0","9","0","0","0","0","16","18","34","66.7 %","22.2 %","11.1 %","0.0 %","44.4 %","55.6 %","4365"
"Joe Panik","Giants","24","16","20","20","13","10","2","0","1","1","3","0","0","0","0","0","0","0","20","0","0","0","0","18","43","61","30.0 %","30.0 %","40.0 %","10.0 %","55.0 %","35.0 %","11936"
"Freddy Galvis","Phillies","25","12","19","19","14","13","1","0","0","0","2","0","0","0","0","0","0","0","19","0","0","0","0","16","45","61","42.1 %","36.8 %","21.1 %","26.3 %","47.4 %","26.3 %","6609"
"Jimmy Rollins","Dodgers","36","9","12","13","9","7","2","0","0","0","2","1","0","0","0","0","0","0","13","0","0","0","0","15","28","43","61.5 %","38.5 %","0.0 %","0.0 %","69.2 %","30.8 %","971"
"Ryan Hanigan","Red Sox","34","11","13","13","9","7","2","0","0","0","1","0","0","0","0","0","0","0","13","0","0","0","0","12","37","49","23.1 %","38.5 %","38.5 %","0.0 %","61.5 %","38.5 %","4952"
"A.J. Pollock","Diamondbacks","27","12","13","13","9","7","2","0","0","0","5","0","0","0","0","0","0","0","13","0","0","0","0","13","25","38","15.4 %","53.9 %","30.8 %","0.0 %","38.5 %","61.5 %","9256"
"Odubel Herrera","Phillies","23","13","16","16","10","6","3","1","0","0","2","0","0","0","0","0","0","0","16","0","0","0","0","15","43","58","31.3 %","31.3 %","37.5 %","12.5 %","75.0 %","12.5 %","11476"
"C.J. Cron","Angels","25","10","11","11","7","4","3","0","0","0","2","0","0","0","0","0","0","0","11","0","0","0","0","13","22","35","27.3 %","54.6 %","18.2 %","9.1 %","63.6 %","27.3 %","12546"
"Kyle Blanks","Rangers","28","3","4","4","3","3","0","0","0","0","1","0","0","0","0","0","0","0","4","0","0","0","0","4","11","15","50.0 %","25.0 %","25.0 %","0.0 %","75.0 %","25.0 %","49"
"Ryan Braun","Brewers","31","6","8","8","6","6","0","0","0","0","2","0","0","0","0","0","0","0","8","0","0","0","0","9","22","31","50.0 %","25.0 %","25.0 %","0.0 %","25.0 %","75.0 %","3410"
"Tyler Flowers","White Sox","29","3","4","4","3","3","0","0","0","0","2","0","0","0","0","0","0","0","4","0","0","0","0","3","8","11","0.0 %","75.0 %","25.0 %","50.0 %","25.0 %","25.0 %","9134"
"Jean Segura","Brewers","25","11","14","14","10","9","1","0","0","0","2","0","0","0","0","0","0","0","14","0","0","0","0","18","33","51","7.1 %","21.4 %","71.4 %","7.1 %","57.1 %","35.7 %","5933"
"Matt Duffy","Giants","24","8","9","10","7","6","1","0","0","0","4","1","0","0","0","0","0","0","10","0","0","0","0","16","23","39","20.0 %","50.0 %","30.0 %","10.0 %","60.0 %","30.0 %","13836"
"Evan Longoria","Rays","29","15","19","19","11","6","4","0","1","1","3","0","0","0","0","0","0","0","19","0","0","0","0","19","41","60","68.4 %","21.1 %","10.5 %","0.0 %","36.8 %","63.2 %","9368"
"Logan Forsythe","Rays","28","13","16","16","11","9","2","0","0","0","1","0","0","0","0","0","0","0","16","0","0","0","0","22","42","64","31.3 %","50.0 %","18.8 %","0.0 %","62.5 %","37.5 %","7185"
"Austin Jackson","Mariners","28","13","16","16","11","9","2","0","0","0","1","0","0","0","0","0","0","0","16","0","0","0","0","14","46","60","31.3 %","25.0 %","43.8 %","12.5 %","31.3 %","56.3 %","9848"
"Jhonny Peralta","Cardinals","33","18","24","24","16","12","4","0","0","0","5","0","0","0","0","0","0","0","24","0","0","0","0","27","44","71","33.3 %","54.2 %","12.5 %","12.5 %","45.8 %","41.7 %","1738"
"Grady Sizemore","Phillies","32","4","6","6","4","3","1","0","0","0","1","0","0","0","0","0","0","0","6","0","0","0","0","3","7","10","16.7 %","16.7 %","66.7 %","16.7 %","66.7 %","16.7 %","2197"
"Billy Butler","Athletics","29","9","12","12","8","6","2","0","0","0","3","0","0","0","0","0","0","0","12","0","0","0","0","16","32","48","33.3 %","25.0 %","41.7 %","16.7 %","0.0 %","83.3 %","7399"
"Chris Iannetta","Angels","32","4","6","6","4","3","1","0","0","0","0","0","0","0","0","0","0","0","6","0","0","0","0","8","17","25","66.7 %","16.7 %","16.7 %","0.0 %","50.0 %","50.0 %","8267"
"Billy Burns","Athletics","25","4","6","6","4","3","1","0","0","0","0","0","0","0","0","0","0","0","6","0","0","0","0","1","9","10","0.0 %","66.7 %","33.3 %","16.7 %","83.3 %","0.0 %","12701"
"Ryan Zimmerman","Nationals","30","10","14","14","9","6","3","0","0","0","4","0","0","0","0","0","0","0","14","0","0","0","0","15","32","47","35.7 %","28.6 %","35.7 %","14.3 %","35.7 %","50.0 %","4220"
"Kevin Kiermaier","Rays","25","12","14","14","9","6","3","0","0","0","1","0","0","0","0","0","0","0","14","0","0","0","0","14","34","48","57.1 %","35.7 %","7.1 %","0.0 %","50.0 %","50.0 %","11038"
"Mike Moustakas","Royals","26","16","21","21","15","14","1","0","0","0","3","0","0","0","0","0","0","0","21","0","0","0","0","16","64","80","14.3 %","23.8 %","61.9 %","9.5 %","66.7 %","23.8 %","4892"
"Adrian Beltre","Rangers","36","12","14","14","9","7","1","1","0","0","2","0","0","0","0","0","0","0","14","0","0","0","0","10","21","31","35.7 %","35.7 %","28.6 %","7.1 %","42.9 %","50.0 %","639"
"Brad Miller","Mariners","25","14","16","16","10","7","2","1","0","0","4","0","0","0","0","0","0","0","16","0","0","0","0","10","33","43","43.8 %","25.0 %","31.3 %","6.3 %","50.0 %","43.8 %","12775"
"David Ross","Cubs","38","2","2","2","1","0","1","0","0","0","0","0","0","0","0","0","0","0","2","0","0","0","0","4","6","10","100.0 %","0.0 %","0.0 %","50.0 %","50.0 %","0.0 %","1551"
"Ryan Flaherty","Orioles","28","2","2","2","1","0","1","0","0","0","1","0","0","0","0","0","0","0","2","0","0","0","0","3","5","8","50.0 %","50.0 %","0.0 %","0.0 %","0.0 %","100.0 %","7888"
"Logan Schafer","Brewers","28","2","2","2","1","0","1","0","0","0","0","0","0","0","0","0","0","0","2","0","0","0","0","4","5","9","0.0 %","50.0 %","50.0 %","0.0 %","100.0 %","0.0 %","7937"
"David Buchanan","Phillies","26","2","2","2","1","0","1","0","0","0","0","0","0","0","0","0","0","0","2","0","0","0","0","2","4","6","0.0 %","0.0 %","100.0 %","0.0 %","100.0 %","0.0 %","11176"
"Brandon Crawford","Giants","28","9","13","13","8","5","3","0","0","0","5","0","0","0","0","0","0","0","13","0","0","0","0","17","32","49","46.2 %","23.1 %","30.8 %","0.0 %","69.2 %","30.8 %","5343"
"Marlon Byrd","Reds","37","9","11","11","7","5","2","0","0","0","2","0","0","0","0","0","0","0","11","0","0","0","0","7","17","24","27.3 %","27.3 %","45.5 %","9.1 %","27.3 %","63.6 %","950"
"Chris Coghlan","Cubs","30","11","11","11","7","5","2","0","0","0","0","0","0","0","0","0","0","0","11","0","0","0","0","12","24","36","36.4 %","27.3 %","36.4 %","0.0 %","54.6 %","45.5 %","6878"
"Kyle Seager","Mariners","27","12","18","18","12","10","2","0","0","0","5","0","0","0","0","0","0","0","18","0","0","0","0","29","43","72","22.2 %","50.0 %","27.8 %","11.1 %","38.9 %","50.0 %","9785"
"David DeJesus","Rays","35","6","7","7","5","5","0","0","0","0","0","0","0","0","0","0","0","0","7","0","0","0","0","4","14","18","28.6 %","42.9 %","28.6 %","14.3 %","28.6 %","57.1 %","1825"
"Clint Robinson","Nationals","30","5","7","7","5","5","0","0","0","0","2","0","0","0","0","0","0","0","7","0","0","0","0","10","14","24","42.9 %","57.1 %","0.0 %","57.1 %","28.6 %","14.3 %","6908"
"Jace Peterson","Braves","25","12","13","14","10","10","0","0","0","0","3","1","0","0","0","0","0","0","14","0","0","0","0","17","39","56","28.6 %","35.7 %","35.7 %","14.3 %","50.0 %","35.7 %","12325"
"Michael Brantley","Indians","28","13","20","20","12","7","5","0","0","0","7","0","0","0","0","0","0","0","20","0","0","0","0","19","34","53","30.0 %","35.0 %","35.0 %","15.0 %","20.0 %","65.0 %","4106"
"Anthony Rizzo","Cubs","25","16","21","21","14","12","2","0","0","0","1","0","0","0","0","0","0","0","21","0","0","0","0","38","58","96","38.1 %","42.9 %","19.1 %","14.3 %","61.9 %","23.8 %","3473"
"Hanley Ramirez","Red Sox","31","13","17","18","10","8","0","0","2","2","6","1","0","0","0","0","0","0","18","0","0","0","0","11","28","39","33.3 %","33.3 %","33.3 %","0.0 %","22.2 %","77.8 %","8001"
"Salvador Perez","Royals","25","15","19","19","13","12","1","0","0","0","3","0","0","0","0","0","0","0","19","0","0","0","0","19","35","54","26.3 %","42.1 %","31.6 %","0.0 %","73.7 %","26.3 %","7304"
"Carlos Santana","Indians","29","11","12","12","8","7","1","0","0","0","4","0","0","0","0","0","0","0","12","0","0","0","0","19","35","54","66.7 %","25.0 %","8.3 %","0.0 %","58.3 %","41.7 %","2396"
"Ike Davis","Athletics","28","14","21","21","13","9","4","0","0","0","5","0","0","0","0","0","0","0","21","0","0","0","0","27","46","73","23.8 %","57.1 %","19.1 %","4.8 %","52.4 %","42.9 %","8433"
"Desmond Jennings","Rays","28","9","10","10","7","7","0","0","0","0","0","0","0","0","0","0","0","0","10","0","0","0","0","16","23","39","40.0 %","30.0 %","30.0 %","20.0 %","50.0 %","30.0 %","1965"
"Alex Avila","Tigers","28","7","10","10","7","7","0","0","0","0","5","0","0","0","0","0","0","0","10","0","0","0","0","11","20","31","30.0 %","50.0 %","20.0 %","0.0 %","60.0 %","40.0 %","7476"
"Dustin Pedroia","Red Sox","31","10","17","17","11","9","2","0","0","0","0","0","0","0","0","0","0","0","17","0","0","0","0","27","37","64","58.8 %","17.7 %","23.5 %","5.9 %","58.8 %","35.3 %","8370"
"Matt Adams","Cardinals","26","13","15","15","10","9","1","0","0","0","3","0","0","0","0","0","0","0","15","0","0","0","0","12","33","45","33.3 %","20.0 %","46.7 %","0.0 %","46.7 %","53.3 %","9393"
"Marcell Ozuna","Marlins","24","13","15","15","10","9","1","0","0","0","0","0","0","0","0","0","0","0","15","0","0","0","0","16","29","45","26.7 %","33.3 %","40.0 %","13.3 %","33.3 %","53.3 %","10324"
"Carlos Gomez","Brewers","29","7","7","7","4","2","2","0","0","0","4","0","0","0","0","0","0","0","7","0","0","0","0","1","12","13","42.9 %","42.9 %","14.3 %","28.6 %","14.3 %","57.1 %","4881"
"Elian Herrera","Brewers","30","4","7","7","4","2","2","0","0","0","2","0","0","0","0","0","0","0","7","0","0","0","0","10","24","34","28.6 %","42.9 %","28.6 %","28.6 %","42.9 %","28.6 %","5432"
"Jorge Soler","Cubs","23","16","18","19","11","7","3","1","0","0","2","1","0","0","0","0","0","0","19","0","0","0","0","25","43","68","52.6 %","36.8 %","10.5 %","5.3 %","42.1 %","52.6 %","14221"
"Shane Victorino","Red Sox","34","5","5","5","3","2","1","0","0","0","1","0","0","0","0","0","0","0","5","0","0","0","0","6","13","19","20.0 %","40.0 %","40.0 %","20.0 %","60.0 %","20.0 %","1677"
"Dioner Navarro","Blue Jays","31","5","5","5","3","2","1","0","0","0","2","0","0","0","0","0","0","0","5","0","0","0","0","5","11","16","40.0 %","40.0 %","20.0 %","0.0 %","60.0 %","40.0 %","3179"
"Justin Smoak","Blue Jays","28","5","5","5","3","2","1","0","0","0","2","0","0","0","0","0","0","0","5","0","0","0","0","5","13","18","40.0 %","60.0 %","0.0 %","0.0 %","20.0 %","80.0 %","9054"
"Jason Rogers","Brewers","27","3","5","5","3","2","1","0","0","0","0","0","0","0","0","0","0","0","5","0","0","0","0","10","12","22","60.0 %","40.0 %","0.0 %","0.0 %","40.0 %","60.0 %","11773"
"Yasmany Tomas","Diamondbacks","24","5","5","5","3","2","1","0","0","0","2","0","0","0","0","0","0","0","5","0","0","0","0","2","8","10","0.0 %","40.0 %","60.0 %","0.0 %","80.0 %","20.0 %","17171"
"Brian Dozier","Twins","28","16","27","27","15","9","5","0","1","1","7","0","0","0","0","0","0","0","27","0","0","0","0","36","68","104","81.5 %","14.8 %","3.7 %","11.1 %","51.9 %","37.0 %","9810"
"Kole Calhoun","Angels","27","15","24","24","16","15","1","0","0","0","4","0","0","0","0","0","0","0","24","0","0","0","0","23","43","66","41.7 %","29.2 %","29.2 %","4.2 %","58.3 %","37.5 %","11200"
"Brandon Belt","Giants","27","9","13","13","8","6","2","0","0","0","4","0","0","0","0","0","0","0","13","0","0","0","0","24","24","48","30.8 %","38.5 %","30.8 %","0.0 %","30.8 %","69.2 %","10264"
"Dustin Ackley","Mariners","27","8","8","8","5","4","1","0","0","0","0","0","0","0","0","0","0","0","8","0","0","0","0","12","21","33","37.5 %","37.5 %","25.0 %","0.0 %","50.0 %","50.0 %","10099"
"Billy Hamilton","Reds","24","11","13","13","8","7","0","1","0","0","0","0","0","0","0","0","0","0","13","0","0","0","0","17","34","51","7.7 %","38.5 %","53.9 %","7.7 %","76.9 %","15.4 %","10199"
"Rene Rivera","Rays","31","10","11","11","7","6","1","0","0","0","1","0","0","0","0","0","0","0","11","0","0","0","0","8","24","32","36.4 %","45.5 %","18.2 %","18.2 %","36.4 %","45.5 %","3648"
"Martin Prado","Marlins","31","17","24","25","16","14","2","0","0","0","5","1","0","0","0","0","0","0","25","0","0","0","0","23","57","80","24.0 %","36.0 %","40.0 %","0.0 %","68.0 %","32.0 %","3312"
"Ian Kinsler","Tigers","33","18","25","25","16","14","2","0","0","0","8","0","0","0","0","0","0","0","25","0","0","0","0","21","50","71","32.0 %","36.0 %","32.0 %","20.0 %","56.0 %","24.0 %","6195"
"Russell Martin","Blue Jays","32","9","10","10","5","1","4","0","0","0","4","0","0","0","0","0","0","0","10","0","0","0","0","13","24","37","60.0 %","10.0 %","30.0 %","0.0 %","60.0 %","40.0 %","4616"
"Juan Uribe","Dodgers","36","10","11","12","8","8","0","0","0","0","1","1","0","0","0","0","0","0","12","0","0","0","0","14","29","43","8.3 %","58.3 %","33.3 %","0.0 %","66.7 %","33.3 %","454"
"Brandon Phillips","Reds","34","17","24","24","16","16","0","0","0","0","4","0","0","0","0","0","0","0","24","0","0","0","0","22","51","73","25.0 %","33.3 %","41.7 %","12.5 %","70.8 %","16.7 %","791"
"Hank Conger","Astros","27","2","3","3","2","2","0","0","0","0","0","0","0","0","0","0","0","0","3","0","0","0","0","1","4","5","33.3 %","33.3 %","33.3 %","0.0 %","66.7 %","33.3 %","2505"
"Pete Kozma","Cardinals","27","3","3","3","2","2","0","0","0","0","0","0","0","0","0","0","0","0","3","0","0","0","0","1","7","8","66.7 %","33.3 %","0.0 %","0.0 %","100.0 %","0.0 %","2539"
"Carlos Ruiz","Phillies","36","8","12","12","8","8","0","0","0","0","2","0","0","0","0","0","0","0","12","0","0","0","0","11","28","39","25.0 %","25.0 %","50.0 %","8.3 %","75.0 %","16.7 %","2579"
"Jordan Pacheco","Diamondbacks","29","5","6","6","4","4","0","0","0","0","1","0","0","0","0","0","0","0","6","0","0","0","0","4","14","18","16.7 %","50.0 %","33.3 %","0.0 %","83.3 %","16.7 %","2677"
"Alberto Callaspo","Braves","32","12","15","15","10","10","0","0","0","0","1","0","0","0","0","0","0","0","15","0","0","0","0","23","34","57","33.3 %","33.3 %","33.3 %","20.0 %","60.0 %","20.0 %","3336"
"Allen Craig","Red Sox","30","6","6","6","4","4","0","0","0","0","1","0","0","0","0","0","0","0","6","0","0","0","0","7","14","21","66.7 %","33.3 %","0.0 %","0.0 %","83.3 %","16.7 %","3433"
"Jonathan Herrera","Cubs","30","5","6","6","4","4","0","0","0","0","3","0","0","0","0","0","0","0","6","0","0","0","0","10","19","29","50.0 %","16.7 %","33.3 %","33.3 %","16.7 %","50.0 %","4182"
"Tony Sanchez","Pirates","27","1","3","3","2","2","0","0","0","0","0","0","0","0","0","0","0","0","3","0","0","0","0","4","6","10","33.3 %","33.3 %","33.3 %","33.3 %","33.3 %","33.3 %","6178"
"Martin Maldonado","Brewers","28","6","6","6","4","4","0","0","0","0","1","0","0","0","0","0","0","0","6","0","0","0","0","7","14","21","0.0 %","50.0 %","50.0 %","16.7 %","66.7 %","16.7 %","6887"
"Hector Sanchez","Giants","25","3","3","3","2","2","0","0","0","0","0","0","0","0","0","0","0","0","3","0","0","0","0","2","3","5","66.7 %","33.3 %","0.0 %","0.0 %","100.0 %","0.0 %","10289"
"Scooter Gennett","Brewers","25","5","6","6","4","4","0","0","0","0","0","0","0","0","0","0","0","0","6","0","0","0","0","8","18","26","50.0 %","50.0 %","0.0 %","0.0 %","100.0 %","0.0 %","10339"
"Jason Heyward","Cardinals","25","11","14","14","8","5","3","0","0","0","1","0","0","0","0","0","0","0","14","0","0","0","0","18","28","46","42.9 %","42.9 %","14.3 %","14.3 %","35.7 %","50.0 %","4940"
"Darin Ruf","Phillies","28","6","8","8","4","1","3","0","0","0","1","0","0","0","0","0","0","0","8","0","0","0","0","8","16","24","62.5 %","25.0 %","12.5 %","0.0 %","62.5 %","37.5 %","9929"
"Luis Valbuena","Astros","29","11","15","15","9","7","2","0","0","0","2","0","0","0","0","0","0","0","15","0","0","0","0","19","34","53","46.7 %","33.3 %","20.0 %","13.3 %","46.7 %","40.0 %","4969"
"Michael Bourn","Indians","32","10","15","15","9","7","2","0","0","0","3","0","0","0","0","0","0","0","15","0","0","0","0","18","40","58","73.3 %","20.0 %","6.7 %","13.3 %","53.3 %","33.3 %","6387"
"Nick Castellanos","Tigers","23","11","14","15","9","7","2","0","0","0","2","1","0","0","0","0","0","0","15","0","0","0","0","11","31","42","60.0 %","26.7 %","13.3 %","0.0 %","60.0 %","40.0 %","11737"
"Johnny Giavotella","Angels","27","12","16","16","10","9","1","0","0","0","2","0","0","0","0","0","0","0","16","0","0","0","0","16","35","51","31.3 %","50.0 %","18.8 %","6.3 %","56.3 %","37.5 %","6740"
"Logan Morrison","Mariners","27","10","13","13","8","7","1","0","0","0","0","0","0","0","0","0","0","0","13","0","0","0","0","14","29","43","53.9 %","23.1 %","23.1 %","7.7 %","53.9 %","38.5 %","9205"
"Ben Revere","Phillies","27","20","27","27","15","11","2","2","0","0","5","0","0","0","0","0","0","0","27","0","0","0","0","34","74","108","51.9 %","33.3 %","14.8 %","7.4 %","59.3 %","33.3 %","4712"
"J.D. Martinez","Tigers","27","14","19","19","11","8","3","0","0","0","2","0","0","0","0","0","0","0","19","0","0","0","0","23","36","59","52.6 %","36.8 %","10.5 %","5.3 %","47.4 %","47.4 %","6184"
"David Freese","Angels","32","12","16","16","9","6","3","0","0","0","6","0","0","0","0","0","0","0","16","0","0","0","0","19","42","61","25.0 %","43.8 %","31.3 %","6.3 %","37.5 %","56.3 %","9549"
"Elvis Andrus","Rangers","26","16","18","19","10","5","5","0","0","0","1","1","0","0","0","0","0","0","19","0","0","0","0","27","47","74","42.1 %","31.6 %","26.3 %","0.0 %","73.7 %","26.3 %","8709"
"David Ortiz","Red Sox","39","11","17","17","10","8","2","0","0","0","3","0","0","0","0","0","0","0","17","0","0","0","0","18","41","59","17.7 %","47.1 %","35.3 %","5.9 %","29.4 %","64.7 %","745"
"Robinson Cano","Mariners","32","19","24","24","14","11","3","0","0","0","3","0","0","0","0","0","0","0","24","0","0","0","0","27","63","90","25.0 %","50.0 %","25.0 %","0.0 %","45.8 %","54.2 %","3269"
"Chris Carter","Astros","28","8","10","10","5","4","0","0","1","1","3","0","0","0","0","0","0","0","10","0","0","0","0","8","25","33","40.0 %","50.0 %","10.0 %","10.0 %","20.0 %","70.0 %","9911"
"Cameron Maybin","Braves","28","9","11","11","7","7","0","0","0","0","5","0","0","0","0","0","0","0","11","0","0","0","0","19","31","50","27.3 %","36.4 %","36.4 %","9.1 %","45.5 %","45.5 %","5223"
"Nick Markakis","Braves","31","13","18","18","11","10","1","0","0","0","2","0","0","0","0","0","0","0","18","0","0","0","0","19","44","63","27.8 %","27.8 %","44.4 %","5.6 %","44.4 %","50.0 %","5930"
"Shin-Soo Choo","Rangers","32","6","7","7","4","3","1","0","0","0","1","0","0","0","0","0","0","0","7","0","0","0","0","6","15","21","57.1 %","14.3 %","28.6 %","0.0 %","14.3 %","85.7 %","3174"
"Stephen Drew","Yankees","32","6","7","7","4","3","1","0","0","0","1","0","0","0","0","0","0","0","7","0","0","0","0","12","17","29","57.1 %","28.6 %","14.3 %","14.3 %","57.1 %","28.6 %","4251"
"Andrew McCutchen","Pirates","28","6","7","7","4","3","1","0","0","0","1","0","0","0","0","0","0","0","7","0","0","0","0","14","22","36","14.3 %","28.6 %","57.1 %","0.0 %","57.1 %","42.9 %","9847"
"Cory Spangenberg","Padres","24","6","7","7","4","3","1","0","0","0","1","0","0","0","0","0","0","0","7","0","0","0","0","4","13","17","42.9 %","14.3 %","42.9 %","14.3 %","57.1 %","28.6 %","12294"
"Addison Russell","Cubs","21","6","7","7","4","3","1","0","0","0","1","0","0","0","0","0","0","0","7","0","0","0","0","10","17","27","42.9 %","42.9 %","14.3 %","14.3 %","57.1 %","28.6 %","14106"
"Pedro Alvarez","Pirates","28","9","10","10","5","2","3","0","0","0","1","0","0","0","0","0","0","0","10","0","0","0","0","11","24","35","30.0 %","40.0 %","30.0 %","0.0 %","20.0 %","80.0 %","2495"
"Wilmer Flores","Mets","23","12","15","15","9","8","1","0","0","0","1","0","0","0","0","0","0","0","15","0","0","0","0","16","36","52","40.0 %","33.3 %","26.7 %","20.0 %","53.3 %","26.7 %","5827"
"Justin Maxwell","Giants","31","12","17","17","9","6","2","1","0","0","4","0","0","0","0","0","0","0","17","0","0","0","0","22","34","56","41.2 %","35.3 %","23.5 %","11.8 %","35.3 %","52.9 %","6827"
"Jose Iglesias","Tigers","25","15","17","17","9","6","2","1","0","0","0","0","0","0","0","0","0","0","17","0","0","0","0","17","40","57","29.4 %","47.1 %","23.5 %","11.8 %","70.6 %","17.7 %","10231"
"Josh Phegley","Athletics","27","5","8","8","5","5","0","0","0","0","1","0","0","0","0","0","0","0","8","0","0","0","0","3","18","21","25.0 %","37.5 %","37.5 %","12.5 %","37.5 %","50.0 %","9308"
"Cody Asche","Phillies","25","10","19","19","11","9","2","0","0","0","1","0","0","0","0","0","0","0","19","0","0","0","0","15","42","57","52.6 %","36.8 %","10.5 %","10.5 %","52.6 %","36.8 %","11997"
"Casey McGehee","Giants","32","7","11","11","6","4","2","0","0","0","1","0","0","1","0","0","0","0","11","0","0","0","0","15","26","41","18.2 %","36.4 %","45.5 %","0.0 %","54.6 %","45.5 %","6086"
"Lonnie Chisenhall","Indians","26","8","15","15","8","5","3","0","0","0","2","0","0","0","0","0","0","0","15","0","0","0","0","9","37","46","46.7 %","20.0 %","33.3 %","20.0 %","53.3 %","26.7 %","7571"
"Yasiel Puig","Dodgers","24","7","12","12","7","6","1","0","0","0","1","0","0","0","0","0","0","0","12","0","0","0","0","19","32","51","16.7 %","58.3 %","25.0 %","25.0 %","41.7 %","33.3 %","14225"
"A.J. Pierzynski","Braves","38","11","12","13","8","8","0","0","0","0","4","1","0","0","0","0","0","0","13","0","0","0","0","10","26","36","46.2 %","23.1 %","30.8 %","0.0 %","46.2 %","53.9 %","746"
"Curtis Granderson","Mets","34","14","20","20","11","8","3","0","0","0","1","0","0","0","0","0","0","0","20","0","0","0","0","26","47","73","55.0 %","25.0 %","20.0 %","5.0 %","55.0 %","40.0 %","4747"
"Jeff Baker","Marlins","34","3","4","4","2","1","1","0","0","0","1","0","0","0","0","0","0","0","4","0","0","0","0","3","7","10","25.0 %","50.0 %","25.0 %","0.0 %","75.0 %","25.0 %","2073"
"Junior Lake","Cubs","25","3","4","4","2","1","1","0","0","0","1","0","0","0","0","0","0","0","4","0","0","0","0","7","11","18","25.0 %","25.0 %","50.0 %","0.0 %","50.0 %","50.0 %","4672"
"Starling Marte","Pirates","26","8","12","12","6","3","3","0","0","0","2","0","0","0","0","0","0","0","12","0","0","0","0","11","28","39","41.7 %","33.3 %","25.0 %","0.0 %","41.7 %","58.3 %","9241"
"Yan Gomes","Indians","27","3","4","4","2","1","1","0","0","0","0","0","0","0","0","0","0","0","4","0","0","0","0","4","10","14","50.0 %","25.0 %","25.0 %","0.0 %","50.0 %","50.0 %","9627"
"JR Murphy","Yankees","24","4","4","4","2","1","1","0","0","0","0","0","0","0","0","0","0","0","4","0","0","0","0","4","12","16","50.0 %","50.0 %","0.0 %","0.0 %","50.0 %","50.0 %","10346"
"Andrelton Simmons","Braves","25","17","24","24","12","7","4","1","0","0","6","0","0","0","0","0","0","0","24","0","0","0","0","11","39","50","41.7 %","12.5 %","45.8 %","4.2 %","50.0 %","45.8 %","10847"
"Everth Cabrera","Orioles","28","8","13","13","7","5","2","0","0","0","2","0","0","0","0","0","0","0","13","0","0","0","0","18","33","51","15.4 %","15.4 %","69.2 %","7.7 %","53.9 %","38.5 %","8155"
"Alexi Amarista","Padres","26","9","12","12","6","4","1","1","0","0","1","0","0","0","0","0","0","0","12","0","0","0","0","13","36","49","16.7 %","25.0 %","58.3 %","8.3 %","58.3 %","33.3 %","9063"
"Adam Eaton","White Sox","26","10","12","12","6","4","1","1","0","0","0","0","0","0","0","0","0","0","12","0","0","0","0","9","32","41","16.7 %","33.3 %","50.0 %","0.0 %","58.3 %","41.7 %","11205"
"Danny Santana","Twins","24","12","18","18","10","8","2","0","0","0","2","0","0","0","0","0","0","0","18","0","0","0","0","14","42","56","33.3 %","16.7 %","50.0 %","0.0 %","55.6 %","44.4 %","10322"
"Jose Ramirez","Indians","22","8","9","9","5","4","1","0","0","0","0","0","0","0","0","0","0","0","9","0","0","0","0","15","19","34","44.4 %","55.6 %","0.0 %","0.0 %","44.4 %","55.6 %","13510"
"Brock Holt","Red Sox","27","11","17","17","9","7","1","1","0","0","0","0","0","0","0","0","0","0","17","0","0","0","0","22","48","70","11.8 %","35.3 %","52.9 %","11.8 %","52.9 %","35.3 %","9345"
"Welington Castillo","Cubs","28","4","5","5","3","3","0","0","0","0","1","0","0","0","0","0","0","0","5","0","0","0","0","5","10","15","20.0 %","80.0 %","0.0 %","0.0 %","60.0 %","40.0 %","3256"
"Carlos Corporan","Rangers","31","3","4","5","3","3","0","0","0","0","2","1","0","0","0","0","0","0","5","0","0","0","0","6","11","17","20.0 %","60.0 %","20.0 %","0.0 %","60.0 %","40.0 %","5587"
"Jose Bautista","Blue Jays","34","8","9","9","4","1","3","0","0","0","3","0","0","0","0","0","0","0","9","0","0","0","0","9","19","28","44.4 %","22.2 %","33.3 %","11.1 %","22.2 %","66.7 %","1887"
"Mike Aviles","Indians","34","7","9","9","4","1","3","0","0","0","0","0","0","0","0","0","0","0","9","0","0","0","0","15","28","43","33.3 %","44.4 %","22.2 %","0.0 %","77.8 %","22.2 %","5986"
"Jon Jay","Cardinals","30","14","17","17","9","7","2","0","0","0","1","0","0","0","0","0","0","0","17","0","0","0","0","16","35","51","17.7 %","35.3 %","47.1 %","5.9 %","58.8 %","35.3 %","5227"
"Mark Teixeira","Yankees","35","10","9","10","4","0","4","0","0","0","3","1","0","0","0","0","0","0","10","0","0","0","0","8","14","22","70.0 %","20.0 %","10.0 %","0.0 %","20.0 %","80.0 %","1281"
"Albert Pujols","Angels","35","10","12","12","6","4","2","0","0","0","2","0","0","0","0","0","0","0","12","0","0","0","0","18","36","54","41.7 %","41.7 %","16.7 %","8.3 %","33.3 %","58.3 %","1177"
"Manny Machado","Orioles","22","10","12","13","7","6","1","0","0","0","1","1","0","0","0","0","0","0","13","0","0","0","0","19","30","49","15.4 %","53.9 %","30.8 %","0.0 %","53.9 %","46.2 %","11493"
"Aramis Ramirez","Brewers","37","10","14","14","7","5","2","0","0","0","3","0","0","0","0","0","0","0","14","0","0","0","0","9","29","38","57.1 %","21.4 %","21.4 %","28.6 %","42.9 %","28.6 %","1002"
"David Wright","Mets","32","6","9","9","5","5","0","0","0","0","2","0","0","0","0","0","0","0","9","0","0","0","0","11","18","29","33.3 %","44.4 %","22.2 %","22.2 %","33.3 %","44.4 %","3787"
"Jeff Francoeur","Phillies","31","5","8","8","4","3","1","0","0","0","1","0","0","0","0","0","0","0","8","0","0","0","0","7","25","32","75.0 %","25.0 %","0.0 %","12.5 %","62.5 %","25.0 %","4792"
"Sam Fuld","Athletics","33","14","19","19","8","4","2","2","0","0","2","0","0","0","0","0","0","0","19","0","0","0","0","24","40","64","42.1 %","36.8 %","21.1 %","5.3 %","52.6 %","42.1 %","8254"
"Ryan Howard","Phillies","35","13","15","15","7","5","1","1","0","0","2","0","0","0","0","0","0","0","15","0","0","0","0","15","34","49","53.3 %","33.3 %","13.3 %","0.0 %","80.0 %","20.0 %","2154"
"Ichiro Suzuki","Marlins","41","8","11","11","6","6","0","0","0","0","2","0","0","0","0","0","0","0","11","0","0","0","0","14","21","35","27.3 %","9.1 %","63.6 %","9.1 %","72.7 %","18.2 %","1101"
"Mark Canha","Athletics","26","9","11","11","6","6","0","0","0","0","1","0","0","0","0","0","0","0","11","0","0","0","0","8","29","37","36.4 %","27.3 %","36.4 %","0.0 %","45.5 %","54.6 %","11445"
"Didi Gregorius","Yankees","25","10","9","10","5","4","1","0","0","0","4","1","0","0","0","0","0","0","10","0","0","0","0","10","25","35","20.0 %","50.0 %","30.0 %","10.0 %","80.0 %","10.0 %","6012"
"Jayson Werth","Nationals","36","12","14","14","7","6","1","0","0","0","3","0","0","0","0","0","0","0","14","0","0","0","0","20","30","50","28.6 %","50.0 %","21.4 %","7.1 %","57.1 %","35.7 %","1327"
"Howie Kendrick","Dodgers","31","19","24","24","11","7","4","0","0","0","6","0","0","0","0","0","0","0","24","0","0","0","0","24","51","75","12.5 %","45.8 %","41.7 %","4.2 %","58.3 %","37.5 %","4229"
"Jordy Mercer","Pirates","28","13","18","18","9","8","1","0","0","0","2","0","0","0","0","0","0","0","18","0","0","0","0","16","40","56","44.4 %","33.3 %","22.2 %","5.6 %","72.2 %","22.2 %","6547"
"Josh Harrison","Pirates","27","10","16","16","7","4","3","0","0","0","1","0","0","0","0","0","0","0","16","0","0","0","0","10","38","48","50.0 %","18.8 %","31.3 %","6.3 %","43.8 %","50.0 %","8202"
"Paulo Orlando","Royals","29","8","11","11","4","2","0","2","0","0","4","0","0","0","0","0","0","0","11","0","0","0","0","12","25","37","27.3 %","45.5 %","27.3 %","9.1 %","54.6 %","36.4 %","8628"
"Jason Marquis","Reds","36","1","2","2","1","1","0","0","0","0","0","0","0","0","0","0","0","0","2","0","0","0","0","1","4","5","0.0 %","50.0 %","50.0 %","50.0 %","0.0 %","50.0 %","105"
"Will Venable","Padres","32","2","2","2","1","1","0","0","0","0","1","0","0","0","0","0","0","0","2","0","0","0","0","2","6","8","50.0 %","50.0 %","0.0 %","50.0 %","0.0 %","50.0 %","211"
"Bartolo Colon","Mets","42","2","2","2","1","1","0","0","0","0","1","0","0","0","0","0","0","0","2","0","0","0","0","0","3","3","0.0 %","50.0 %","50.0 %","50.0 %","50.0 %","0.0 %","375"
"Victor Martinez","Tigers","36","11","14","14","7","7","0","0","0","0","5","0","0","0","0","0","0","0","14","0","0","0","0","17","29","46","42.9 %","35.7 %","21.4 %","21.4 %","64.3 %","14.3 %","393"
"Willie Bloomquist","Mariners","37","2","2","2","1","1","0","0","0","0","0","0","0","0","0","0","0","0","2","0","0","0","0","1","3","4","0.0 %","100.0 %","0.0 %","0.0 %","50.0 %","50.0 %","1066"
"Francisco Liriano","Pirates","31","2","2","2","1","1","0","0","0","0","0","0","0","0","0","0","0","0","2","0","0","0","0","1","4","5","50.0 %","50.0 %","0.0 %","50.0 %","0.0 %","50.0 %","3201"
"Drew Butera","Angels","31","6","6","6","3","3","0","0","0","0","0","0","0","0","0","0","0","0","6","0","0","0","0","9","15","24","16.7 %","83.3 %","0.0 %","0.0 %","83.3 %","16.7 %","3411"
"Geovany Soto","White Sox","32","4","4","4","2","2","0","0","0","0","0","0","0","0","0","0","0","0","4","0","0","0","0","4","8","12","0.0 %","50.0 %","50.0 %","0.0 %","50.0 %","50.0 %","3707"
"Robbie Grossman","Astros","25","2","2","2","1","1","0","0","0","0","0","0","0","0","0","0","0","0","2","0","0","0","0","3","2","5","0.0 %","0.0 %","100.0 %","0.0 %","100.0 %","0.0 %","5254"
"Sandy Leon","Red Sox","26","2","2","2","1","1","0","0","0","0","0","0","0","0","0","0","0","0","2","0","0","0","0","4","6","10","0.0 %","100.0 %","0.0 %","0.0 %","100.0 %","0.0 %","5273"
"Tuffy Gosewisch","Diamondbacks","31","12","14","14","7","7","0","0","0","0","2","0","0","0","0","0","0","0","14","0","0","0","0","12","27","39","28.6 %","35.7 %","35.7 %","0.0 %","50.0 %","50.0 %","5277"
"Jake Smolinski","Rangers","26","7","8","8","4","4","0","0","0","0","1","0","0","0","0","0","0","0","8","0","0","0","0","6","17","23","50.0 %","25.0 %","25.0 %","0.0 %","37.5 %","62.5 %","5408"
"Daniel Nava","Red Sox","32","4","4","4","2","2","0","0","0","0","1","0","0","0","0","0","0","0","4","0","0","0","0","2","7","9","50.0 %","25.0 %","25.0 %","0.0 %","75.0 %","25.0 %","5450"
"Kirk Nieuwenhuis","Mets","27","2","2","2","1","1","0","0","0","0","0","0","0","0","0","0","0","0","2","0","0","0","0","4","6","10","50.0 %","50.0 %","0.0 %","0.0 %","50.0 %","50.0 %","6400"
"Bobby Wilson","Rays","32","6","6","6","3","3","0","0","0","0","1","0","0","0","0","0","0","0","6","0","0","0","0","5","11","16","50.0 %","33.3 %","16.7 %","16.7 %","33.3 %","50.0 %","6564"
"Tyson Ross","Padres","28","2","2","2","1","1","0","0","0","0","0","0","0","0","0","0","0","0","2","0","0","0","0","2","5","7","0.0 %","100.0 %","0.0 %","0.0 %","50.0 %","50.0 %","7872"
"Reid Brignac","Marlins","29","1","2","2","1","1","0","0","0","0","0","0","0","0","0","0","0","0","2","0","0","0","0","2","3","5","0.0 %","0.0 %","100.0 %","0.0 %","50.0 %","50.0 %","8380"
"Adam Rosales","Rangers","32","2","2","2","1","1","0","0","0","0","1","0","0","0","0","0","0","0","2","0","0","0","0","1","3","4","100.0 %","0.0 %","0.0 %","0.0 %","50.0 %","50.0 %","9682"
"Josh Thole","Blue Jays","28","2","2","2","1","1","0","0","0","0","1","0","0","0","0","0","0","0","2","0","0","0","0","0","7","7","50.0 %","50.0 %","0.0 %","0.0 %","100.0 %","0.0 %","9689"
"Travis Wood","Cubs","28","2","2","2","1","1","0","0","0","0","1","0","0","0","0","0","0","0","2","0","0","0","0","0","3","3","50.0 %","50.0 %","0.0 %","0.0 %","50.0 %","50.0 %","9884"
"Steve Pearce","Orioles","32","10","12","12","6","6","0","0","0","0","1","0","0","0","0","0","0","0","12","0","0","0","0","6","22","28","66.7 %","16.7 %","16.7 %","8.3 %","25.0 %","66.7 %","9957"
"Cesar Hernandez","Phillies","25","6","6","6","3","3","0","0","0","0","2","0","0","0","0","0","0","0","6","0","0","0","0","4","10","14","16.7 %","16.7 %","66.7 %","16.7 %","66.7 %","16.7 %","10556"
"Arismendy Alcantara","Cubs","23","2","2","2","1","1","0","0","0","0","0","0","0","0","0","0","0","0","2","0","0","0","0","2","3","5","0.0 %","50.0 %","50.0 %","0.0 %","100.0 %","0.0 %","10711"
"Cameron Rupp","Phillies","26","2","4","4","2","2","0","0","0","0","0","0","0","0","0","0","0","0","4","0","0","0","0","4","9","13","25.0 %","0.0 %","75.0 %","0.0 %","100.0 %","0.0 %","11146"
"Matt Harvey","Mets","26","1","2","2","1","1","0","0","0","0","0","0","0","0","0","0","0","0","2","0","0","0","0","2","3","5","50.0 %","50.0 %","0.0 %","0.0 %","50.0 %","50.0 %","11713"
"Daniel Muno","Mets","26","2","2","2","1","1","0","0","0","0","0","0","0","0","0","0","0","0","2","0","0","0","0","4","4","8","0.0 %","50.0 %","50.0 %","0.0 %","0.0 %","100.0 %","12214"
"Mike Zunino","Mariners","24","9","10","10","5","5","0","0","0","0","1","0","0","0","0","0","0","0","10","0","0","0","0","9","22","31","60.0 %","30.0 %","10.0 %","0.0 %","60.0 %","40.0 %","13265"
"Michael Wacha","Cardinals","24","2","2","2","1","1","0","0","0","0","1","0","0","0","0","0","0","0","2","0","0","0","0","1","4","5","0.0 %","50.0 %","50.0 %","0.0 %","100.0 %","0.0 %","14078"
"Justin Morneau","Rockies","34","11","15","15","7","6","1","0","0","0","3","0","0","0","0","0","0","0","15","0","0","0","0","12","29","41","13.3 %","40.0 %","46.7 %","13.3 %","40.0 %","46.7 %","1737"
"Kelly Johnson","Braves","33","12","13","13","6","5","1","0","0","0","4","0","0","0","0","0","0","0","13","0","0","0","0","17","29","46","7.7 %","92.3 %","0.0 %","0.0 %","30.8 %","69.2 %","2234"
"Eric Campbell","Mets","28","7","9","9","4","3","1","0","0","0","1","0","0","0","0","0","0","0","9","0","0","0","0","12","20","32","44.4 %","11.1 %","44.4 %","0.0 %","55.6 %","44.4 %","6938"
"David Peralta","Diamondbacks","27","7","6","7","3","2","1","0","0","0","1","1","0","0","0","0","0","0","7","0","0","0","0","14","16","30","42.9 %","28.6 %","28.6 %","0.0 %","42.9 %","57.1 %","2136"
"David Murphy","Indians","33","6","7","7","3","2","1","0","0","0","0","0","0","0","0","0","0","0","7","0","0","0","0","9","21","30","14.3 %","42.9 %","42.9 %","0.0 %","42.9 %","57.1 %","6035"
"Will Middlebrooks","Padres","26","16","19","19","8","6","1","1","0","0","4","0","0","0","0","0","0","0","19","0","0","0","0","18","48","66","42.1 %","36.8 %","21.1 %","15.8 %","26.3 %","57.9 %","7002"
"Corey Hart","Pirates","33","4","5","5","2","1","1","0","0","0","1","0","0","0","0","0","0","0","5","0","0","0","0","7","10","17","80.0 %","0.0 %","20.0 %","20.0 %","20.0 %","60.0 %","1945"
"Roberto Perez","Indians","26","5","4","5","2","1","1","0","0","0","2","1","0","1","0","0","0","0","5","0","0","0","0","8","12","20","40.0 %","40.0 %","20.0 %","0.0 %","40.0 %","60.0 %","2900"
"Christian Bethancourt","Braves","23","5","5","5","2","1","1","0","0","0","1","0","0","0","0","0","0","0","5","0","0","0","0","4","7","11","40.0 %","40.0 %","20.0 %","0.0 %","40.0 %","60.0 %","10028"
"Jarrod Saltalamacchia","Marlins","30","3","3","3","1","0","1","0","0","0","0","0","0","0","0","0","0","0","3","0","0","0","0","2","5","7","33.3 %","33.3 %","33.3 %","66.7 %","0.0 %","33.3 %","5557"
"J.T. Realmuto","Marlins","24","10","12","13","5","3","2","0","0","0","2","1","0","0","0","0","0","0","13","0","0","0","0","16","31","47","23.1 %","23.1 %","53.9 %","0.0 %","53.9 %","46.2 %","11739"
"Rajai Davis","Tigers","34","11","13","13","5","4","0","1","0","0","1","0","0","0","0","0","0","0","13","0","0","0","0","11","24","35","0.0 %","38.5 %","61.5 %","7.7 %","53.9 %","38.5 %","3708"
"Micah Johnson","White Sox","24","7","9","9","4","4","0","0","0","0","0","0","0","0","0","0","0","0","9","0","0","0","0","12","27","39","11.1 %","22.2 %","66.7 %","11.1 %","77.8 %","11.1 %","13809"
"Nick Ahmed","Diamondbacks","25","8","10","10","4","3","1","0","0","0","0","0","0","0","0","0","0","0","10","0","0","0","0","7","25","32","40.0 %","40.0 %","20.0 %","10.0 %","50.0 %","40.0 %","12147"
"Buster Posey","Giants","28","12","15","16","7","7","0","0","0","0","3","1","0","0","0","0","0","0","16","0","0","0","0","17","36","53","12.5 %","56.3 %","31.3 %","25.0 %","43.8 %","31.3 %","9166"
"Jonny Gomes","Braves","34","7","8","8","3","2","1","0","0","0","0","0","0","0","0","0","0","0","8","0","0","0","0","10","18","28","75.0 %","12.5 %","12.5 %","12.5 %","37.5 %","50.0 %","1845"
"Francisco Cervelli","Pirates","29","6","7","7","3","3","0","0","0","0","0","0","0","0","0","0","0","0","7","0","0","0","0","3","11","14","28.6 %","42.9 %","28.6 %","0.0 %","0.0 %","100.0 %","5275"
"Tim Beckham","Rays","25","5","7","7","3","3","0","0","0","0","0","0","0","0","0","0","0","0","7","0","0","0","0","9","18","27","57.1 %","28.6 %","14.3 %","0.0 %","71.4 %","28.6 %","7949"
"Kurt Suzuki","Twins","31","7","7","7","3","3","0","0","0","0","0","0","0","0","0","0","0","0","7","0","0","0","0","7","17","24","0.0 %","42.9 %","57.1 %","14.3 %","57.1 %","28.6 %","8259"
"Matt Joyce","Angels","30","10","11","11","4","3","1","0","0","0","0","0","0","0","0","0","0","0","11","0","0","0","0","16","28","44","27.3 %","27.3 %","45.5 %","27.3 %","63.6 %","9.1 %","3353"
"Mike Napoli","Red Sox","33","4","5","5","2","2","0","0","0","0","0","0","0","0","0","0","0","0","5","0","0","0","0","7","18","25","40.0 %","20.0 %","40.0 %","0.0 %","40.0 %","60.0 %","3057"
"Ruben Tejada","Mets","25","5","5","5","2","2","0","0","0","0","0","0","0","0","0","0","0","0","5","0","0","0","0","4","10","14","0.0 %","60.0 %","40.0 %","20.0 %","60.0 %","20.0 %","5519"
"Craig Gentry","Athletics","31","4","5","5","2","2","0","0","0","0","1","0","0","0","0","0","0","0","5","0","0","0","0","4","10","14","20.0 %","60.0 %","20.0 %","0.0 %","40.0 %","60.0 %","9571"
"Andrew Lambo","Pirates","26","4","4","4","1","0","1","0","0","0","0","0","0","0","0","0","0","0","4","0","0","0","0","5","7","12","75.0 %","0.0 %","25.0 %","0.0 %","50.0 %","50.0 %","5386"
"Jason Castro","Astros","28","12","16","16","5","4","1","0","0","0","0","0","0","0","0","0","0","0","16","0","0","0","0","20","37","57","37.5 %","37.5 %","25.0 %","12.5 %","31.3 %","56.3 %","8722"
"Chase Utley","Phillies","36","10","11","12","4","4","0","0","0","0","3","1","0","0","0","0","0","0","12","0","0","0","0","15","27","42","41.7 %","50.0 %","8.3 %","0.0 %","83.3 %","16.7 %","1679"
"Emilio Bonifacio","White Sox","30","3","3","3","1","1","0","0","0","0","0","0","0","0","0","0","0","0","3","0","0","0","0","3","6","9","33.3 %","33.3 %","33.3 %","0.0 %","100.0 %","0.0 %","4054"
"Jose Lobaton","Nationals","30","2","3","3","1","1","0","0","0","0","0","0","0","0","0","0","0","0","3","0","0","0","0","0","4","4","66.7 %","33.3 %","0.0 %","0.0 %","33.3 %","66.7 %","4243"
"Jordan Zimmermann","Nationals","29","2","3","3","1","1","0","0","0","0","3","0","0","0","0","0","0","0","3","0","0","0","0","6","8","14","66.7 %","33.3 %","0.0 %","0.0 %","66.7 %","33.3 %","4505"
"Andrew Cashner","Padres","28","3","3","3","1","1","0","0","0","0","0","0","0","0","0","0","0","0","3","0","0","0","0","6","6","12","33.3 %","33.3 %","33.3 %","33.3 %","33.3 %","33.3 %","8782"
"Allan Dykstra","Rays","28","3","3","3","1","1","0","0","0","0","1","0","0","0","0","0","0","0","3","0","0","0","0","6","6","12","66.7 %","33.3 %","0.0 %","0.0 %","0.0 %","100.0 %","9113"
"Kristopher Negron","Reds","29","4","4","4","1","1","0","0","0","0","0","0","0","0","0","0","0","0","4","0","0","0","0","5","11","16","75.0 %","0.0 %","25.0 %","0.0 %","75.0 %","25.0 %","5306"
"Jonathan Lucroy","Brewers","29","4","4","4","1","1","0","0","0","0","0","0","0","0","0","0","0","0","4","0","0","0","0","3","9","12","25.0 %","25.0 %","50.0 %","0.0 %","25.0 %","75.0 %","7870"
"Efren Navarro","Angels","29","3","4","4","1","1","0","0","0","0","0","0","0","0","0","0","0","0","4","0","0","0","0","6","10","16","0.0 %","100.0 %","0.0 %","0.0 %","25.0 %","75.0 %","9854"
"Christian Yelich","Marlins","23","4","4","4","1","1","0","0","0","0","2","0","0","0","0","0","0","0","4","0","0","0","0","5","14","19","0.0 %","50.0 %","50.0 %","0.0 %","50.0 %","50.0 %","11477"
"John Mayberry","Mets","31","4","5","5","1","1","0","0","0","0","0","0","0","0","0","0","0","0","5","0","0","0","0","4","11","15","100.0 %","0.0 %","0.0 %","0.0 %","80.0 %","20.0 %","3390"
"Skip Schumaker","Reds","35","4","5","5","1","1","0","0","0","0","0","0","0","0","0","0","0","0","5","0","0","0","0","3","10","13","0.0 %","0.0 %","100.0 %","20.0 %","40.0 %","40.0 %","3704"
"Cody Ross","Athletics","34","4","6","6","1","1","0","0","0","0","0","0","0","0","0","0","0","0","6","0","0","0","0","4","13","17","66.7 %","33.3 %","0.0 %","0.0 %","33.3 %","66.7 %","1760"
"Tim Hudson","Giants","39","2","2","2","0","0","0","0","0","0","0","0","0","0","0","0","0","0","2","0","0","0","0","0","3","3","0.0 %","100.0 %","0.0 %","0.0 %","100.0 %","0.0 %","921"
"Jerome Williams","Phillies","33","1","1","1","0","0","0","0","0","0","0","0","0","0","0","0","0","0","1","0","0","0","0","1","1","2","0.0 %","0.0 %","100.0 %","0.0 %","100.0 %","0.0 %","1137"
"John Lackey","Cardinals","36","1","1","1","0","0","0","0","0","0","0","0","0","0","0","0","0","0","1","0","0","0","0","2","2","4","100.0 %","0.0 %","0.0 %","0.0 %","0.0 %","100.0 %","1507"
"Dan Haren","Marlins","34","1","1","1","0","0","0","0","0","0","0","0","0","0","0","0","0","0","1","0","0","0","0","1","3","4","0.0 %","0.0 %","100.0 %","100.0 %","0.0 %","0.0 %","1757"
"Jorge de la Rosa","Rockies","34","1","1","1","0","0","0","0","0","0","0","0","0","0","0","0","0","0","1","0","0","0","0","0","2","2","100.0 %","0.0 %","0.0 %","100.0 %","0.0 %","0.0 %","2047"
"Anthony Recker","Mets","31","2","2","2","0","0","0","0","0","0","0","0","0","0","0","0","0","0","2","0","0","0","0","2","4","6","50.0 %","50.0 %","0.0 %","0.0 %","0.0 %","100.0 %","4063"
"Jonathan Diaz","Blue Jays","30","1","1","1","0","0","0","0","0","0","0","0","0","0","0","0","0","0","1","0","0","0","0","0","1","1","0.0 %","0.0 %","100.0 %","0.0 %","100.0 %","0.0 %","4142"
"Brett Hayes","Indians","31","2","2","2","0","0","0","0","0","0","0","0","0","0","0","0","0","0","2","0","0","0","0","0","4","4","50.0 %","0.0 %","50.0 %","50.0 %","0.0 %","50.0 %","4293"
"Devin Mesoraco","Reds","27","1","1","1","0","0","0","0","0","0","0","0","0","0","0","0","0","0","1","0","0","0","0","0","2","2","100.0 %","0.0 %","0.0 %","0.0 %","0.0 %","100.0 %","5666"
"Hernan Perez","Tigers","24","3","3","3","0","0","0","0","0","0","0","0","0","0","0","0","0","0","3","0","0","0","0","3","7","10","33.3 %","0.0 %","66.7 %","0.0 %","33.3 %","66.7 %","5751"
"Chad Billingsley","Phillies","30","1","1","1","0","0","0","0","0","0","0","0","0","0","0","0","0","0","1","0","0","0","0","3","2","5","0.0 %","0.0 %","100.0 %","0.0 %","0.0 %","100.0 %","5842"
"Jesus Sucre","Mariners","27","1","1","1","0","0","0","0","0","0","0","0","0","0","0","0","0","0","1","0","0","0","0","1","2","3","100.0 %","0.0 %","0.0 %","0.0 %","100.0 %","0.0 %","5942"
"Trevor Cahill","Braves","27","1","1","1","0","0","0","0","0","0","0","0","0","0","0","0","0","0","1","0","0","0","0","0","1","1","0.0 %","100.0 %","0.0 %","0.0 %","0.0 %","100.0 %","6249"
"David Phelps","Marlins","28","2","2","2","0","0","0","0","0","0","0","0","0","0","0","0","0","0","2","0","0","0","0","3","3","6","0.0 %","0.0 %","100.0 %","50.0 %","50.0 %","0.0 %","6316"
"Juan Centeno","Brewers","25","1","1","1","0","0","0","0","0","0","0","0","0","0","0","0","0","0","1","0","0","0","0","3","3","6","0.0 %","0.0 %","100.0 %","100.0 %","0.0 %","0.0 %","7168"
"Jake Elmore","Rays","28","1","1","1","0","0","0","0","0","0","0","0","0","0","0","0","0","0","1","0","0","0","0","0","2","2","0.0 %","100.0 %","0.0 %","0.0 %","100.0 %","0.0 %","7290"
"Jordan Lyles","Rockies","24","1","1","1","0","0","0","0","0","0","0","0","0","0","0","0","0","0","1","0","0","0","0","0","2","2","0.0 %","0.0 %","100.0 %","100.0 %","0.0 %","0.0 %","7593"
"Homer Bailey","Reds","29","2","2","2","0","0","0","0","0","0","0","0","0","0","0","0","0","0","2","0","0","0","0","0","4","4","0.0 %","50.0 %","50.0 %","50.0 %","0.0 %","50.0 %","8362"
"Ryan Lavarnway","Orioles","27","2","3","3","0","0","0","0","0","0","0","0","0","0","0","0","0","0","3","0","0","0","0","5","7","12","66.7 %","33.3 %","0.0 %","0.0 %","33.3 %","66.7 %","8879"
"Ezequiel Carrera","Blue Jays","28","1","1","1","0","0","0","0","0","0","0","0","0","0","0","0","0","0","1","0","0","0","0","1","3","4","0.0 %","0.0 %","100.0 %","100.0 %","0.0 %","0.0 %","9048"
"Bud Norris","Orioles","30","1","1","1","0","0","0","0","0","0","0","0","0","0","0","0","0","0","1","0","0","0","0","1","1","2","0.0 %","0.0 %","100.0 %","0.0 %","100.0 %","0.0 %","9492"
"Chris Heston","Giants","27","1","1","1","0","0","0","0","0","0","0","0","0","0","0","0","0","0","1","0","0","0","0","0","2","2","0.0 %","0.0 %","100.0 %","0.0 %","100.0 %","0.0 %","10302"
"Jacob deGrom","Mets","27","1","1","1","0","0","0","0","0","0","0","0","0","0","0","0","0","0","1","0","0","0","0","0","3","3","100.0 %","0.0 %","0.0 %","0.0 %","100.0 %","0.0 %","10954"
"Delino Deshields Jr.","Rangers","22","1","1","1","0","0","0","0","0","0","0","0","0","0","0","0","0","0","1","0","0","0","0","3","2","5","100.0 %","0.0 %","0.0 %","100.0 %","0.0 %","0.0 %","11379"
"Tyler Holt","Indians","26","1","1","1","0","0","0","0","0","0","0","0","0","0","0","0","0","0","1","0","0","0","0","1","4","5","0.0 %","100.0 %","0.0 %","0.0 %","100.0 %","0.0 %","11391"
"Andrew Chafin","Diamondbacks","25","1","1","1","0","0","0","0","0","0","0","0","0","0","0","0","0","0","1","0","0","0","0","0","1","1","0.0 %","0.0 %","100.0 %","0.0 %","100.0 %","0.0 %","12988"
"Mikie Mahtook","Rays","25","1","1","1","0","0","0","0","0","0","0","0","0","0","0","0","0","0","1","0","0","0","0","1","2","3","0.0 %","100.0 %","0.0 %","100.0 %","0.0 %","0.0 %","13130"
"Blake Swihart","Red Sox","23","1","1","1","0","0","0","0","0","0","0","0","0","0","0","0","0","0","1","0","0","0","0","0","2","2","100.0 %","0.0 %","0.0 %","0.0 %","0.0 %","100.0 %","13176"
