"Name","Team","Age","G","IP","TBF","H","R","ER","HR","BB","IBB","HBP","SO","GB","FB","LD","IFFB","IFH","BU","BUH","F-Strike%","SwStr%","O-Swing% (pfx)","Z-Swing% (pfx)","Swing% (pfx)","O-Contact% (pfx)","Z-Contact% (pfx)","Contact% (pfx)","Zone% (pfx)","Balls","Strikes","Pitches","playerid"
"Jon Rauch","Nationals","26","1","3.0","13","2","0","0","0","2","0","0","3","2","2","3","1","0","1","0","53.9 %","9.4 %"," "," "," "," "," "," "," ","21","32","53","1475"
"Cal Eldred","Cardinals","37","1","3.0","12","2","0","0","0","1","0","0","2","5","1","2","0","0","1","0","50.0 %","8.2 %"," "," "," "," "," "," "," ","19","30","49","1653"
"Jorge Campillo","Mariners","26","1","1.0","4","1","0","0","0","0","0","0","0","0","2","2","1","0","0","0","50.0 %","5.9 %"," "," "," "," "," "," "," ","8","9","17","8686"
"Brian Cooper","Giants","30","1","7.0","26","4","1","1","0","2","0","0","3","6","12","2","2","1","1","1","46.2 %","5.2 %"," "," "," "," "," "," "," ","37","59","96","1295"
"Lenny DiNardo","Red Sox","25","1","6.0","25","7","4","1","1","1","0","0","6","13","4","1","0","1","0","0","52.0 %","6.6 %"," "," "," "," "," "," "," ","27","64","91","1894"
"Clay Hensley","Padres","25","1","5.0","21","4","3","1","0","2","0","0","0","10","5","4","0","0","0","0","38.1 %","2.9 %"," "," "," "," "," "," "," ","26","43","69","4593"
"Zach Duke","Pirates","22","14","84.2","341","79","20","17","3","23","2","2","58","118","66","66","8","3","8","1","60.7 %","8.6 %"," "," "," "," "," "," "," ","455","815","1270","3840"
"Roger Clemens","Astros","42","32","211.1","838","151","51","44","11","62","5","3","185","280","171","120","14","10","17","3","60.4 %","10.3 %"," "," "," "," "," "," "," ","1165","2038","3203","815"
"Hector Carrasco","Nationals","35","5","26.2","105","16","6","6","1","13","1","0","27","26","20","15","4","2","4","1","49.5 %","13.5 %"," "," "," "," "," "," "," ","169","262","431","1240"
"Rick Helling","Brewers","34","7","41.1","165","31","10","10","2","15","0","1","35","34","58","21","10","4","1","1","58.2 %","10.6 %"," "," "," "," "," "," "," ","238","413","651","58"
"Paul Maholm","Pirates","23","6","41.1","168","31","10","10","2","17","0","3","26","67","30","24","2","4","1","0","51.2 %","6.7 %"," "," "," "," "," "," "," ","240","370","610","8678"
"Jonathan Papelbon","Red Sox","24","3","16.0","71","15","5","4","2","10","1","2","15","18","16","9","4","1","1","0","53.5 %","10.9 %"," "," "," "," "," "," "," ","110","174","284","5975"
"Matt Cain","Giants","20","7","46.1","181","24","12","12","4","19","1","0","30","38","68","23","8","0","3","0","51.9 %","7.4 %"," "," "," "," "," "," "," ","263","453","716","4732"
"Andy Pettitte","Astros","33","33","222.1","875","188","66","59","17","41","0","3","171","323","173","147","18","20","17","2","62.7 %","10.8 %"," "," "," "," "," "," "," ","1088","2103","3191","840"
"Roy Halladay","Blue Jays","28","19","141.2","553","118","39","38","11","18","2","7","108","252","89","73","5","12","5","2","64.9 %","9.5 %"," "," "," "," "," "," "," ","628","1283","1911","1303"
"Jae Seo","Mets","28","14","90.1","363","84","26","26","9","16","0","1","59","102","108","62","15","9","14","1","64.7 %","8.8 %"," "," "," "," "," "," "," ","454","913","1367","895"
"Jorge Sosa","Braves","28","20","106.2","455","98","32","31","11","45","5","0","68","122","130","81","10","8","9","1","58.7 %","8.5 %"," "," "," "," "," "," "," ","631","1069","1700","1228"
"Dontrelle Willis","Marlins","23","34","236.1","960","213","79","69","11","55","3","8","170","315","223","168","30","17","21","2","61.4 %","8.3 %"," "," "," "," "," "," "," ","1239","2317","3556","1703"
"Rich Harden","Athletics","23","19","123.0","495","90","42","36","7","42","0","2","114","141","103","86","11","9","7","1","55.8 %","12.3 %"," "," "," "," "," "," "," ","669","1207","1876","1772"
"Felix Hernandez","Mariners","19","12","84.1","328","61","26","25","5","23","0","2","77","149","42","31","3","5","4","0","59.8 %","10.7 %"," "," "," "," "," "," "," ","431","787","1218","4772"
"Kameron Loe","Rangers","23","8","46.2","198","43","17","14","2","16","2","0","17","93","40","27","4","5","5","0","52.0 %","5.8 %"," "," "," "," "," "," "," ","268","460","728","4422"
"Pedro Martinez","Mets","33","31","217.0","843","159","69","68","19","47","3","4","208","215","253","99","30","6","16","4","63.2 %","11.4 %"," "," "," "," "," "," "," ","974","2070","3044","200"
"Chris Carpenter","Cardinals","30","33","241.2","953","204","82","76","18","51","0","3","213","366","175","130","9","9","14","2","63.8 %","10.8 %"," "," "," "," "," "," "," ","1160","2235","3395","1292"
"Anthony Reyes","Cardinals","23","1","6.1","22","2","2","2","1","1","0","0","5","7","8","1","0","0","0","0","59.1 %","13.2 %"," "," "," "," "," "," "," ","26","50","76","7105"
"Kevin Millwood","Indians","30","30","192.0","799","182","72","61","20","52","0","4","146","268","194","120","21","14","14","2","62.0 %","8.1 %"," "," "," "," "," "," "," ","1051","1913","2964","106"
"Robinson Tejeda","Phillies","23","13","69.0","292","55","23","22","4","35","3","5","59","69","79","42","10","1","3","1","53.4 %","10.3 %"," "," "," "," "," "," "," ","451","690","1141","2575"
"Johan Santana","Twins","26","33","231.2","910","180","77","74","22","45","1","1","238","239","262","106","34","14","19","3","69.1 %","13.9 %"," "," "," "," "," "," "," ","1004","2331","3335","755"
"Jake Peavy","Padres","24","30","203.0","812","162","70","65","18","50","3","7","216","232","187","108","21","10","12","4","61.2 %","12.3 %"," "," "," "," "," "," "," ","1085","2072","3157","1051"
"Roy Oswalt","Astros","27","35","241.2","1002","243","85","79","18","48","3","8","184","365","217","162","20","19","18","2","63.3 %","8.6 %"," "," "," "," "," "," "," ","1164","2436","3600","571"
"John Smoltz","Braves","38","33","229.2","931","210","83","78","18","53","7","1","169","330","208","151","18","16","19","3","65.7 %","10.9 %"," "," "," "," "," "," "," ","1076","2222","3298","115"
"Mark Buehrle","White Sox","26","33","236.2","971","240","99","82","20","40","4","4","149","348","249","163","24","15","18","3","62.0 %","7.1 %"," "," "," "," "," "," "," ","1137","2340","3477","225"
"John Patterson","Nationals","27","31","198.1","817","172","71","69","19","65","11","5","185","166","254","129","35","3","13","2","59.6 %","10.1 %"," "," "," "," "," "," "," ","1128","2051","3179","71"
"Jarrod Washburn","Angels","30","29","177.1","740","184","66","63","19","51","0","8","94","224","228","120","21","11","14","6","62.3 %","7.2 %"," "," "," "," "," "," "," ","970","1741","2711","40"
"Jason Grilli","Tigers","28","2","14.0","54","10","5","5","1","6","0","0","4","19","17","7","2","0","1","0","63.0 %","4.5 %"," "," "," "," "," "," "," ","64","115","179","521"
"Carlos Zambrano","Cubs","24","33","223.1","909","170","88","81","21","86","3","8","202","296","175","121","15","12","21","2","57.5 %","9.7 %"," "," "," "," "," "," "," ","1344","2218","3562","305"
"Roman Colon","- - -","25","7","33.0","140","38","14","12","6","7","0","0","18","62","28","24","1","5","1","0","67.1 %","8.8 %"," "," "," "," "," "," "," ","177","336","513","2242"
"Scott Olsen","Marlins","21","4","19.0","85","19","11","7","4","10","0","0","20","23","23","7","0","2","2","1","58.8 %","13.6 %"," "," "," "," "," "," "," ","123","215","338","4529"
"Mike Gosling","Diamondbacks","24","5","24.1","113","27","13","9","2","13","1","0","11","30","29","24","6","1","6","2","51.3 %","6.6 %"," "," "," "," "," "," "," ","183","243","426","2204"
"Ben Sheets","Brewers","26","22","156.2","633","142","66","58","19","25","1","2","141","165","189","96","15","12","15","2","61.8 %","9.9 %"," "," "," "," "," "," "," ","754","1544","2298","710"
"Josh Beckett","Marlins","25","29","178.2","729","153","75","67","14","58","2","7","166","206","171","106","23","12","15","3","60.0 %","10.3 %"," "," "," "," "," "," "," ","1015","1791","2806","510"
"Elmer Dessens","Dodgers","34","7","32.0","133","28","15","12","3","12","2","0","14","53","34","18","3","3","2","0","58.7 %","5.1 %"," "," "," "," "," "," "," ","196","294","490","317"
"Josh Johnson","Marlins","21","1","5.1","23","4","2","2","0","4","0","1","7","5","3","2","1","0","1","0","39.1 %","9.0 %"," "," "," "," "," "," "," ","47","53","100","4567"
"Scott Baker","Twins","23","9","52.2","213","47","21","20","5","14","0","0","32","58","68","39","8","5","2","0","57.3 %","9.2 %"," "," "," "," "," "," "," ","273","535","808","6176"
"Carlos Silva","Twins","26","27","188.1","749","212","83","72","25","9","2","3","71","323","205","129","12","11","9","2","71.4 %","4.5 %"," "," "," "," "," "," "," ","656","1638","2294","973"
"Shawn Chacon","- - -","27","24","149.0","637","130","58","57","14","63","3","14","79","184","187","97","26","10","13","2","52.0 %","7.0 %"," "," "," "," "," "," "," ","1004","1432","2436","424"
"A.J. Burnett","Marlins","28","32","209.0","873","184","97","80","12","79","1","7","198","336","128","111","10","22","14","3","56.4 %","10.6 %"," "," "," "," "," "," "," ","1252","2044","3296","512"
"John Lackey","Angels","26","33","209.0","892","208","85","80","13","71","3","11","199","268","196","137","19","19","10","5","65.3 %","10.6 %"," "," "," "," "," "," "," ","1270","2219","3489","1507"
"Kenny Rogers","Rangers","40","30","195.1","828","205","86","75","15","53","1","8","87","311","220","141","20","17","8","2","58.1 %","6.3 %"," "," "," "," "," "," "," ","1154","1859","3013","1277"
"Aaron Small","Yankees","33","9","59.2","251","57","23","23","3","19","0","5","29","85","68","41","13","5","4","2","63.8 %","5.8 %"," "," "," "," "," "," "," ","316","565","881","1477"
"Bartolo Colon","Angels","32","33","222.2","906","215","93","86","26","43","0","3","157","284","272","133","28","15","14","3","67.0 %","7.7 %"," "," "," "," "," "," "," ","1042","2206","3248","375"
"Jon Garland","White Sox","25","32","221.0","901","212","93","86","26","47","3","7","115","331","223","162","27","15","16","4","59.1 %","7.0 %"," "," "," "," "," "," "," ","1138","2176","3314","232"
"Mike Hampton","Braves","32","12","69.1","284","74","28","27","5","18","0","0","27","120","69","46","5","4","4","1","61.6 %","6.2 %"," "," "," "," "," "," "," ","375","641","1016","430"
"Tim Hudson","Braves","29","29","192.0","817","194","79","75","20","65","5","9","115","356","126","126","8","14","20","4","58.6 %","7.8 %"," "," "," "," "," "," "," ","1077","1813","2890","921"
"Joe Blanton","Athletics","24","33","201.1","835","178","86","79","23","67","3","5","116","286","239","115","21","13","7","2","58.9 %","6.7 %"," "," "," "," "," "," "," ","1176","1895","3071","4849"
"Tom Glavine","Mets","39","33","211.1","901","227","88","83","12","61","5","3","105","331","213","161","18","20","27","4","52.8 %","6.2 %"," "," "," "," "," "," "," ","1294","1976","3270","90"
"Brandon Webb","Diamondbacks","26","33","229.0","943","229","98","90","21","59","4","2","172","448","112","129","7","30","21","2","59.0 %","9.2 %"," "," "," "," "," "," "," ","1225","2149","3374","1692"
"Kelvim Escobar","Angels","29","7","40.2","171","34","17","16","3","17","1","2","46","51","40","14","3","3","1","0","56.7 %","12.8 %"," "," "," "," "," "," "," ","245","395","640","1298"
"Jeff Suppan","Cardinals","30","32","194.1","834","206","93","77","24","63","1","7","114","291","203","134","27","19","22","5","62.1 %","7.1 %"," "," "," "," "," "," "," ","1109","1923","3032","633"
"Seth Greisinger","Braves","29","1","5.0","21","7","2","2","1","1","0","0","2","6","6","6","1","0","0","0","52.4 %","11.6 %"," "," "," "," "," "," "," ","22","47","69","467"
"Josh Rupe","Rangers","22","1","5.0","22","6","2","2","0","1","0","1","3","11","1","4","1","1","1","0","31.8 %","10.4 %"," "," "," "," "," "," "," ","39","57","96","7206"
"Jose Contreras","White Sox","33","32","204.2","857","177","91","82","23","75","2","9","154","270","215","122","28","15","11","4","57.1 %","9.9 %"," "," "," "," "," "," "," ","1188","1981","3169","1660"
"Derek Lowe","Dodgers","32","35","222.0","934","223","113","89","28","55","1","5","146","445","148","112","15","22","23","5","65.5 %","8.4 %"," "," "," "," "," "," "," ","1148","2173","3321","199"
"Mark Mulder","Cardinals","27","32","205.0","868","212","90","83","19","70","1","9","111","400","139","122","9","21","17","2","57.3 %","7.7 %"," "," "," "," "," "," "," ","1126","1890","3016","932"
"Mark Prior","Cubs","24","27","166.2","701","143","73","68","25","59","2","4","188","161","179","96","17","12","14","2","61.2 %","10.6 %"," "," "," "," "," "," "," ","988","1839","2827","301"
"Aaron Cook","Rockies","26","13","83.1","357","101","38","34","8","16","2","2","24","193","58","62","2","9","2","0","59.7 %","5.7 %"," "," "," "," "," "," "," ","434","751","1185","1571"
"Josh Towers","Blue Jays","28","33","208.2","876","237","101","86","24","29","2","6","112","312","264","137","24","26","16","5","66.7 %","7.2 %"," "," "," "," "," "," "," ","927","2027","2954","1489"
"Brett Myers","Phillies","24","34","215.1","905","193","94","89","31","68","2","11","208","278","184","139","21","19","17","3","60.7 %","9.4 %"," "," "," "," "," "," "," ","1249","2225","3474","962"
"Gustavo Chacin","Blue Jays","24","34","203.0","872","213","93","84","20","70","3","8","121","255","246","155","28","17","16","3","58.0 %","8.2 %"," "," "," "," "," "," "," ","1216","2029","3245","2060"
"Dan Haren","Athletics","24","34","217.0","897","212","101","90","26","53","5","6","163","308","211","145","26","15","11","2","59.2 %","9.8 %"," "," "," "," "," "," "," ","1232","2141","3373","1757"
"Paul Byrd","Angels","34","31","204.1","842","216","95","85","22","28","1","7","102","257","288","135","28","13","24","11","66.5 %","7.0 %"," "," "," "," "," "," "," ","908","2010","2918","594"
"Esteban Loaiza","Nationals","33","34","217.0","912","227","93","91","18","55","3","5","173","286","226","143","23","14","24","5","62.3 %","7.8 %"," "," "," "," "," "," "," ","1135","2206","3341","1310"
"Scott Kazmir","Devil Rays","21","32","186.0","818","172","90","78","12","100","3","10","174","223","201","103","28","20","7","0","52.9 %","10.9 %"," "," "," "," "," "," "," ","1290","2007","3297","4897"
"Noah Lowry","Giants","24","33","204.2","875","193","92","86","21","76","1","7","172","245","236","119","40","11","20","3","59.8 %","9.5 %"," "," "," "," "," "," "," ","1302","2244","3546","1833"
"Cliff Lee","Indians","26","32","202.0","838","194","91","85","22","52","1","0","143","226","278","130","40","19","9","1","63.8 %","7.1 %"," "," "," "," "," "," "," ","1059","2038","3097","1636"
"Randy Johnson","Yankees","41","34","225.2","920","207","102","95","32","47","2","12","211","288","245","109","24","24","8","2","60.4 %","11.4 %"," "," "," "," "," "," "," ","1117","2309","3426","60"
"Eude Brito","Phillies","26","5","21.1","91","20","9","9","2","10","1","2","15","29","19","16","3","1","0","0","55.0 %","8.9 %"," "," "," "," "," "," "," ","142","208","350","2514"
"Aaron Harang","Reds","27","32","211.2","887","217","93","90","22","51","3","8","163","251","249","139","33","11","26","6","67.9 %","10.6 %"," "," "," "," "," "," "," ","1118","2295","3413","1451"
"Bruce Chen","Orioles","28","32","192.1","811","181","92","82","32","62","0","9","130","224","239","130","34","14","17","5","59.2 %","8.3 %"," "," "," "," "," "," "," ","1117","1927","3044","769"
"Doug Davis","Brewers","29","35","222.2","946","196","103","95","26","93","5","4","208","268","219","124","27","13","30","6","57.0 %","9.5 %"," "," "," "," "," "," "," ","1426","2300","3726","1244"
"Barry Zito","Athletics","27","35","228.1","953","185","106","98","26","89","0","13","171","272","249","144","41","16","15","3","54.9 %","9.5 %"," "," "," "," "," "," "," ","1489","2315","3804","944"
"Freddy Garcia","White Sox","28","33","228.0","943","225","102","98","26","60","2","3","146","351","221","148","23","18","14","2","59.8 %","9.5 %"," "," "," "," "," "," "," ","1262","2133","3395","1077"
"Brad Penny","Dodgers","27","29","175.1","738","185","78","76","17","41","2","3","122","260","187","111","23","12","14","0","61.0 %","6.7 %"," "," "," "," "," "," "," ","970","1814","2784","535"
"Livan Hernandez","Nationals","30","35","246.1","1065","268","116","109","25","84","14","13","147","314","270","209","26","15","28","8","56.7 %","6.4 %"," "," "," "," "," "," "," ","1560","2449","4009","1116"
"Chris Capuano","Brewers","26","35","219.0","949","212","105","97","31","91","6","12","176","245","267","138","40","31","20","3","59.8 %","10.4 %"," "," "," "," "," "," "," ","1361","2280","3641","1701"
"Erik Bedard","Orioles","26","24","141.2","606","139","66","63","10","57","1","5","125","163","150","95","21","7","11","5","63.0 %","7.4 %"," "," "," "," "," "," "," ","908","1556","2464","126"
"CC Sabathia","Indians","24","31","196.2","823","185","92","88","19","62","1","7","161","289","179","116","22","24","9","1","60.2 %","10.2 %"," "," "," "," "," "," "," ","1138","2014","3152","404"
"Chien-Ming Wang","Yankees","25","17","111.2","465","107","56","50","9","31","3","6","45","239","81","53","7","12","10","4","55.5 %","5.4 %"," "," "," "," "," "," "," ","581","943","1524","2074"
"Juan Dominguez","Rangers","25","10","58.0","255","64","30","26","9","19","0","1","36","80","69","48","7","5","2","1","60.4 %","9.7 %"," "," "," "," "," "," "," ","327","622","949","1796"
"Brad Radke","Twins","32","31","200.2","831","214","98","90","33","23","1","7","117","286","261","131","36","11","6","0","72.8 %","8.2 %"," "," "," "," "," "," "," ","853","2083","2936","748"
"Adam Eaton","Padres","27","22","126.2","558","137","66","57","13","42","6","5","100","165","141","98","14","11","7","1","55.9 %","9.3 %"," "," "," "," "," "," "," ","815","1384","2199","1029"
"Matt Morris","Cardinals","30","31","192.2","818","209","101","88","22","37","3","8","117","310","190","138","18","21","17","2","63.5 %","8.0 %"," "," "," "," "," "," "," ","950","1925","2875","1172"
"Jason Marquis","Cardinals","26","32","205.0","861","205","109","94","28","69","2","5","99","346","212","118","18","12","11","1","55.8 %","6.2 %"," "," "," "," "," "," "," ","1245","1965","3210","105"
"Kris Benson","Mets","30","28","174.1","737","171","86","80","24","49","5","4","95","254","211","112","21","19","12","2","61.7 %","7.7 %"," "," "," "," "," "," "," ","1008","1731","2739","982"
"Steve Trachsel","Mets","34","6","37.0","157","37","20","17","6","12","0","1","24","48","42","27","0","4","3","0","63.7 %","5.5 %"," "," "," "," "," "," "," ","213","348","561","898"
"Jason Vargas","Marlins","22","13","67.1","300","68","32","31","4","28","4","3","50","68","100","46","21","5","5","0","57.7 %","8.9 %"," "," "," "," "," "," "," ","425","730","1155","8044"
"Tim Corcoran","Devil Rays","27","1","4.1","18","2","2","2","1","3","0","0","2","4","7","1","0","0","1","0","72.2 %","11.1 %"," "," "," "," "," "," "," ","28","44","72","2351"
"Tim Wakefield","Red Sox","38","33","225.1","943","210","113","104","35","68","4","11","151","293","293","121","43","15","6","4","58.8 %","9.3 %"," "," "," "," "," "," "," ","1149","2244","3393","219"
"Brandon McCarthy","White Sox","21","10","58.1","240","54","27","27","11","14","0","2","39","63","78","40","8","2","4","0","58.3 %","8.0 %"," "," "," "," "," "," "," ","330","617","947","4662"
"Tomo Ohka","- - -","29","29","172.2","746","182","87","80","22","54","5","3","94","228","219","128","16","13","20","6","61.0 %","7.6 %"," "," "," "," "," "," "," ","965","1760","2725","788"
"Kyle Lohse","Twins","26","30","176.2","761","209","84","82","21","44","5","9","86","272","208","136","26","10","5","1","60.8 %","6.7 %"," "," "," "," "," "," "," ","1031","1816","2847","739"
"Jason Davis","Indians","25","4","23.2","103","28","12","11","1","7","0","1","20","38","15","21","1","2","1","1","58.3 %","9.3 %"," "," "," "," "," "," "," ","126","239","365","1598"
"Derek Thompson","Dodgers","24","3","15.0","63","14","7","7","0","9","1","0","11","23","7","11","0","0","2","1","49.2 %","9.3 %"," "," "," "," "," "," "," ","115","155","270","2126"
"Jon Lieber","Phillies","35","35","218.1","912","223","107","102","33","41","6","5","149","317","227","149","30","14","24","7","66.1 %","9.8 %"," "," "," "," "," "," "," ","1026","2101","3127","287"
"Brandon Claussen","Reds","26","29","166.2","731","178","89","78","24","57","5","7","121","185","235","112","34","14","14","2","61.6 %","8.8 %"," "," "," "," "," "," "," ","1030","1814","2844","814"
"Jeff Weaver","Dodgers","28","34","224.0","930","220","111","105","35","43","1","18","157","284","268","145","34","11","15","2","65.6 %","7.6 %"," "," "," "," "," "," "," ","1140","2234","3374","503"
"Victor Zambrano","Mets","29","27","161.1","726","165","84","76","12","74","1","15","104","262","152","107","7","21","12","2","55.5 %","8.3 %"," "," "," "," "," "," "," ","1083","1607","2690","1237"
"Greg Maddux","Cubs","39","35","225.0","936","239","112","106","29","36","4","7","136","376","194","159","18","24","28","7","62.3 %","8.3 %"," "," "," "," "," "," "," ","1034","2065","3099","104"
"Kirk Saarloos","Athletics","26","27","156.2","669","167","74","74","11","54","8","11","52","307","125","113","12","13","7","0","57.6 %","4.7 %"," "," "," "," "," "," "," ","935","1417","2352","1516"
"Chris Young","Rangers","26","31","164.2","700","162","84","78","19","45","2","7","137","164","247","90","30","6","10","4","61.7 %","9.7 %"," "," "," "," "," "," "," ","1003","1856","2859","3196"
"Jamie Moyer","Mariners","42","32","200.0","868","225","99","95","23","52","2","8","102","257","285","154","39","11","10","2","58.5 %","6.7 %"," "," "," "," "," "," "," ","1250","2013","3263","1091"
"Jerome Williams","- - -","23","20","120.0","520","118","61","57","14","46","1","8","68","170","138","75","8","11","15","2","54.6 %","8.7 %"," "," "," "," "," "," "," ","732","1158","1890","1137"
"Sun-Woo Kim","- - -","27","10","54.2","236","57","27","26","7","14","1","2","39","73","57","46","13","5","5","0","55.9 %","10.0 %"," "," "," "," "," "," "," ","313","546","859","197"
"Kyle Davies","Braves","21","14","75.2","341","82","39","36","6","38","2","1","57","84","93","60","9","4","8","1","55.7 %","7.1 %"," "," "," "," "," "," "," ","534","842","1376","3642"
"Scott Downs","Blue Jays","29","13","69.0","304","71","37","33","7","25","0","4","60","114","46","51","5","8","4","1","58.6 %","9.7 %"," "," "," "," "," "," "," ","451","721","1172","773"
"Glendon Rusch","Cubs","30","19","110.1","482","128","58","53","10","35","2","1","77","134","120","101","16","5","14","3","62.0 %","5.8 %"," "," "," "," "," "," "," ","668","1205","1873","707"
"Byung-Hyun Kim","Rockies","26","22","125.2","555","134","63","61","15","49","4","10","95","156","157","75","16","10","13","4","55.9 %","9.5 %"," "," "," "," "," "," "," ","786","1342","2128","61"
"Randy Wolf","Phillies","28","13","80.0","346","87","40","39","14","26","2","6","61","86","103","55","17","2","9","2","58.7 %","8.2 %"," "," "," "," "," "," "," ","458","837","1295","976"
"Jason Schmidt","Giants","32","29","172.0","757","160","90","84","16","85","4","5","165","187","197","104","35","11","14","1","56.9 %","11.2 %"," "," "," "," "," "," "," ","1197","1852","3049","1131"
"Mike Mussina","Yankees","36","30","179.2","766","199","93","88","23","47","0","7","142","249","207","103","11","12","9","4","63.8 %","9.1 %"," "," "," "," "," "," "," ","1075","1903","2978","837"
"Dave Williams","Pirates","26","25","138.2","600","137","74","68","20","58","5","8","88","162","180","86","16","9","18","6","57.5 %","7.3 %"," "," "," "," "," "," "," ","876","1351","2227","1013"
"Javier Vazquez","Diamondbacks","28","33","215.2","904","223","112","106","35","46","4","5","192","269","215","152","23","14","25","4","64.6 %","11.6 %"," "," "," "," "," "," "," ","1123","2199","3322","801"
"Dave Bush","Blue Jays","25","24","134.0","565","140","71","66","20","28","3","13","73","204","156","86","20","6","5","1","62.0 %","7.4 %"," "," "," "," "," "," "," ","723","1377","2100","4635"
"David Wells","Red Sox","42","30","184.0","780","220","95","91","21","21","0","9","107","305","191","137","18","21","10","4","65.4 %","6.4 %"," "," "," "," "," "," "," ","844","1931","2775","855"
"John Thomson","Braves","31","17","98.2","427","111","52","49","6","28","2","2","61","150","98","80","9","9","8","3","61.1 %","7.4 %"," "," "," "," "," "," "," ","539","1025","1564","453"
"Nate Robertson","Tigers","27","32","196.2","846","202","113","98","28","65","2","7","122","318","195","128","17","18","11","5","59.8 %","9.4 %"," "," "," "," "," "," "," ","1066","1865","2931","1620"
"Horacio Ramirez","Braves","25","32","198.2","829","208","103","99","28","65","4","2","79","317","188","152","23","7","26","5","57.1 %","5.3 %"," "," "," "," "," "," "," ","1137","1837","2974","110"
"Jake Westbrook","Indians","27","34","210.2","895","218","121","105","19","56","3","7","119","435","127","143","14","22","7","0","62.1 %","6.8 %"," "," "," "," "," "," "," ","1156","2054","3210","412"
"Brian Moehler","Marlins","33","25","138.0","608","174","71","69","14","39","8","4","83","209","138","111","20","9","24","3","62.0 %","5.9 %"," "," "," "," "," "," "," ","775","1382","2157","480"
"Brad Halsey","Diamondbacks","24","26","154.0","673","182","94","77","19","39","3","9","80","216","192","118","30","13","19","6","66.4 %","7.4 %"," "," "," "," "," "," "," ","759","1571","2330","4760"
"Jeff Harris","Mariners","30","8","44.0","191","41","24","22","7","19","1","3","18","56","62","33","3","2","0","0","63.4 %","7.8 %"," "," "," "," "," "," "," ","278","445","723","7189"
"Daniel Cabrera","Orioles","24","29","161.1","716","144","92","81","14","87","2","11","157","240","135","80","7","13","6","2","52.1 %","9.6 %"," "," "," "," "," "," "," ","1175","1691","2866","1931"
"Cory Lidle","Phillies","33","31","184.2","792","210","105","93","18","40","5","6","121","300","154","150","17","15","21","5","61.1 %","7.3 %"," "," "," "," "," "," "," ","986","1807","2793","926"
"Brett Tomko","Giants","32","30","184.2","798","200","97","93","19","56","10","5","111","246","231","137","25","10","12","2","61.7 %","8.2 %"," "," "," "," "," "," "," ","1068","1925","2993","1056"
"Jason Johnson","Tigers","31","33","210.0","888","233","117","106","23","49","4","6","93","369","219","132","27","23","20","5","59.9 %","6.2 %"," "," "," "," "," "," "," ","1070","1932","3002","147"
"Odalis Perez","Dodgers","28","19","108.2","453","109","59","55","13","28","2","0","74","149","119","67","8","9","16","3","60.3 %","9.6 %"," "," "," "," "," "," "," ","575","1065","1640","668"
"Victor Santos","Brewers","28","24","134.1","604","143","83","68","19","56","8","5","81","189","165","101","8","7","7","2","52.2 %","6.8 %"," "," "," "," "," "," "," ","912","1341","2253","446"
"Bronson Arroyo","Red Sox","28","32","201.1","861","210","115","102","22","52","3","14","98","264","300","127","43","15","6","0","61.7 %","6.4 %"," "," "," "," "," "," "," ","1138","2093","3231","978"
"Matt Clement","Red Sox","30","32","191.0","830","192","102","97","18","68","1","16","146","269","200","124","17","17","7","1","56.8 %","11.4 %"," "," "," "," "," "," "," ","1204","1977","3181","271"
"Jeremy Bonderman","Tigers","22","29","189.0","801","199","101","96","21","57","0","4","145","279","194","114","20","16","8","1","62.7 %","10.8 %"," "," "," "," "," "," "," ","987","1868","2855","1667"
"Scott Elarton","Indians","29","31","181.2","774","189","100","93","32","48","1","6","103","200","276","134","35","14","7","3","61.6 %","7.3 %"," "," "," "," "," "," "," ","986","1870","2856","426"
"Brad Hennessey","Giants","25","21","118.1","521","127","63","61","15","52","3","4","64","185","124","81","11","4","11","2","56.4 %","7.3 %"," "," "," "," "," "," "," ","764","1200","1964","3720"
"Ervin Santana","Angels","22","23","133.2","583","139","73","69","17","47","2","8","99","156","189","81","25","8","3","1","61.4 %","8.9 %"," "," "," "," "," "," "," ","815","1440","2255","3200"
"Pedro Astacio","- - -","35","22","125.2","533","131","65","65","17","36","4","1","78","170","150","88","14","6","10","2","57.0 %","6.7 %"," "," "," "," "," "," "," ","723","1241","1964","862"
"Kerry Wood","Cubs","28","10","54.0","228","48","29","28","12","21","0","2","60","50","61","32","8","6","2","1","53.5 %","13.2 %"," "," "," "," "," "," "," ","328","551","879","304"
"Jimmy Gobble","Royals","23","4","17.1","80","22","9","9","4","8","0","0","13","15","27","17","3","0","0","0","45.0 %","8.6 %"," "," "," "," "," "," "," ","110","168","278","1791"
"Vicente Padilla","Phillies","27","27","147.0","654","146","79","77","22","74","9","8","103","209","148","101","20","13","11","2","54.9 %","7.6 %"," "," "," "," "," "," "," ","991","1561","2552","964"
"Aaron Heilman","Mets","26","7","42.0","171","38","22","22","5","13","0","1","34","53","39","27","4","5","4","1","59.1 %","12.4 %"," "," "," "," "," "," "," ","226","402","628","1751"
"Mike Maroth","Tigers","27","34","209.0","889","235","123","110","30","51","1","9","115","323","248","132","33","19","10","3","61.5 %","7.4 %"," "," "," "," "," "," "," ","1201","2051","3252","1508"
"Carl Pavano","Yankees","29","17","100.0","442","129","66","53","17","18","1","8","56","177","111","66","11","8","6","2","55.7 %","8.0 %"," "," "," "," "," "," "," ","576","976","1552","790"
"Shawn Estes","Diamondbacks","32","21","123.2","535","132","70","66","15","45","0","4","63","205","111","92","3","13","15","2","55.7 %","4.8 %"," "," "," "," "," "," "," ","756","1182","1938","873"
"Brandon Backe","Astros","27","25","147.1","642","150","82","79","19","63","1","4","97","189","178","96","18","12","14","5","62.3 %","10.1 %"," "," "," "," "," "," "," ","859","1416","2275","1529"
"Brian Lawrence","Padres","29","33","195.2","852","211","106","105","18","57","7","11","109","308","215","137","13","18","14","7","62.1 %","8.4 %"," "," "," "," "," "," "," ","1042","1900","2942","1045"
"Gary Glover","Brewers","28","11","57.2","247","61","32","31","9","17","0","2","53","77","59","36","10","7","3","0","67.6 %","11.3 %"," "," "," "," "," "," "," ","370","637","1007","234"
"D.J. Carrasco","Royals","28","20","113.1","505","128","67","61","11","50","2","6","47","211","96","87","7","8","8","2","56.2 %","5.3 %"," "," "," "," "," "," "," ","732","1071","1803","1666"
"Woody Williams","Padres","38","28","159.2","697","174","92","86","24","51","1","3","106","187","221","119","26","8","10","2","60.6 %","5.6 %"," "," "," "," "," "," "," ","992","1692","2684","1190"
"Mark Redman","Pirates","31","30","178.1","751","188","100","97","18","56","3","2","101","276","171","121","15","18","24","5","57.5 %","6.9 %"," "," "," "," "," "," "," ","1052","1677","2729","491"
"Rodrigo Lopez","Orioles","29","35","209.1","918","232","126","114","28","63","1","7","118","307","258","155","18","20","10","3","62.2 %","6.7 %"," "," "," "," "," "," "," ","1213","2084","3297","150"
"Mike Wood","Royals","25","10","54.2","247","67","30","30","12","23","0","4","23","102","59","33","4","5","3","0","56.7 %","5.3 %"," "," "," "," "," "," "," ","353","528","881","1806"
"Wade Miller","Red Sox","28","16","91.0","414","96","53","50","8","47","0","3","64","130","95","72","14","6","3","1","52.4 %","7.7 %"," "," "," "," "," "," "," ","678","994","1672","568"
"Kevin Correia","Giants","24","11","52.2","240","57","30","29","12","28","2","3","40","62","62","40","9","6","5","0","51.3 %","8.2 %"," "," "," "," "," "," "," ","375","531","906","1767"
"Josh Fogg","Pirates","28","28","163.0","714","189","101","90","27","50","11","5","81","227","215","125","28","11","11","5","55.6 %","6.5 %"," "," "," "," "," "," "," ","977","1628","2605","989"
"D.J. Houlton","Dodgers","25","19","105.0","457","105","60","58","19","39","3","6","75","109","144","67","17","6","17","2","58.9 %","7.1 %"," "," "," "," "," "," "," ","651","1104","1755","3566"
"Tony Armas Jr.","Nationals","27","19","101.1","452","100","57","56","16","54","4","5","59","120","140","69","16","3","5","0","54.7 %","6.9 %"," "," "," "," "," "," "," ","723","1066","1789","761"
"Jason Jennings","Rockies","26","20","122.0","551","130","73","68","11","62","4","5","75","191","107","100","15","7","10","3","51.7 %","7.5 %"," "," "," "," "," "," "," ","829","1156","1985","434"
"Kazuhisa Ishii","Mets","31","16","89.1","392","85","57","50","13","48","3","3","53","104","118","55","12","8","11","1","56.9 %","9.2 %"," "," "," "," "," "," "," ","586","876","1462","655"
"Claudio Vargas","- - -","27","23","129.2","572","142","77","73","24","45","5","7","94","146","172","97","21","9","11","3","57.5 %","9.0 %"," "," "," "," "," "," "," ","820","1377","2197","1695"
"Casey Fossum","Devil Rays","27","25","142.0","631","148","91","80","19","52","3","17","105","175","173","103","19","9","6","1","54.0 %","8.5 %"," "," "," "," "," "," "," ","923","1536","2459","188"
"Kip Wells","Pirates","28","33","182.0","828","186","116","103","23","99","8","12","132","255","192","124","15","18","14","1","56.2 %","8.9 %"," "," "," "," "," "," "," ","1258","1848","3106","1012"
"Ryan Franklin","Mariners","32","30","186.2","817","209","109","107","28","61","4","7","93","266","274","109","32","9","7","2","65.0 %","5.8 %"," "," "," "," "," "," "," ","1038","1851","2889","1076"
"Sergio Mitre","Cubs","24","7","43.1","186","42","26","25","4","14","0","1","19","106","31","14","2","6","1","1","55.4 %","6.3 %"," "," "," "," "," "," "," ","261","419","680","1773"
"Gil Meche","Mariners","26","26","139.2","624","150","92","81","18","72","1","2","80","182","187","96","18","10","4","1","53.5 %","5.7 %"," "," "," "," "," "," "," ","1030","1505","2535","1089"
"Pete Walker","Blue Jays","36","4","20.2","91","22","12","12","4","6","0","1","7","34","30","12","1","3","1","0","55.0 %","6.9 %"," "," "," "," "," "," "," ","123","182","305","1325"
"Orlando Hernandez","White Sox","35","22","125.1","557","137","77","73","18","48","1","12","87","159","155","89","21","7","7","2","58.5 %","9.3 %"," "," "," "," "," "," "," ","830","1368","2198","823"
"Matt Belisle","Reds","25","5","24.0","105","29","15","14","6","6","1","3","17","41","22","14","1","3","1","0","61.0 %","7.1 %"," "," "," "," "," "," "," ","132","234","366","1837"
"Ryan Dempster","Cubs","28","6","33.2","156","37","21","20","3","22","4","1","36","48","26","22","3","2","1","0","56.4 %","14.2 %"," "," "," "," "," "," "," ","246","346","592","517"
"Ramon Ortiz","Reds","32","30","171.1","755","206","110","102","34","51","1","7","96","254","218","111","24","10","18","5","61.6 %","9.6 %"," "," "," "," "," "," "," ","932","1705","2637","27"
"Scott Proctor","Yankees","28","1","5.0","18","3","3","3","2","0","0","0","3","5","8","2","2","0","0","0","72.2 %","9.2 %"," "," "," "," "," "," "," ","26","50","76","1911"
"Tim Stauffer","Padres","23","14","80.0","351","91","50","48","10","29","0","2","47","111","97","61","17","9","4","1","54.1 %","7.7 %"," "," "," "," "," "," "," ","500","828","1328","6432"
"Randy Keisler","Reds","29","4","18.1","93","25","16","11","4","13","1","0","15","23","25","16","6","3","1","0","55.9 %","9.7 %"," "," "," "," "," "," "," ","138","202","340","830"
"Wandy Rodriguez","Astros","26","22","126.1","548","130","79","76","19","53","2","8","80","185","125","91","15","11","6","0","55.3 %","7.4 %"," "," "," "," "," "," "," ","788","1237","2025","2586"
"Zach Day","- - -","27","8","36.1","166","44","25","22","5","19","2","0","16","66","40","24","4","4","1","0","50.0 %","5.7 %"," "," "," "," "," "," "," ","268","364","632","1496"
"Dustin Nippert","Diamondbacks","24","3","14.2","68","10","9","9","1","13","0","1","11","20","17","4","3","1","2","0","45.6 %","7.1 %"," "," "," "," "," "," "," ","112","154","266","4426"
"Runelvys Hernandez","Royals","27","29","159.2","706","172","101","98","18","70","0","7","88","192","229","110","21","9","10","5","60.2 %","7.9 %"," "," "," "," "," "," "," ","990","1560","2550","1528"
"Ted Lilly","Blue Jays","29","25","126.1","566","135","79","78","23","58","1","3","96","148","166","89","20","9","6","1","59.9 %","10.0 %"," "," "," "," "," "," "," ","764","1375","2139","833"
"Jamey Wright","Rockies","30","27","161.0","738","193","115","100","22","74","4","15","94","284","147","111","11","18","13","6","56.2 %","7.2 %"," "," "," "," "," "," "," ","1020","1553","2573","715"
"Joe Mays","Twins","29","26","146.1","647","190","102","91","21","39","1","3","57","256","161","119","16","13","12","4","62.0 %","4.9 %"," "," "," "," "," "," "," ","818","1427","2245","740"
"Joel Pineiro","Mariners","26","30","189.0","822","224","118","118","23","56","4","6","107","291","211","142","15","11","8","1","58.4 %","7.1 %"," "," "," "," "," "," "," ","1081","1844","2925","1094"
"Seth McClung","Devil Rays","24","17","90.2","401","84","61","57","19","43","0","5","77","102","114","60","16","6","0","0","51.6 %","7.5 %"," "," "," "," "," "," "," ","639","957","1596","1657"
"Aaron Sele","Mariners","35","21","116.0","523","147","76","73","18","41","2","5","53","167","164","85","12","8","8","4","59.1 %","4.6 %"," "," "," "," "," "," "," ","767","1183","1950","34"
"Jeff Francis","Rockies","24","33","183.2","828","228","119","116","26","70","5","8","128","228","232","144","31","9","16","3","58.2 %","8.4 %"," "," "," "," "," "," "," ","1179","1971","3150","4684"
"Kirk Rueter","Giants","34","18","99.0","452","122","69","63","12","44","2","1","25","163","136","70","20","6","13","2","54.2 %","3.3 %"," "," "," "," "," "," "," ","759","981","1740","1128"
"Ricardo Rodriguez","Rangers","27","10","53.0","238","63","38","34","11","17","0","1","22","98","59","38","6","6","3","0","59.7 %","5.0 %"," "," "," "," "," "," "," ","320","523","843","1585"
"Ryan Drese","- - -","29","23","129.1","583","162","90","83","8","46","2","8","46","260","123","93","7","16","7","2","60.4 %","4.7 %"," "," "," "," "," "," "," ","799","1241","2040","379"
"Chan Ho Park","- - -","32","29","152.2","703","178","102","98","11","78","1","10","112","238","143","107","12","11","15","2","54.2 %","6.6 %"," "," "," "," "," "," "," ","1145","1674","2819","1267"
"Zack Greinke","Royals","21","33","183.0","829","233","125","118","23","53","0","13","114","251","239","150","27","11","8","0","67.3 %","7.2 %"," "," "," "," "," "," "," ","1119","1972","3091","1943"
"Denny Bautista","Royals","24","7","35.2","160","36","23","23","2","17","0","2","23","73","26","15","0","5","4","1","51.9 %","7.9 %"," "," "," "," "," "," "," ","255","376","631","1947"
"Francisco Liriano","Twins","21","4","21.2","86","18","14","14","3","7","0","0","28","24","14","13","3","2","0","0","54.7 %","18.4 %"," "," "," "," "," "," "," ","119","213","332","3201"
"Ezequiel Astacio","Astros","25","14","71.0","323","89","51","46","20","23","1","0","59","84","114","40","6","8","3","0","59.8 %","11.0 %"," "," "," "," "," "," "," ","443","790","1233","2169"
"Oliver Perez","Pirates","23","20","103.0","471","102","68","67","23","70","1","6","97","93","144","53","22","5","8","1","55.0 %","10.2 %"," "," "," "," "," "," "," ","742","1129","1871","1514"
"Sean Douglass","Tigers","26","16","83.0","359","91","57","54","13","32","2","2","50","116","101","56","5","2","2","1","57.1 %","8.7 %"," "," "," "," "," "," "," ","530","866","1396","133"
"Dave Gassner","Twins","26","2","7.2","34","9","7","5","1","1","0","0","2","12","12","7","0","0","0","0","70.6 %","5.6 %"," "," "," "," "," "," "," ","43","83","126","3546"
"Curt Schilling","Red Sox","38","11","69.0","315","96","45","45","7","16","0","3","60","85","96","51","15","5","4","1","67.6 %","10.0 %"," "," "," "," "," "," "," ","353","797","1150","73"
"Mark Hendrickson","Devil Rays","31","31","178.1","796","227","126","117","24","49","1","2","89","290","202","148","21","24","16","5","56.3 %","6.7 %"," "," "," "," "," "," "," ","1076","1750","2826","1574"
"Joaquin Benoit","Rangers","27","9","45.1","208","49","33","30","8","21","0","2","36","46","67","33","12","1","3","1","65.4 %","10.9 %"," "," "," "," "," "," "," ","306","550","856","1437"
"Jesse Foppert","Giants","24","2","9.0","46","9","7","6","2","11","0","1","5","8","14","5","1","0","2","0","47.8 %","4.5 %"," "," "," "," "," "," "," ","89","89","178","1688"
"Doug Waechter","Devil Rays","24","25","144.0","643","182","107","96","29","36","4","2","79","197","214","111","17","11","3","1","64.4 %","8.1 %"," "," "," "," "," "," "," ","729","1454","2183","1814"
"Ian Snell","Pirates","23","5","24.0","113","30","17","16","3","12","0","1","20","26","33","17","5","1","4","2","58.4 %","7.0 %"," "," "," "," "," "," "," ","161","239","400","2227"
"Wes Obermueller","Brewers","28","8","35.2","164","37","25","24","4","21","0","2","21","55","39","24","5","3","2","0","57.3 %","6.9 %"," "," "," "," "," "," "," ","275","362","637","1637"
"Jaret Wright","Yankees","29","13","63.2","302","81","51","43","8","32","1","6","34","103","72","53","10","10","2","1","55.0 %","5.6 %"," "," "," "," "," "," "," ","465","655","1120","415"
"Ismael Valdez","Marlins","31","7","32.1","149","46","22","22","5","9","2","1","18","43","40","33","4","1","5","1","67.1 %","5.3 %"," "," "," "," "," "," "," ","178","336","514","1283"
"J.P. Howell","Royals","22","15","72.2","328","73","55","50","9","39","0","6","54","123","54","48","3","9","4","0","54.6 %","8.1 %"," "," "," "," "," "," "," ","538","749","1287","8245"
"Al Leiter","- - -","39","26","126.0","595","133","91","87","12","92","2","12","86","168","153","69","30","11","15","3","48.7 %","5.2 %"," "," "," "," "," "," "," ","1143","1401","2544","883"
"Sidney Ponson","Orioles","28","23","130.1","595","177","97","90","16","48","1","3","68","247","128","95","5","16","6","2","56.5 %","7.2 %"," "," "," "," "," "," "," ","789","1281","2070","161"
"Bobby Madritsch","Mariners","29","1","4.1","18","4","3","3","1","1","0","0","1","8","6","1","0","0","1","1","77.8 %","7.8 %"," "," "," "," "," "," "," ","17","47","64","2085"
"R.A. Dickey","Rangers","30","4","23.0","105","20","17","16","2","17","0","2","11","40","21","14","3","1","0","0","45.7 %","5.3 %"," "," "," "," "," "," "," ","187","227","414","1245"
"Hayden Penn","Orioles","20","8","38.1","178","46","30","27","6","21","3","0","18","59","43","34","8","4","3","1","47.2 %","5.8 %"," "," "," "," "," "," "," ","290","381","671","4893"
"Edwin Jackson","Dodgers","21","6","26.2","125","28","21","19","2","17","0","1","12","30","46","18","7","1","1","1","53.6 %","5.9 %"," "," "," "," "," "," "," ","220","306","526","1841"
"Joe Kennedy","- - -","26","24","134.2","626","176","108","96","20","55","4","7","84","220","148","104","11","12","7","2","56.2 %","7.4 %"," "," "," "," "," "," "," ","835","1434","2269","1217"
"Jeff Fassero","Giants","42","6","28.0","120","34","20","20","4","7","0","0","13","45","29","22","3","3","4","0","56.7 %","7.5 %"," "," "," "," "," "," "," ","162","292","454","279"
"Dewon Brazelton","Devil Rays","25","8","42.0","198","46","34","30","9","29","1","2","25","46","69","26","5","4","1","1","52.0 %","7.1 %"," "," "," "," "," "," "," ","309","406","715","1195"
"Eric Milton","Reds","29","34","186.1","855","237","141","134","40","52","2","7","123","213","306","139","33","17","15","3","66.6 %","8.4 %"," "," "," "," "," "," "," ","1083","2081","3164","743"
"Kevin Brown","Yankees","40","13","73.1","346","107","57","53","5","19","1","7","50","135","78","53","6","10","4","1","56.4 %","9.6 %"," "," "," "," "," "," "," ","446","786","1232","642"
"Chris Bootcheck","Angels","26","2","9.2","43","15","7","7","1","0","0","0","4","16","13","10","2","1","0","0","58.1 %","6.5 %"," "," "," "," "," "," "," ","48","107","155","1842"
"Ryan Glynn","Athletics","30","3","15.0","69","18","12","11","4","7","0","0","11","20","22","9","1","1","0","0","56.5 %","7.6 %"," "," "," "," "," "," "," ","117","171","288","686"
"Seth Etherton","Athletics","28","3","17.2","74","16","13","13","4","5","0","0","10","12","31","16","7","0","0","0","51.4 %","5.6 %"," "," "," "," "," "," "," ","109","193","302","322"
"Mike Esposito","Rockies","23","3","14.2","73","21","11","11","3","9","1","0","5","29","17","12","1","1","1","0","46.6 %","6.1 %"," "," "," "," "," "," "," ","101","130","231","4986"
"Brian Anderson","Royals","33","6","30.2","133","39","24","23","7","4","1","0","17","49","42","19","4","6","2","2","60.9 %","4.6 %"," "," "," "," "," "," "," ","173","304","477","44"
"Gavin Floyd","Phillies","22","4","21.1","94","19","16","16","3","9","0","3","15","26","28","11","2","0","2","0","52.1 %","6.7 %"," "," "," "," "," "," "," ","141","202","343","3886"
"John Wasdin","Rangers","32","6","26.1","124","34","21","20","4","11","0","1","16","33","33","30","2","3","0","0","65.3 %","8.0 %"," "," "," "," "," "," "," ","157","282","439","1768"
"Russ Ortiz","Diamondbacks","31","22","115.0","551","147","92","88","18","65","3","4","46","156","158","113","21","8","9","1","52.5 %","5.6 %"," "," "," "," "," "," "," ","881","1196","2077","1124"
"Jose Lima","Royals","32","32","168.2","780","219","140","131","31","61","1","9","80","224","250","144","22","14","12","4","62.1 %","6.5 %"," "," "," "," "," "," "," ","1082","1786","2868","475"
"Wil Ledezma","Tigers","24","10","49.2","234","61","46","39","10","24","0","2","30","74","69","31","8","9","4","1","59.4 %","6.7 %"," "," "," "," "," "," "," ","361","577","938","1669"
"John Halama","- - -","33","4","14.0","65","16","11","11","2","5","0","1","10","24","15","10","2","2","0","0","61.5 %","8.4 %"," "," "," "," "," "," "," ","104","158","262","1080"
"John Maine","Orioles","24","8","33.0","156","33","28","26","8","23","0","1","21","48","38","24","8","1","1","1","59.0 %","6.8 %"," "," "," "," "," "," "," ","268","366","634","4773"
"Justin Verlander","Tigers","22","2","11.1","54","15","9","9","1","5","0","1","7","19","13","9","1","1","0","0","64.8 %","5.5 %"," "," "," "," "," "," "," ","67","115","182","8700"
"Luke Hudson","Reds","28","16","75.0","341","78","60","60","14","47","1","9","47","85","96","49","16","3","8","3","56.6 %","7.9 %"," "," "," "," "," "," "," ","561","747","1308","1542"
"Eric DuBose","Orioles","29","3","10.0","52","15","9","8","2","8","0","1","4","16","15","8","2","0","0","0","53.9 %","7.2 %"," "," "," "," "," "," "," ","85","124","209","1633"
"Scott Erickson","Dodgers","37","8","38.2","178","48","31","31","10","17","0","2","8","82","44","21","4","2","4","2","54.5 %","4.9 %"," "," "," "," "," "," "," ","254","353","607","137"
"Hideo Nomo","Devil Rays","36","19","100.2","472","127","82","81","16","51","2","2","59","107","173","67","15","9","13","5","58.1 %","7.1 %"," "," "," "," "," "," "," ","675","1064","1739","666"
"Ryan Jensen","Royals","29","3","13.1","61","15","11","11","0","5","0","1","8","12","26","8","3","1","1","1","68.9 %","6.8 %"," "," "," "," "," "," "," ","84","136","220","1117"
"John Koronka","Cubs","24","3","15.1","75","19","13","13","2","8","0","0","10","22","21","12","3","2","2","1","62.7 %","7.4 %"," "," "," "," "," "," "," ","109","175","284","2130"
"Geremi Gonzalez","Red Sox","30","3","14.0","65","19","13","12","2","5","0","0","14","19","18","8","3","1","1","0","52.3 %","9.4 %"," "," "," "," "," "," "," ","102","175","277","1711"
"Joe Saunders","Angels","24","2","9.1","41","10","8","8","3","4","0","0","4","14","11","8","0","1","0","0","56.1 %","4.6 %"," "," "," "," "," "," "," ","59","93","152","4366"
"Darrell May","- - -","33","9","40.2","187","56","35","35","10","13","0","0","24","59","65","24","8","5","2","1","54.0 %","5.7 %"," "," "," "," "," "," "," ","297","470","767","613"
"Paul Wilson","Reds","32","9","46.1","224","68","41","40","10","17","1","4","30","65","67","32","6","4","9","2","64.3 %","6.4 %"," "," "," "," "," "," "," ","263","498","761","1234"
"Dustin McGowan","Blue Jays","23","7","34.1","165","44","33","31","7","16","0","5","23","48","46","25","3","5","2","2","55.8 %","7.1 %"," "," "," "," "," "," "," ","264","360","624","8600"
"Dennys Reyes","Padres","28","1","4.1","22","6","4","4","1","3","1","0","2","10","2","4","1","2","1","0","59.1 %","7.0 %"," "," "," "," "," "," "," ","28","43","71","444"
"Julio Mateo","Mariners","27","1","5.0","24","8","5","5","1","1","0","0","1","7","10","3","1","1","2","0","75.0 %","4.2 %"," "," "," "," "," "," "," ","18","54","72","1087"
"Matt White","Nationals","27","1","4.0","20","4","4","4","0","3","0","1","3","1","5","7","1","0","0","0","55.0 %","7.6 %"," "," "," "," "," "," "," ","26","40","66","1720"
"Jason Bergmann","Nationals","23","1","2.0","11","1","2","2","0","3","1","1","3","0","3","1","0","0","0","0","54.6 %","10.2 %"," "," "," "," "," "," "," ","24","25","49","4640"
"Jose Acevedo","Rockies","27","5","23.1","109","33","24","24","3","7","1","1","11","30","43","16","6","4","1","0","52.3 %","7.9 %"," "," "," "," "," "," "," ","135","247","382","307"
"Elizardo Ramirez","Reds","22","4","19.1","95","30","20","20","5","7","2","2","8","32","22","20","0","0","4","1","65.3 %","7.4 %"," "," "," "," "," "," "," ","110","200","310","1946"
"Tanyon Sturtze","Yankees","34","1","3.2","18","3","4","4","1","3","0","1","1","5","7","1","1","0","0","0","66.7 %","4.9 %"," "," "," "," "," "," "," ","38","44","82","1230"
"Kevin Gregg","Angels","27","2","7.1","39","7","8","8","3","9","0","1","7","8","10","3","0","0","1","0","59.0 %","8.5 %"," "," "," "," "," "," "," ","73","92","165","1793"
"Rich Hill","Cubs","25","4","15.1","79","21","17","17","3","10","0","1","12","21","20","15","3","2","0","0","59.5 %","6.5 %"," "," "," "," "," "," "," ","123","200","323","4806"
"Darrell Rasner","Nationals","24","1","2.2","14","4","3","3","0","2","1","0","1","2","2","6","0","0","1","0","57.1 %","3.6 %"," "," "," "," "," "," "," ","26","29","55","4770"
"Frank Castillo","Marlins","36","1","4.1","22","4","5","5","0","5","0","0","4","5","8","0","1","0","0","0","59.1 %","6.5 %"," "," "," "," "," "," "," ","42","51","93","180"
"Matt Ginter","Tigers","27","1","4.1","22","10","5","5","0","1","0","0","1","2","11","7","0","0","0","0","50.0 %","2.9 %"," "," "," "," "," "," "," ","25","43","68","233"
"Tom Gorzelanny","Pirates","22","1","4.1","22","7","5","5","1","2","0","0","2","6","5","5","1","0","2","1","50.0 %","7.3 %"," "," "," "," "," "," "," ","36","46","82","6244"
"Tim Redding","- - -","27","7","25.1","131","39","35","30","7","15","0","1","15","36","44","13","4","3","7","3","50.4 %","6.5 %"," "," "," "," "," "," "," ","209","287","496","573"
"Rob Bell","Devil Rays","28","3","13.1","69","23","17","16","2","4","0","1","9","25","16","14","2","3","0","0","58.0 %","6.3 %"," "," "," "," "," "," "," ","87","151","238","1492"
"Sean Henn","Yankees","24","3","11.1","61","18","16","14","3","11","0","0","3","20","18","8","1","1","1","1","54.1 %","6.3 %"," "," "," "," "," "," "," ","115","141","256","2147"
"Edinson Volquez","Rangers","21","3","10.2","56","16","16","14","2","7","0","1","9","18","13","8","1","2","0","0","41.1 %","6.8 %"," "," "," "," "," "," "," ","95","127","222","3990"
"Jon Leicester","Cubs","26","1","3.0","15","5","4","4","2","1","0","0","3","5","5","1","0","0","0","0","33.3 %","10.2 %"," "," "," "," "," "," "," ","22","37","59","2092"
"C.J. Wilson","Rangers","24","6","21.2","114","45","31","29","4","8","0","2","11","50","22","19","4","3","1","0","54.4 %","4.1 %"," "," "," "," "," "," "," ","166","250","416","3580"
"Chad Gaudin","Blue Jays","22","3","10.1","59","24","14","14","4","4","0","1","11","15","14","14","1","1","0","0","64.4 %","11.9 %"," "," "," "," "," "," "," ","83","144","227","1783"
"Wilson Alvarez","Dodgers","35","2","8.0","41","16","11","11","5","1","0","0","5","12","19","3","1","0","1","0","56.1 %","4.6 %"," "," "," "," "," "," "," ","46","86","132","1193"
"Brandon Duckworth","Astros","29","2","9.0","46","12","13","13","2","6","0","2","3","13","14","6","3","1","2","1","63.0 %","4.3 %"," "," "," "," "," "," "," ","69","95","164","954"
"Kyle Snyder","Royals","27","3","12.1","67","28","20","20","3","3","0","0","3","23","22","16","2","3","0","0","59.7 %","5.7 %"," "," "," "," "," "," "," ","82","148","230","1689"
"John Webb","Devil Rays","26","1","4.0","23","6","8","8","1","4","0","1","2","5","8","3","0","0","0","0","60.9 %","7.1 %"," "," "," "," "," "," "," ","37","47","84","7230"
"Matt Kinney","Giants","28","1","2.1","16","8","6","6","2","1","0","0","0","7","5","3","1","0","0","0","56.3 %","3.8 %"," "," "," "," "," "," "," ","21","32","53","737"
